1.0,0.0,0.0,0.0,0.0,0.0,0.0,0.0,0.0,0.6457884311676025,0.35421156883239746,0.0,0.0,0.0,0.0,0.0,0.0,0.0,0.7697140574455261,0.05703641101717949,0.1732495129108429,0.0,0.0,0.0,0.0,0.0,0.0,0.6749879121780396,0.042208727449178696,0.14145581424236298,0.14134760200977325,0.0,0.0,0.0,0.0,0.0,0.707223117351532,0.007154684979468584,0.0373842790722847,0.024757005274295807,0.22348101437091827,0.0,0.0,0.0,0.0,0.523331344127655,0.006427760701626539,0.017852231860160828,0.015971140936017036,0.19227765500545502,0.24413996934890747,0.0,0.0,0.0,0.5606200098991394,0.0020190307404845953,0.007479222025722265,0.00826144777238369,0.0777226909995079,0.0434458926320076,0.3004516661167145,0.0,0.0,0.5252060294151306,0.003333050524815917,0.005116553977131844,0.003218677593395114,0.03563646972179413,0.05225951969623566,0.1170823723077774,0.258147269487381,0.0,0.5275471806526184,0.007733787409961224,0.006618469953536987,0.015058533288538456,0.021115252748131752,0.016018981114029884,0.03739401698112488,0.11948424577713013,0.24902957677841187
0.5075380802154541,0.07265383750200272,0.0018389769829809666,0.004912026692181826,0.0038641702849417925,0.005313285160809755,0.0029246138874441385,0.025061054155230522,0.02529422752559185,0.3505996763706207
0.31789472699165344,0.01841389574110508,0.0018206719541922212,0.005193568300455809,0.004014838486909866,0.0036823225673288107,0.003713711630553007,0.013031146489083767,0.02813403122127056,0.29933738708496094,0.30476370453834534
0.3694700300693512,0.013245564885437489,0.008954685181379318,0.010871199890971184,0.024642471224069595,0.023192722350358963,0.027417078614234924,0.054162975400686264,0.12302117049694061,0.05396541208028793,0.10175707936286926,0.18929970264434814
0.16710422933101654,0.00322647113353014,0.003470732131972909,0.015013698488473892,0.01698196679353714,0.008047309704124928,0.01710645668208599,0.04356822744011879,0.09377620369195938,0.02258455567061901,0.04184640198945999,0.40200868248939514,0.1652650535106659
0.43982812762260437,0.001997994026169181,0.0014080962864682078,0.0017486386932432652,0.00807546079158783,0.007769293151795864,0.012478498741984367,0.09119730442762375,0.04130060598254204,0.0036441616248339415,0.004973981529474258,0.08828738331794739,0.07915066927671432,0.2181396335363388
0.41681331396102905,0.006856146268546581,0.002760146977379918,0.0031666886061429977,0.008309691213071346,0.007816688157618046,0.0077149816788733006,0.04515889286994934,0.051023248583078384,0.006701000966131687,0.015541949309408665,0.08577313274145126,0.07847890257835388,0.0629577785730362,0.20092745125293732
0.3775559663772583,0.001935784355737269,0.0029373299330472946,0.003902990836650133,0.01248374953866005,0.004243241157382727,0.0184100903570652,0.05220504105091095,0.09473732113838196,0.002667106920853257,0.0026188199408352375,0.013482877984642982,0.07173240929841995,0.030780671164393425,0.05460734665393829,0.2556992769241333
0.6218824982643127,0.0023087067529559135,0.0009945735801011324,0.0008473234483972192,0.0052144937217235565,0.0020261032041162252,0.004211625084280968,0.02304556407034397,0.01982322335243225,0.002054185839369893,0.0011749210534617305,0.004742651246488094,0.007368012797087431,0.006621628068387508,0.016301145777106285,0.0730377733707428,0.20834533870220184
0.46541163325309753,0.004213215317577124,0.00234285369515419,0.0019583378452807665,0.011037676595151424,0.006998983211815357,0.007641212549060583,0.03576076030731201,0.02502679079771042,0.002301027299836278,0.005897318944334984,0.019623981788754463,0.02172674983739853,0.022852621972560883,0.08298734575510025,0.06319031864404678,0.06340347230434418,0.1576256901025772
0.6299001574516296,0.001958942273631692,0.000347405526554212,0.0004510229337029159,0.0013971939915791154,0.0007884334772825241,0.0019149124855175614,0.011755809187889099,0.014320923015475273,0.002071802970021963,0.002120503457263112,0.004114468581974506,0.004848652984946966,0.003787452355027199,0.009348688647150993,0.021738991141319275,0.03219469264149666,0.08800950646400452,0.16893042623996735
0.5491699576377869,0.0018055002437904477,0.00040810901555232704,0.00016378947475459427,0.0012442681472748518,0.0011640305165201426,0.0013735828688368201,0.011192653328180313,0.00792773999273777,0.0008367618429474533,0.0009901749435812235,0.0022430738899856806,0.0035667363554239273,0.004216213244944811,0.009316392242908478,0.014432772062718868,0.04803268238902092,0.1950116902589798,0.07045654207468033,0.07644717395305634
0.3028784394264221,0.0016506111714988947,0.0005062122945673764,0.0005157542764209211,0.0017873176839202642,0.003302942030131817,0.0022464031353592873,0.07322225719690323,0.008952639997005463,0.0009160595946013927,0.00544730294495821,0.013116337358951569,0.014925376512110233,0.023505687713623047,0.05734214559197426,0.04319998249411583,0.0703536793589592,0.2580830752849579,0.013115833513438702,0.059342216700315475,0.045589618384838104
0.26482754945755005,0.010589036159217358,0.0016187169821932912,0.023785850033164024,0.003151942742988467,0.0025594658218324184,0.007020069286227226,0.04080023989081383,0.03380346670746803,0.007511812727898359,0.022470926865935326,0.025555135682225227,0.16265417635440826,0.030822766944766045,0.02092418447136879,0.084929458796978,0.028308585286140442,0.04765527695417404,0.009956798516213894,0.005475248675793409,0.02606341429054737,0.1395157426595688
0.7355449199676514,0.0003646505356300622,0.0006549977697432041,0.0003715974744409323,0.0025578937493264675,0.00036074453964829445,0.0017162890871986747,0.007302441634237766,0.007228114176541567,0.00031673756893724203,0.00016683123249094933,0.0007120892987586558,0.0017215568805113435,0.0010866299271583557,0.0009197538020089269,0.006428943015635014,0.01645803265273571,0.01343610044568777,0.005139908753335476,0.0045610410161316395,0.006877256091684103,0.039504531770944595,0.14656881988048553
0.361624151468277,0.0013912837021052837,0.0008895172504708171,0.0010030244011431932,0.0046998728066682816,0.002917259931564331,0.004777437075972557,0.0441095307469368,0.009433997794985771,0.0012056810082867742,0.002943666884675622,0.009797066450119019,0.007675829343497753,0.009136321023106575,0.021442171186208725,0.012465991079807281,0.017125964164733887,0.09381537139415741,0.009808387607336044,0.027481257915496826,0.06644832342863083,0.02813834883272648,0.06938408315181732,0.19228550791740417
0.6841080784797668,0.00015000889834482223,4.4999789679422975e-05,0.00010012502752942964,0.0005128085613250732,0.00023871863959357142,0.0007422261987812817,0.0030521152075380087,0.002351552015170455,0.00010733501403592527,3.064595512114465e-05,0.00012943369802087545,0.0005436066421680152,0.001061720191501081,0.0013144052354618907,0.0031591455917805433,0.004153256304562092,0.01403384655714035,0.030144907534122467,0.011323438957333565,0.004485473968088627,0.028405148535966873,0.030643701553344727,0.04869503900408745,0.13046827912330627
0.4793212115764618,0.000354702613549307,0.00011216630082344636,0.0002456325164530426,0.002188147511333227,0.0025928011164069176,0.0034873851109296083,0.016040246933698654,0.005451207514852285,0.0005960945854894817,0.00024703392409719527,0.000947481079492718,0.001409409916959703,0.003053765743970871,0.004670972004532814,0.004769712220877409,0.012483430095016956,0.05269656702876091,0.008789579384028912,0.021266818046569824,0.012295560911297798,0.011033469811081886,0.049223288893699646,0.1968764066696167,0.038101837038993835,0.07174511253833771
0.4333260953426361,0.002190106315538287,0.0011007433058694005,0.0025107921101152897,0.00459687877446413,0.002992672612890601,0.005800537299364805,0.020282680168747902,0.09960411489009857,0.003283316269516945,0.0026198120322078466,0.01538680400699377,0.021360304206609726,0.004212540108710527,0.014372561126947403,0.01749511994421482,0.01911831833422184,0.042410895228385925,0.01202832069247961,0.005261177197098732,0.010212799534201622,0.0336591973900795,0.011791977100074291,0.015399492345750332,0.0017134121153503656,0.0040485491044819355,0.19322074949741364
0.3630945384502411,0.05738895386457443,0.0005038354429416358,0.001153996679931879,0.0006153838476166129,0.0012731056194752455,0.0004506003169808537,0.00881455559283495,0.008131269365549088,0.15624341368675232,0.004725546110421419,0.011872895061969757,0.000870998075697571,0.0006805331795476377,0.005234153941273689,0.00031922193011268973,0.002295346697792411,0.0029848061967641115,0.000803679577074945,0.002279110485687852,0.002521465765312314,0.0012520597083494067,0.00109939428512007,0.0014749254332855344,0.000702967750839889,0.002417522482573986,0.019729850813746452,0.34106582403182983
0.34920984506607056,0.015979794785380363,0.0009148595272563398,0.0011746983509510756,0.0010787381324917078,0.000633806164842099,0.0003500216989777982,0.0031111910939216614,0.007547519635409117,0.033908456563949585,0.00413200119510293,0.006232570391148329,0.0009208142873831093,0.0001830256514949724,0.0023163799196481705,0.000402668520109728,0.0021860110573470592,0.0023392399307340384,0.0004997784271836281,0.0009042285964824259,0.0014493669150397182,0.0010734612587839365,0.0009676914196461439,0.000764027121476829,0.0002202988980570808,0.000833566824439913,0.011629439890384674,0.13648684322834015,0.4125497043132782
0.2586863040924072,0.009041965007781982,0.0012537656584754586,0.0022763933520764112,0.003304651938378811,0.0015927519416436553,0.0016857485752552748,0.0066361152566969395,0.018446512520313263,0.03068532794713974,0.008833581581711769,0.009647669270634651,0.0026213161181658506,0.0003383902076166123,0.003171512857079506,0.0009102165349759161,0.004628115799278021,0.006060380954295397,0.0007666494930163026,0.0010035670129582286,0.0033279131166636944,0.001974112819880247,0.0031569572165608406,0.00178440916351974,0.00028973817825317383,0.0009500847081653774,0.03167903050780296,0.10220816731452942,0.3608022630214691,0.12223637849092484
0.46880707144737244,0.002978935604915023,0.002972593065351248,0.0024217073805630207,0.013710045255720615,0.0036416281946003437,0.007456311956048012,0.009503361769020557,0.03376646339893341,0.003867942141368985,0.001987361116334796,0.008133947849273682,0.01203277800232172,0.002390512265264988,0.005598575808107853,0.005384292919188738,0.007941382005810738,0.014760996215045452,0.005711350589990616,0.0029762352351099253,0.0035535264760255814,0.005906263366341591,0.006182271521538496,0.00629736203700304,0.001528912573121488,0.0019496934255585074,0.029972843825817108,0.006576295010745525,0.027365921065211296,0.02859637327492237,0.2660271227359772
0.2722269594669342,0.00048177712596952915,0.001203272957354784,0.0013041403144598007,0.007660920266062021,0.001550941145978868,0.008628888055682182,0.017960648983716965,0.038627974689006805,0.0005117874243296683,0.0004564899136312306,0.0018313247710466385,0.019139820709824562,0.003983549308031797,0.0028958681505173445,0.016665969043970108,0.009787284769117832,0.03865933045744896,0.007922881282866001,0.005373039282858372,0.00866986345499754,0.039259977638721466,0.013317925855517387,0.02069973014295101,0.0018233086448162794,0.0036021980922669172,0.06760496646165848,0.0012455044779926538,0.005739534739404917,0.007004049140959978,0.07637012749910355,0.29778993129730225
0.317380428314209,0.0010935363825410604,0.0022317555267363787,0.0006064449553377926,0.01057479064911604,0.005404076538980007,0.005320918280631304,0.02696039155125618,0.01967398077249527,0.0006553110433742404,0.0005095421802252531,0.0019690883345901966,0.007015962619334459,0.008886233903467655,0.00939199049025774,0.006356146652251482,0.005470269359648228,0.034472063183784485,0.0037861678283661604,0.012210969813168049,0.011666395701467991,0.004549035802483559,0.004585190676152706,0.02182319387793541,0.0011739812325686216,0.008487993851304054,0.021785834804177284,0.0013178614899516106,0.0025901992339640856,0.0028561579529196024,0.06632298976182938,0.1661662608385086,0.20670494437217712
0.37884795665740967,0.0017899025697261095,0.0021025589667260647,0.0011780966306105256,0.007406796328723431,0.0019065127708017826,0.00567843671888113,0.0111633175984025,0.03331279754638672,0.001271093962714076,0.0004246459575369954,0.0011367404367774725,0.008998974226415157,0.003988709766417742,0.008247632533311844,0.016211695969104767,0.005685201846063137,0.01926824077963829,0.004616811405867338,0.006513265892863274,0.007017713505774736,0.011115491390228271,0.0044412571005523205,0.012881556525826454,0.0014466251013800502,0.005354208406060934,0.04520394653081894,0.005270814523100853,0.006672736257314682,0.004120367579162121,0.05176815390586853,0.13838624954223633,0.1138005256652832,0.0727711170911789
0.26685255765914917,0.0007584291743114591,0.0010819226736202836,0.00035507880966179073,0.0066471160389482975,0.0034266619477421045,0.0030818525701761246,0.028251972049474716,0.014484088867902756,0.000912235293071717,0.00027868288452737033,0.0009378649992868304,0.0021915037650614977,0.00922267884016037,0.008828791789710522,0.005734502803534269,0.004782269708812237,0.02839398756623268,0.0028944865334779024,0.00898769311606884,0.012746184132993221,0.002644551219418645,0.006307521834969521,0.019411854445934296,0.0015996432630345225,0.007635465357452631,0.020413801074028015,0.002020877553150058,0.0026541019324213266,0.0012650273274630308,0.02141275256872177,0.0712258443236351,0.17806152999401093,0.08642521500587463,0.1680711805820465
0.389449805021286,0.0018681371584534645,0.001688405522145331,0.001240228652022779,0.009891579858958721,0.005828491412103176,0.004327093716710806,0.013736533932387829,0.02272936888039112,0.0019793789833784103,0.001734925084747374,0.0010850373655557632,0.0031155445612967014,0.0027143843472003937,0.0026986291632056236,0.009599372744560242,0.0060327616520226,0.015701008960604668,0.002997371833771467,0.002733555855229497,0.0058845411986112595,0.005423614289611578,0.007644090801477432,0.0090962965041399,0.0006477126735262573,0.002061626873910427,0.016619902104139328,0.0034678822848945856,0.006666803266853094,0.0037066044751554728,0.008996063843369484,0.02341277152299881,0.040843766182661057,0.036719225347042084,0.09343668818473816,0.2342207133769989
0.2861657440662384,0.00061035220278427,0.001191799878142774,0.0008843984687700868,0.01465758215636015,0.005341602489352226,0.009410376660525799,0.028469113633036613,0.030917895957827568,0.0008376415353268385,0.0006433387170545757,0.0011079329997301102,0.0033341282978653908,0.0017481474205851555,0.0013196615036576986,0.008352739736437798,0.010379443876445293,0.034394271671772,0.004485289566218853,0.003026555757969618,0.0038240517023950815,0.004621753003448248,0.01212073490023613,0.012477975338697433,0.0008178654825314879,0.0023707400541752577,0.014851117506623268,0.0010103394743055105,0.002085723914206028,0.00187107571400702,0.012799778021872044,0.03866693004965782,0.025872590020298958,0.013387296348810196,0.057335834950208664,0.050163835287094116,0.29844439029693604
0.22108781337738037,0.00028497789753600955,0.00035654185921885073,0.0003712625184562057,0.005910941865295172,0.0027096907142549753,0.003929298371076584,0.013881990686058998,0.009060163982212543,0.0004532309540081769,0.000446053221821785,0.0006287425640039146,0.001258665113709867,0.0007018245523795485,0.00042853341437876225,0.0022766597103327513,0.005201179999858141,0.022617429494857788,0.0022730897180736065,0.0019090173300355673,0.001738651655614376,0.0010431362316012383,0.003157390048727393,0.007241042330861092,0.0002627153880894184,0.0014978140825405717,0.0044744983315467834,0.0003999028413090855,0.001081577269360423,0.0015557766892015934,0.010829461738467216,0.020267637446522713,0.012865189462900162,0.004651879426091909,0.026213543489575386,0.03530491143465042,0.47364240884780884,0.0979854166507721
0.24257946014404297,0.00106059608515352,0.0003761299594771117,0.0003264008555561304,0.001372731989249587,0.001111921388655901,0.0005599933792836964,0.012164131738245487,0.004064804408699274,0.0004605325812008232,0.0005305072409100831,0.0007439692853949964,0.0007348412182182074,0.00047694562817923725,0.0012640501372516155,0.0013109446736052632,0.003450606716796756,0.020970484241843224,0.0013767844066023827,0.00819871574640274,0.004907999653369188,0.0011147052282467484,0.0011079582618549466,0.00973633211106062,0.00019074141164310277,0.005709598772227764,0.005024885293096304,0.00103410251904279,0.004165766295045614,0.0026879501529037952,0.010795068927109241,0.01294117234647274,0.012656976468861103,0.006827309727668762,0.013523535802960396,0.01672343723475933,0.09747215360403061,0.08959973603487015,0.4006459414958954
0.22203095257282257,0.0031238426454365253,0.0008755374001339078,0.003198768710717559,0.0015314166666939855,0.00041138529195450246,0.000658384698908776,0.007177568040788174,0.006933641619980335,0.0015701721422374249,0.001112085417844355,0.000876968028023839,0.004001034423708916,0.0006547358352690935,0.0009661343065090477,0.0030589394737035036,0.003946998156607151,0.012169215828180313,0.0012850072234869003,0.0020070583559572697,0.005038434639573097,0.010880798101425171,0.0013365473132580519,0.003460227744653821,0.00011874132906086743,0.0013993256725370884,0.010111120529472828,0.007883088663220406,0.016018573194742203,0.019961433485150337,0.011103151366114616,0.014536600559949875,0.014427781105041504,0.004824815317988396,0.027316641062498093,0.02291547879576683,0.0944785550236702,0.14621613919734955,0.11748860776424408,0.19289423525333405
0.2619251310825348,0.000688407861161977,0.0005518519319593906,0.0006058997823856771,0.0022252255585044622,0.0005544758751057088,0.0005229728994891047,0.01951570436358452,0.005222918465733528,0.0003619756316766143,0.00045866446453146636,0.0012146312510594726,0.002855754690244794,0.0028082847129553556,0.003111710539087653,0.004036915488541126,0.010433745570480824,0.027264295145869255,0.002063519787043333,0.00703431386500597,0.013428718782961369,0.007677019108086824,0.008216647431254387,0.016059592366218567,0.00031945592490956187,0.0040694791823625565,0.004992601461708546,0.001068170415237546,0.002013513585552573,0.0016487130196765065,0.004005341324955225,0.00928108487278223,0.010155481286346912,0.0037176881451159716,0.025300972163677216,0.010002654045820236,0.03581323102116585,0.06830854713916779,0.092425137758255,0.08297579735517502,0.24506370723247528
0.39559149742126465,0.0035506950225681067,0.0009241260122507811,0.0012758411467075348,0.002579602412879467,0.0006431238143704832,0.00032917855423875153,0.002696823561564088,0.0036283638328313828,0.0005878619267605245,0.0008075327496044338,0.0012511821696534753,0.0007416289881803095,0.00030437277746386826,0.004415621515363455,0.0008047588635236025,0.0030744532123208046,0.007983408868312836,0.0007810542592778802,0.002043579239398241,0.008321237750351429,0.0025673166383057833,0.0036081362050026655,0.006869096774607897,0.0001823945203796029,0.0011775500606745481,0.004147016443312168,0.0029561342671513557,0.003298745024949312,0.0017332816496491432,0.007210236042737961,0.0014929024036973715,0.0018882144941017032,0.0016043755458667874,0.004888910800218582,0.003967483527958393,0.014285121113061905,0.019356856122612953,0.16014139354228973,0.02863282710313797,0.08198957145214081,0.2056666612625122
0.2741272449493408,0.000946036190725863,0.00039626515354029834,0.004182985983788967,0.0033701222855597734,0.0006088318768888712,0.0014938840176910162,0.005164987873286009,0.007679324597120285,0.0002556085237301886,0.0009123798809014261,0.0014196295524016023,0.008617915213108063,0.0019258505199104548,0.002778585534542799,0.0053569902665913105,0.004753814544528723,0.01055774837732315,0.0008571935468353331,0.0006073864060454071,0.00424067722633481,0.007738246116787195,0.0037051462568342686,0.0066894483752548695,0.00012964372581336647,0.0006519947201013565,0.004773196764290333,0.000866312941070646,0.0017679088050499558,0.0023297793231904507,0.005905198398977518,0.004079952370375395,0.002604283159598708,0.0012836462119594216,0.005799693986773491,0.004671355709433556,0.018229838460683823,0.015545936301350594,0.03589873015880585,0.02925540693104267,0.06040232628583908,0.1171807125210762,0.33023783564567566
0.4075658619403839,0.000762048875913024,0.00023693940602242947,0.0010174104245379567,0.004538424778729677,0.0014931985642760992,0.003023000666871667,0.005515109747648239,0.0073895640671253204,0.00019727296603377908,0.0003382306604180485,0.0009738298249430954,0.00306840892881155,0.0013389548985287547,0.0038981307297945023,0.0020382616203278303,0.004271131008863449,0.010452166199684143,0.0017783265793696046,0.0009773103520274162,0.0014768167166039348,0.002136138966307044,0.004448127932846546,0.004792426247149706,0.0006931073730811477,0.0018187499372288585,0.003441110486164689,0.0006830251659266651,0.00042671390110626817,0.0003257764910813421,0.0031171173322945833,0.0019682019483298063,0.0018749288283288479,0.0006332735647447407,0.002139390679076314,0.0018630118574947119,0.009535551071166992,0.0071711172349750996,0.00840021576732397,0.00951162725687027,0.01471930742263794,0.06425569206476212,0.22044549882411957,0.17324939370155334
0.4923999309539795,0.0036396754439920187,0.0003404352464713156,0.0012503863545134664,0.00284394808113575,0.0019223974086344242,0.0016179196536540985,0.00749250128865242,0.006398123688995838,0.0006476166308857501,0.00047721894225105643,0.00155041238758713,0.0009956805733963847,0.00030394719215109944,0.004355472978204489,0.0002940130652859807,0.0010546263074502349,0.007210702635347843,0.0005927432212047279,0.0017661018064245582,0.002676962176337838,0.0010374770499765873,0.00107251713052392,0.004587704781442881,0.000361454498488456,0.002715387614443898,0.006734318099915981,0.0031763543374836445,0.0021346521098166704,0.0009119999594986439,0.005757300648838282,0.0014668569201603532,0.0008861321839503944,0.0005965646705590189,0.0006857817643322051,0.0006761352415196598,0.0031367104966193438,0.005859015509486198,0.05044137313961983,0.004538474138826132,0.008454660885035992,0.05584796518087387,0.07397976517677307,0.048184216022491455,0.17692647874355316
0.44350194931030273,0.0035874510649591684,0.0012597389286383986,0.002568166935816407,0.004511757288128138,0.002682323334738612,0.004132002592086792,0.015220153145492077,0.07177997380495071,0.0016554195899516344,0.0008487500599585474,0.002873342949897051,0.005985968746244907,0.001018858514726162,0.007017792202532291,0.0037014647386968136,0.0026297615841031075,0.016906404867768288,0.0034330347552895546,0.002461712807416916,0.003924494609236717,0.012030327692627907,0.0018049272475764155,0.0033505517058074474,0.0006385142332874238,0.0020277227740734816,0.0871320366859436,0.004162730649113655,0.00415084371343255,0.001207341905683279,0.009289483539760113,0.012086640112102032,0.0018238797783851624,0.002415706403553486,0.0020134940277785063,0.0011484381975606084,0.00576472282409668,0.003255214774981141,0.017628854140639305,0.0068133617751300335,0.003428207477554679,0.008854060433804989,0.016009517014026642,0.00184610765427351,0.032077591866254807,0.15733906626701355
0.2846646010875702,0.05205539986491203,0.00021181354532018304,0.0015795602230355144,0.0003358619287610054,0.00045396725181490183,0.00021647488756570965,0.003604545956477523,0.0033627618104219437,0.038501180708408356,0.0015504873590543866,0.0007511914009228349,0.0002501574927009642,0.00013515887258108705,0.001022794866003096,7.5155207014177e-05,0.00042217798181809485,0.0010126475244760513,0.00026445731054991484,0.0006678106146864593,0.0008694290881976485,0.00043972767889499664,0.00033963500754907727,0.00021633031428791583,0.00016712670912966132,0.000445435376605019,0.0033557249698787928,0.15658976137638092,0.037335775792598724,0.0027617779560387135,0.0024261476937681437,0.00022789537615608424,0.00032063579419627786,0.0003672634484246373,0.0004160513053648174,0.0006694602780044079,0.00030535057885572314,0.0004945554537698627,0.005294806323945522,0.0010899333283305168,0.0006062243483029306,0.0023720748722553253,0.0006677138735540211,0.0006137556047178805,0.0073355408385396,0.02498035877943039,0.3581533432006836
0.20317623019218445,0.02529780939221382,0.0004188784514553845,0.004148487001657486,0.0006840664427727461,0.0007301775622181594,0.00026859965873882174,0.0028526007663458586,0.002087248023599386,0.016373179852962494,0.010388204827904701,0.0007334077381528914,0.00022547825938090682,0.00012580982001964003,0.0007235255325213075,4.889459160040133e-05,0.00014864919648971409,0.0006547429948113859,6.33707459201105e-05,0.0003299675590824336,0.0012937714345753193,0.00019625959976110607,0.0003488617076072842,0.00016136087651830167,2.3261760361492634e-05,0.00016292789950966835,0.0016918758628889918,0.05099949613213539,0.03139915689826012,0.004905423615127802,0.0021332516334950924,8.640608575660735e-05,0.00012979689927306026,0.00024714466417208314,0.00022070080740377307,0.0011699481401592493,0.00015348810120485723,0.0003004867467097938,0.002742753829807043,0.00027659808984026313,0.00039438126259483397,0.002528144046664238,0.0009893359383568168,0.0005659426096826792,0.006759327370673418,0.01823718287050724,0.2595430910587311,0.34286031126976013
0.5025402903556824,0.0043613966554403305,0.0006607200484722853,0.004500310402363539,0.0034847280476242304,0.0022233452182263136,0.0032432638108730316,0.010733836330473423,0.021847497671842575,0.00749595882371068,0.004371057264506817,0.003899899311363697,0.0034828344359993935,0.0005240083555690944,0.0021038418635725975,0.000921006198041141,0.0009851109934970737,0.004125995095819235,0.001147870789282024,0.000862574263010174,0.00298490421846509,0.0028332285583019257,0.0018765255808830261,0.000938770710490644,0.0002805039403028786,0.0003882469027303159,0.009812593460083008,0.007239734288305044,0.004215795546770096,0.0021813195198774338,0.004552021622657776,0.002182053867727518,0.00039460809784941375,0.0005821374361403286,0.0005841319216415286,0.0013825849164277315,0.0027559646405279636,0.0020458444487303495,0.003561257617548108,0.002334671327844262,0.0023934589698910713,0.0034886118955910206,0.0036896085366606712,0.0018963093170896173,0.007493182085454464,0.046199873089790344,0.033109501004219055,0.060655154287815094,0.20443184673786163
0.20507831871509552,0.0028037242591381073,0.00040671988972462714,0.020487027242779732,0.0020529883913695812,0.0009151167469099164,0.0008901829714886844,0.005469377618283033,0.006128264125436544,0.0019038423197343946,0.0017021745443344116,0.0015682117082178593,0.0042616198770701885,0.0002615921839606017,0.0008004143601283431,0.00039864462451078,0.0003001017321366817,0.0022304304875433445,0.00027621129993349314,0.0005726591334678233,0.0029913363978266716,0.0019099354976788163,0.0005925612058490515,0.0003885632904712111,7.673582149436697e-05,0.00019001022155862302,0.004960363730788231,0.003131612902507186,0.003005184466019273,0.0017087145242840052,0.002225456526502967,0.0011200045701116323,0.0002278519532410428,0.00032810287666507065,0.00015846859605517238,0.00043342699063941836,0.001083223382011056,0.0011244224151596427,0.0021906865295022726,0.001332791056483984,0.0015046693151816726,0.003378276713192463,0.0016738082049414515,0.00031563593074679375,0.0033281175419688225,0.023860082030296326,0.016805782914161682,0.023911813274025917,0.2623431980609894,0.3751915991306305
0.43449220061302185,0.0006833188235759735,0.0003614259767346084,0.00523257814347744,0.00442458363249898,0.00338446581736207,0.0038963339757174253,0.01516325306147337,0.01690821163356304,0.000786665768828243,0.0017662638565525413,0.0027411337941884995,0.014283467084169388,0.002571296179667115,0.0024158419109880924,0.002541623078286648,0.0013185353018343449,0.010339532978832722,0.001447351067326963,0.002043314278125763,0.00679961871355772,0.0063498541712760925,0.0021652979776263237,0.004423775710165501,0.00037473358679562807,0.0007278869743458927,0.01081602368503809,0.000649704597890377,0.0007786580245010555,0.000748900230973959,0.004938324447721243,0.007908801548182964,0.0011016401695087552,0.0006755121285095811,0.0005447323201224208,0.0008411668241024017,0.005858262535184622,0.004939796403050423,0.005397128406912088,0.00350051443092525,0.004790804348886013,0.007004321087151766,0.005417141597718,0.0011150400387123227,0.00575460959225893,0.024608053267002106,0.0026169167831540108,0.007930799387395382,0.10153134912252426,0.08335935324430466,0.15952976047992706
0.3069254457950592,0.0007466457900591195,0.00019721189164556563,0.0031638075597584248,0.0020896729547530413,0.002636787947267294,0.0038650345522910357,0.025480950251221657,0.014785893261432648,0.0006027097115293145,0.0009095101268030703,0.0015579460887238383,0.013704027980566025,0.0031018906738609076,0.003918889909982681,0.0019604384433478117,0.0005099877598695457,0.006518300622701645,0.0006760378601029515,0.002779519883915782,0.008277039043605328,0.0038428569678217173,0.0007928822888061404,0.0036249044351279736,0.00027713263989426196,0.0013020267942920327,0.012326895259320736,0.0007348055369220674,0.0005211453535594046,0.00040695519419386983,0.005289694294333458,0.009756095707416534,0.0024600725155323744,0.0013518210034817457,0.0004426964733283967,0.00031912728445604444,0.0035388744436204433,0.0050516994670033455,0.00567672261968255,0.003397105261683464,0.002757113892585039,0.004574165679514408,0.0034695258364081383,0.0019077626056969166,0.009927436709403992,0.02647637575864792,0.002405744744464755,0.005890644155442715,0.05995655804872513,0.07336152344942093,0.2078954130411148,0.13585638999938965
0.21024444699287415,0.00019622966647148132,0.00014253823610488325,0.0019026679219678044,0.002053526695817709,0.000898686412256211,0.004402312450110912,0.02364867553114891,0.03118346817791462,0.00012220484495628625,0.00018353799532633275,0.0005795100005343556,0.017880918458104134,0.0034237473737448454,0.0023047085851430893,0.015123388729989529,0.0024262648075819016,0.015008324757218361,0.002739859977737069,0.0014733655843883753,0.005680114030838013,0.05003783479332924,0.0034137885086238384,0.005454396829009056,0.0005231473478488624,0.001384032191708684,0.03512712940573692,0.0003056874265894294,0.00041735562263056636,0.00030280189821496606,0.0023546055890619755,0.022021999582648277,0.002252898644655943,0.0011009187437593937,0.0017453836044296622,0.000614310847595334,0.0057265120558440685,0.0044041289947927,0.005265246611088514,0.01644148863852024,0.015753677114844322,0.004834952764213085,0.01545758731663227,0.0011756119783967733,0.004993871320039034,0.029915204271674156,0.000861043983604759,0.0009422797593288124,0.009190008975565434,0.016540000215172768,0.027757683768868446,0.023846130818128586,0.34821972250938416
0.30125877261161804,0.00029808509862050414,4.344886838225648e-05,0.00045657475129701197,0.0006746090366505086,0.0007551347371190786,0.001130186952650547,0.040696024894714355,0.007242117542773485,0.0002580963773652911,0.00017303389904554933,0.00040732891648076475,0.0024944471661001444,0.012224425561726093,0.0031873902771621943,0.0042410981841385365,0.0035304015036672354,0.015063290484249592,0.0011451778700575233,0.0039561232551932335,0.01027666125446558,0.004958285018801689,0.0037980068009346724,0.009765496477484703,0.000557903025764972,0.005117226857692003,0.010060127824544907,0.0008403835818171501,0.0004952353774569929,0.00014753587311133742,0.0010014582658186555,0.0035337330773472786,0.0033149211667478085,0.0021823830902576447,0.009934662841260433,0.0019023686181753874,0.003938327543437481,0.00733046792447567,0.012582987546920776,0.006317651364952326,0.016876842826604843,0.011204528622329235,0.005499635823071003,0.0025140221696347,0.006635319907218218,0.012977194041013718,0.0016957930056378245,0.0013490533456206322,0.007853211835026741,0.0032852981239557266,0.017319368198513985,0.03111991658806801,0.11615365743637085,0.2682246267795563
0.4231186807155609,0.0002154746325686574,4.180667383479886e-05,0.00028977214242331684,0.0009618309559300542,0.0007586287683807313,0.0010435777949169278,0.02231341227889061,0.006573773920536041,0.000212441009352915,0.0003042121243197471,0.0009904580656439066,0.0034308091271668673,0.00636431435123086,0.003942084964364767,0.012027118355035782,0.021049892529845238,0.03193489462137222,0.0022810667287558317,0.003027844475582242,0.005980995949357748,0.00413477374240756,0.0067590828984975815,0.008321937173604965,0.00031162341474555433,0.0028206133283674717,0.007386677898466587,0.000454960681963712,0.00033789000008255243,0.00018233884475193918,0.0014617047272622585,0.0025184894911944866,0.001281730830669403,0.0006803713040426373,0.006775711663067341,0.004506521392613649,0.00898112915456295,0.005152568686753511,0.005162807181477547,0.003203693078830838,0.007396388333290815,0.008927769027650356,0.0037699048407375813,0.0015882686711847782,0.0033906111493706703,0.007298856042325497,0.0007814255077391863,0.0011350541608408093,0.006915777921676636,0.0016733979573473334,0.00902360025793314,0.01290946826338768,0.03278123959898949,0.078924760222435,0.20618578791618347
0.3971574008464813,0.0002250624675070867,7.896138413343579e-06,0.0002684397913981229,0.00020983062859158963,0.00064626126550138,0.00020242480968590826,0.008331199176609516,0.0017616442637518048,0.00026929183513857424,0.000527228694409132,0.0009480808512307703,0.0012038004351779819,0.0008496434893459082,0.0016585978446528316,0.0016150947194546461,0.005771731957793236,0.014286822639405727,0.00048308749683201313,0.0012760402169078588,0.0019290595082566142,0.0003869907232001424,0.0005391869926825166,0.0034917534794658422,7.744273898424581e-05,0.0015031491639092565,0.002040448598563671,0.00034047747612930834,0.00039692773134447634,0.00019157091446686536,0.0009084483608603477,0.000579990039113909,0.00018896241090260446,0.00019194518972653896,0.0007427416276186705,0.001918050111271441,0.0022912605199962854,0.00156265904661268,0.008090989664196968,0.0003417119733057916,0.00032298272708430886,0.007209403906017542,0.0008754364680498838,0.0004743090539705008,0.0043385508470237255,0.0039209225215017796,0.0006309998570941389,0.0022741053253412247,0.008248986676335335,0.0032954246271401644,0.008601011708378792,0.01497209444642067,0.009813951328396797,0.01897389069199562,0.11663094907999039,0.33400362730026245
0.26212751865386963,0.0006100424216128886,2.1352232579374686e-05,0.0009009627974592149,0.00020672520622611046,0.0003691026067826897,0.00033668801188468933,0.010543799959123135,0.003484936896711588,0.00034943566424772143,0.000484535819850862,0.000497477303724736,0.006159825250506401,0.0025089329574257135,0.0014354048762470484,0.002320611849427223,0.002583583351224661,0.009560944512486458,0.0008163464372046292,0.0017041417304426432,0.003994410391896963,0.0026761912740767,0.00024668590049259365,0.00142187369056046,0.00013473346189130098,0.001252368208952248,0.0057476237416267395,0.0010158306686207652,0.0010817860020324588,0.0010875524021685123,0.0016182569088414311,0.002571666147559881,0.0010484025115147233,0.00020425931143108755,0.0019079586490988731,0.0020675233099609613,0.003617459675297141,0.01086721383035183,0.005243712570518255,0.006201450247317553,0.004814974498003721,0.002952118404209614,0.0033815247006714344,0.0013976107584312558,0.002809234196320176,0.009396284818649292,0.002285074209794402,0.008063824847340584,0.009914958849549294,0.050928376615047455,0.027259813621640205,0.02667466178536415,0.03920633718371391,0.07438924908638,0.12780998647212982,0.06169268488883972,0.1859939992427826
0.2809043824672699,0.0004054166201967746,1.4854108485451434e-05,7.481836655642837e-05,6.35104879620485e-05,0.00042217690497636795,9.758853411767632e-05,0.01534049678593874,0.0015952585963532329,0.00010383519838796929,0.0004241325077600777,0.0009434177773073316,0.0008717968012206256,0.0010516393231227994,0.002772707026451826,0.0006622840883210301,0.002253198530524969,0.014577852562069893,0.0003805285377893597,0.005035048350691795,0.00334253185428679,0.00019111024448648095,0.00010030612611444667,0.001977863721549511,2.8886426662211306e-05,0.004092116840183735,0.003945774864405394,0.00023501247051171958,0.00031982947257347405,0.00013373096589930356,0.0013288212940096855,0.000907977984752506,0.000589106057304889,0.00033339011133648455,0.0005256822914816439,0.0005813488969579339,0.0025100219063460827,0.004396812524646521,0.028627730906009674,0.000650018104352057,0.00025416092830710113,0.005919165443629026,0.0004184750432614237,0.0006905951304361224,0.009406592696905136,0.007741530425846577,0.000451423431513831,0.002032829914242029,0.003622608259320259,0.0016398717416450381,0.005136013962328434,0.011272280476987362,0.004763493314385414,0.006830883678048849,0.03346165269613266,0.31149643659591675,0.019560061395168304,0.1924888640642166
0.4405730962753296,0.00136116414796561,0.00016813279944472015,0.0004835295840166509,0.0002967664913740009,0.00026499858358874917,0.0002167222264688462,0.015395856462419033,0.0036658828612416983,0.00014781243226025254,0.0002211622049799189,0.000447943399194628,0.001738405553624034,0.0012472858652472496,0.0031282303389161825,0.0031638825312256813,0.00535657349973917,0.022364674136042595,0.0015062110032886267,0.008634337224066257,0.010741014033555984,0.0030824407003819942,0.0010780923767015338,0.002682503079995513,0.0001382119517074898,0.0033819314558058977,0.006429438944905996,0.0006211177096702158,0.0002733875880949199,0.00019360864826012403,0.0015372085617855191,0.0018914616666734219,0.0007404435309581459,0.0005829782458022237,0.0006312846671789885,0.00045798654900863767,0.00281503819860518,0.003693578066304326,0.011393397115170956,0.003242323873564601,0.0015346604632213712,0.008027798496186733,0.001647871220484376,0.0005074735963717103,0.0086185522377491,0.012272736057639122,0.0015412033535540104,0.0013736399123445153,0.008703860454261303,0.0050233229994773865,0.007525088265538216,0.016408301889896393,0.0157366581261158,0.0064328983426094055,0.014777010306715965,0.07510468363761902,0.017518311738967896,0.09717171639204025,0.13408410549163818
0.13565129041671753,0.0003704121627379209,0.0003062546602450311,0.001886930433101952,0.0008736526942811906,0.00026053551118820906,0.0003384117444511503,0.009931393899023533,0.00461765518411994,5.419061199063435e-05,0.00016036498709581792,0.00018104341870639473,0.0058386605232954025,0.0016499628545716405,0.0013888158136978745,0.006437197793275118,0.003286080900579691,0.020090514793992043,0.0028269898612052202,0.0022592057939618826,0.011045442894101143,0.013653431087732315,0.0014905305579304695,0.00224986020475626,0.00018967977666761726,0.0007968676509335637,0.008838108740746975,0.00014170879148878157,0.0001906520192278549,0.00037965975934639573,0.002068465342745185,0.008462626487016678,0.0011936668306589127,0.0008431365713477135,0.0010789636289700866,0.00033045076997950673,0.004897455684840679,0.0031227623112499714,0.003624658565968275,0.007366163656115532,0.005405043251812458,0.00524179870262742,0.007332643494009972,0.00036173497210256755,0.0029689872171729803,0.008745144121348858,0.0005804965039715171,0.0005522563005797565,0.005088400095701218,0.006807457190006971,0.004419936332851648,0.008609832264482975,0.04489952325820923,0.009263744577765465,0.008695652708411217,0.01208976749330759,0.007773981895297766,0.016911646351218224,0.13673003017902374,0.4371480941772461
0.21009701490402222,0.000617755635175854,0.0009484546026214957,0.0017609645146876574,0.005092120263725519,0.0019392911344766617,0.000860330299474299,0.0290509145706892,0.00622532656416297,0.00019535227329470217,0.0002389237779425457,0.00031544725061394274,0.0026551000773906708,0.0031112718861550093,0.002271993551403284,0.006204594857990742,0.017765972763299942,0.07399800419807434,0.003375725820660591,0.008129752241075039,0.024087682366371155,0.00857552420347929,0.01660796068608761,0.014779851771891117,0.0005203490145504475,0.003821643302217126,0.00836204644292593,0.0004174798377789557,0.0005194421974010766,0.0007675532251596451,0.006488177925348282,0.011104311794042587,0.0062868064269423485,0.002588374773040414,0.010035034269094467,0.00393370445817709,0.034529440104961395,0.02366919070482254,0.01018304843455553,0.009596466086804867,0.016961080953478813,0.014657996594905853,0.01233308669179678,0.0035521150566637516,0.007716444320976734,0.005894821602851152,0.0010260570561513305,0.0005626308848150074,0.005388281308114529,0.0017477062065154314,0.002460844349116087,0.0049750120379030704,0.010833985172212124,0.00860796682536602,0.01376257836818695,0.00943195540457964,0.003987409174442291,0.008430506102740765,0.042286619544029236,0.06362345814704895,0.19003097712993622
0.41856881976127625,0.0013528952840715647,0.00025292724603787065,0.001686341711319983,0.0012338226661086082,0.0008697131997905672,0.00022325861209537834,0.011150588281452656,0.0025652467738837004,0.00018346187425777316,0.0002571978257037699,0.00023437855998054147,0.0012843725271522999,0.0008151369402185082,0.0018539059674367309,0.0021987685468047857,0.013029584661126137,0.05600973591208458,0.0011815140023827553,0.005530181806534529,0.011452619917690754,0.004210283514112234,0.0034009739756584167,0.009150702506303787,0.00022804572654422373,0.0024594764690846205,0.006244870368391275,0.0004816686559934169,0.0004439464246388525,0.00035381654743105173,0.0031399037688970566,0.002163237426429987,0.0004620426334440708,0.0003464838955551386,0.0005541963619180024,0.000413119065342471,0.003626731690019369,0.0032946025021374226,0.011013288982212543,0.0016656892839819193,0.0017524061258882284,0.012739261612296104,0.007680899929255247,0.0007886271341703832,0.011372200213372707,0.009601189754903316,0.0011959508992731571,0.0006535610882565379,0.008460968732833862,0.0029788760002702475,0.0031786493491381407,0.006137832533568144,0.005415225867182016,0.002300562569871545,0.004234437830746174,0.040902554988861084,0.0026668470818549395,0.02336728759109974,0.033306702971458435,0.02519351802766323,0.04612300544977188,0.1643618941307068
0.38244643807411194,0.0029498457442969084,0.0005590980872511864,0.002767744241282344,0.002444236073642969,0.0018218469340354204,0.0017268139636144042,0.016569726169109344,0.04072725027799606,0.0013369827065616846,0.0006874194368720055,0.002621251158416271,0.004705642815679312,0.0026196916587650776,0.005762659944593906,0.004092628136277199,0.006597247906029224,0.02523820847272873,0.002711307257413864,0.003614388406276703,0.0076495506800711155,0.00884698424488306,0.003976786974817514,0.005074396263808012,0.00032258807914331555,0.001569067593663931,0.0628596842288971,0.0018154556164517999,0.0015348616288974881,0.00040737909148447216,0.006400168873369694,0.005836279131472111,0.0012124646455049515,0.001555890659801662,0.001449576229788363,0.0005767429247498512,0.0030714788008481264,0.0010856601875275373,0.006555531173944473,0.002966545522212982,0.001189347356557846,0.004199198912829161,0.002624718239530921,0.00013808367657475173,0.003854533424600959,0.06009542942047119,0.002454219153150916,0.000978084746748209,0.010539310984313488,0.004785225726664066,0.00392436608672142,0.0034335150849074125,0.012506086379289627,0.0032916474156081676,0.0013494266895577312,0.008035732433199883,0.0012219257187098265,0.003567421343177557,0.004727287217974663,0.007877594791352749,0.004189278930425644,0.01760510541498661,0.20064504444599152
0.5950880646705627,0.002890226664021611,0.0011998526751995087,0.01342341024428606,0.0051327296532690525,0.0030744934920221567,0.008228928782045841,0.01070505939424038,0.01554606668651104,0.0010125042172148824,0.0007211495540104806,0.0003552245325408876,0.001555076683871448,0.0007745886105112731,0.0005638670991174877,0.0016609462909400463,0.0012978884624317288,0.006250759586691856,0.0012280727969482541,0.0017681389581412077,0.001273901085369289,0.0021462226286530495,0.0018999796593561769,0.001124065718613565,0.0001492728915764019,0.0012057843850925565,0.014743522740900517,0.001837721560150385,0.0013400486204773188,0.0006241952069103718,0.0027925840113312006,0.0023000820074230433,0.0006619293708354235,0.0011464525014162064,0.0005674176500178874,0.0005303025827743113,0.00232431897893548,0.0006321387481875718,0.0023542302660644054,0.0009856749093160033,0.00037942774360999465,0.0006525639328174293,0.0018921951996162534,0.0002982539590448141,0.0020504824351519346,0.021295851096510887,0.0042600505985319614,0.000816279964055866,0.0067778886295855045,0.007982166483998299,0.0034234647173434496,0.002332864096388221,0.0038279187865555286,0.0006471479428000748,0.0005039796233177185,0.0023877639323472977,0.000626418914180249,0.0009525485802441835,0.0016876953886821866,0.0020049954764544964,0.0012778111267834902,0.008394856005907059,0.10633353888988495,0.10607694089412689
0.3846883773803711,0.002941886428743601,0.0004163431585766375,0.009049799293279648,0.0012971950927749276,0.0008891444886103272,0.0008644759654998779,0.005074707791209221,0.0038023977540433407,0.0005032825283706188,0.0003448894713073969,9.28708104765974e-05,0.00023961075930856168,0.00034741783747449517,0.0002158966235583648,0.00020232780661899596,0.000208394238143228,0.0025467337109148502,0.00021785682474728674,0.000836791645269841,0.0014731873525306582,0.0005471310578286648,0.00031886991928331554,0.000406124338041991,2.646030407049693e-05,0.0004785351047758013,0.00430871220305562,0.0013393863337114453,0.000961172569077462,0.0003127118106931448,0.0007061766227707267,0.0002621017047204077,0.00021138870215509087,0.0002341950312256813,0.0002588369825389236,0.00017848216521088034,0.0003560969780664891,0.00037052121479064226,0.0012059910222887993,0.00027785805286839604,0.00023485819110646844,0.0002987875195685774,0.00021053667296655476,5.853614129591733e-05,0.0006313447374850512,0.009135045111179352,0.003257486503571272,0.0009334573405794799,0.006541666574776173,0.008881661109626293,0.002777236280962825,0.0029928104486316442,0.0011212918907403946,0.0006131146219559014,0.0004993740585632622,0.0028691606130450964,0.0005993752274662256,0.0016031945124268532,0.0019378593424335122,0.0005204269546084106,0.00030859032995067537,0.0033515170216560364,0.06100757047533989,0.09801468253135681,0.3625860810279846
0.49193525314331055,0.0010558504145592451,0.0008427761495113373,0.0021822769194841385,0.0031124474480748177,0.0011294025462120771,0.0034102031495422125,0.007567175664007664,0.016043424606323242,0.000675598974339664,0.000455730187240988,0.0002581861335784197,0.0004692890215665102,0.0006166843813844025,0.0004391284892335534,0.0012503160396590829,0.0007648121099919081,0.004479369148612022,0.0006968739908188581,0.0008778868359513581,0.0015315539203584194,0.0019125081598758698,0.0016825490165501833,0.0009406515746377409,7.210464536910877e-05,0.0006673409370705485,0.011057870462536812,0.0012444679159671068,0.0010294425301253796,0.00032254683901555836,0.0022945567034184933,0.0016163171967491508,0.0006281038513407111,0.0009575476869940758,0.0011617457494139671,0.0004154299385845661,0.0014324311632663012,0.00037714294739998877,0.0010524931130930781,0.001001486903987825,0.0005897055380046368,0.0005741490749642253,0.0007893224828876555,0.00019094145682174712,0.0007010273402556777,0.009117372334003448,0.002001067390665412,0.0005336541216820478,0.003406072035431862,0.0017658887663856149,0.0018163413042202592,0.001358317444100976,0.0038609751500189304,0.0014602821320295334,0.0015258514322340488,0.0019281617132946849,0.0010806187056005,0.000770098646171391,0.0015463641611859202,0.0015197389293462038,0.0006833284278400242,0.0024483827874064445,0.049423497170209885,0.0379759706556797,0.062556192278862,0.2407156229019165
0.3688129782676697,0.0010851874249055982,0.0007307864725589752,0.0012353804195299745,0.004010582342743874,0.0014274345012381673,0.0017619840800762177,0.008806065656244755,0.013201330788433552,0.0010082429507747293,0.0011754102306440473,0.0005729625117965043,0.0003652914601843804,0.0007839237223379314,0.0005628844373859465,0.0008418197394348681,0.0009669481078162789,0.007476266007870436,0.0005513486103154719,0.0010388065129518509,0.004455879796296358,0.0016985542606562376,0.0022423407062888145,0.0022293617948889732,4.449420521268621e-05,0.0005028300802223384,0.00565068144351244,0.0011119934497401118,0.0011571777286008,0.00046901157475076616,0.002009000862017274,0.0010594931663945317,0.0007063574157655239,0.0008317477186210454,0.0022560858633369207,0.0012862712610512972,0.002766115590929985,0.0010305853793397546,0.0027315295301377773,0.001439681276679039,0.0014793968293815851,0.0014146993635222316,0.0006886098999530077,0.00017728717648424208,0.000583167711738497,0.006591747049242258,0.002040306106209755,0.0011397491907700896,0.0067260731011629105,0.0010913866572082043,0.0024301307275891304,0.0019009377574548125,0.002662179060280323,0.0021666192915290594,0.004056134261190891,0.002612102311104536,0.0010774434776976705,0.0010265542659908533,0.001833821996115148,0.0012282250681892037,0.0011216280981898308,0.003084937809035182,0.03495977073907852,0.01936495676636696,0.021343430504202843,0.2579939365386963,0.16710999608039856
0.46454039216041565,0.000937304284889251,0.00030286965193226933,0.0025216983631253242,0.002300770254805684,0.0008171428344212472,0.0008681359468027949,0.004664563573896885,0.004130604211241007,0.0010999161750078201,0.0014781291829422116,0.0005314595764502883,0.0002287978568347171,0.00011729977268259972,0.00015548440569546074,0.0001291996886720881,0.0008530424674972892,0.004085928667336702,0.00025560238282196224,0.0006676267948932946,0.0014736567391082644,0.00036295002792030573,0.0018849875777959824,0.002102738246321678,3.3106247428804636e-05,0.0004823078925255686,0.0020975968800485134,0.0009677748894318938,0.0017279860330745578,0.0013700968120247126,0.0021744389086961746,0.000517821463290602,9.723713446874171e-05,0.0001914760359795764,0.00018635101150721312,0.00028905842918902636,0.0005363148520700634,0.0002251470577903092,0.0020144814625382423,0.00019800369045697153,0.0001384470670018345,0.001486132969148457,0.0002726048114709556,3.922483301721513e-05,0.00038259889697656035,0.0022722843568772078,0.0010863965144380927,0.0008979943231679499,0.0047907354310154915,0.002185211284086108,0.0015051969094201922,0.0009765240247361362,0.0009847871260717511,0.00037493978743441403,0.0013399856397882104,0.004342845641076565,0.0003947075456380844,0.0014137636171653867,0.0013401990290731192,0.0006317543447948992,0.000552032666746527,0.004698486067354679,0.01908094249665737,0.00955958105623722,0.02585769258439541,0.07733091711997986,0.08035192638635635,0.2460925430059433
0.2458725869655609,0.0001696102845016867,0.0001584633137099445,0.0022142839152365923,0.0022771726362407207,0.00048057001549750566,0.002472655149176717,0.005256359465420246,0.014438748359680176,0.0001174582212115638,0.00043191557051613927,0.0005221403553150594,0.004978968296200037,0.0010201381519436836,0.00033598070149309933,0.002512123202905059,0.0022435442078858614,0.015433925203979015,0.0020658557768911123,0.0011672195978462696,0.0029170892667025328,0.010165540501475334,0.002662918297573924,0.007344336248934269,0.00013438996393233538,0.0010646908776834607,0.009359956718981266,0.00015751109458506107,0.0007430299301631749,0.0012677892809733748,0.0031369798816740513,0.01026452612131834,0.0004876891034655273,0.00019496768072713166,0.0004885223461315036,0.00033695620368234813,0.0032162105198949575,0.001017753966152668,0.0030948230996727943,0.0032790005207061768,0.0017186198383569717,0.002404537284746766,0.0047617219388484955,8.321183122461662e-05,0.00047885740059427917,0.0045669348910450935,0.00020811222202610224,0.00017399308853782713,0.0010856310836970806,0.0028401182498782873,0.0026936926878988743,0.0009569922112859786,0.024392051622271538,0.00138898566365242,0.002200074726715684,0.0033365043345838785,0.0020749897230416536,0.0013240819098427892,0.0032712637912482023,0.016074897721409798,0.0034076902084052563,0.009100433439016342,0.044853389263153076,0.004548930563032627,0.007348394487053156,0.02416125498712063,0.024669505655765533,0.07936740666627884,0.36100324988365173
0.2639094889163971,0.00022781682491768152,8.026285649975762e-05,0.0008261923212558031,0.0012034443207085133,0.0006981249898672104,0.0010639263782650232,0.010551800951361656,0.004046238958835602,0.00011458965309429914,0.0002853175683412701,0.0003790183400269598,0.0019445596262812614,0.0076166680082678795,0.0005617470014840364,0.0007021288620308042,0.001964082708582282,0.015600977465510368,0.0009723535040393472,0.002804163610562682,0.004085064399987459,0.0017771848943084478,0.0018405410228297114,0.011360211297869682,0.0001159210005425848,0.0030640217009931803,0.002579847816377878,0.00014918216038495302,0.00044607112067751586,0.0004719801072496921,0.0016084800008684397,0.003577331081032753,0.0010992295574396849,0.0002560265420470387,0.0012496773852035403,0.0002685952640604228,0.0017037723446264863,0.0021743637043982744,0.004381671082228422,0.002431283937767148,0.004215682856738567,0.005188902840018272,0.0035359826870262623,0.0004754186375066638,0.0008746772073209286,0.0018334484193474054,0.00023425307881552726,8.869820885593072e-05,0.0005489751347340643,0.0005964137963019311,0.0022179619409143925,0.0012856837129220366,0.008761676959693432,0.006596236024051905,0.005189717281609774,0.005639364942908287,0.0030196774750947952,0.0025665201246738434,0.0027110674418509007,0.0045016175135970116,0.007620775140821934,0.01061170268803835,0.015302346087992191,0.0016745718894526362,0.0015416122041642666,0.005638753995299339,0.013279417529702187,0.038499657064676285,0.19897809624671936,0.2865777313709259
0.3783283829689026,0.0003582786303013563,0.00011699154129019007,0.0012271769810467958,0.0015323241241276264,0.0008840436348691583,0.002418345306068659,0.014961011707782745,0.004423043224960566,0.00015645005623809993,0.00020863718236796558,0.00028872437542304397,0.0013791397213935852,0.0014720935141667724,0.0005371556035242975,0.0002690221881493926,0.0004881663480773568,0.006055664271116257,0.00024019190459512174,0.003346801269799471,0.002401414094492793,0.0004778353904839605,0.0007238207035697997,0.007408436853438616,4.9449168727733195e-05,0.0041092815808951855,0.002002084394916892,0.00019143962708767503,0.00042165606282651424,0.0004006018862128258,0.002178357681259513,0.0037177924532443285,0.0012303449911996722,0.0004537180648185313,0.0002475039509590715,6.0648471844615415e-05,0.00044341274769976735,0.0005264221108518541,0.003336991649121046,0.0008095359662547708,0.00042539823334664106,0.002411859342828393,0.0004944999818690121,0.00013195653446018696,0.0011011274764314294,0.0013426373479887843,0.00020305813814047724,3.809430563705973e-05,0.00031034889980219305,0.0005064840661361814,0.0016024726210162044,0.0014088014140725136,0.004262719769030809,0.0003455746336840093,0.000549112563021481,0.003837591502815485,0.0006823018775321543,0.0031016208231449127,0.001717632869258523,0.000957089476287365,0.0006211238796822727,0.0050277989357709885,0.009798957966268063,0.0032460903748869896,0.004205041565001011,0.0055063096806406975,0.0061767566949129105,0.04412158206105232,0.05962753668427467,0.06767382472753525,0.31868216395378113
0.20634976029396057,7.389998791040853e-05,0.00012768164742738008,0.0008171169320121408,0.0024479529820382595,0.00041617717943154275,0.003997147083282471,0.007236297708004713,0.012203722260892391,3.0448096367763355e-05,6.692263559671119e-05,7.207033195300028e-05,0.004209891892969608,0.002080671489238739,0.0005935928202234209,0.005539009813219309,0.001812962000258267,0.007584811188280582,0.0020355763845145702,0.0007942944648675621,0.001180044375360012,0.0033931240905076265,0.0016445486107841134,0.0027834682259708643,0.00013897525786887854,0.0009288368746638298,0.004679056350141764,4.637408346752636e-05,0.00015369961329270154,0.000299512263154611,0.0015421871794387698,0.010999265126883984,0.0015279619256034493,0.0005875574424862862,0.0009784786961972713,0.00019461828924249858,0.0012241965159773827,0.0002728247782215476,0.000665266124997288,0.001988378819078207,0.001183520071208477,0.0008598131244070828,0.0034966629464179277,7.846795051591471e-05,0.000545152579434216,0.0025341494474560022,8.587326010456309e-05,2.86134618363576e-05,0.0001352515391772613,0.0003419258864596486,0.0005548666231334209,0.0004813556734006852,0.030016867443919182,0.0013831877149641514,0.0006786681478843093,0.0006775358342565596,0.0006937807775102556,0.0004128427535761148,0.0016163093969225883,0.01809779182076454,0.003108211327344179,0.002689255401492119,0.013248314149677753,0.0019476303132250905,0.002447499893605709,0.006989754736423492,0.005608662031590939,0.008123318664729595,0.09745708107948303,0.031891562044620514,0.0763586089015007,0.3925091326236725
0.6057016253471375,0.00037720234831795096,0.00010638678941177204,0.0008842164534144104,0.0021175032015889883,0.0003541670448612422,0.0009949575178325176,0.01096893660724163,0.005317582283169031,0.00014291080879047513,7.155909406719729e-05,6.67504282318987e-05,0.0009108309750445187,0.0005094798980280757,0.0003014882968273014,0.001692944671958685,0.010287003591656685,0.012377407401800156,0.0006781094125472009,0.0008666107314638793,0.00044530065497383475,0.0004733614332508296,0.00398867204785347,0.0018461407162249088,7.261655991896987e-05,0.0006385210435837507,0.0005462237168103456,0.00013099632633384317,0.00029789714608341455,0.00031477026641368866,0.0007643080316483974,0.0013318879064172506,0.00039220406324602664,0.0003319599200040102,0.0006298266816884279,0.00047623857972212136,0.0007802037289366126,0.00021806992299389094,0.0006948281079530716,0.0005426359712146223,0.0004000860790256411,0.0012813466601073742,0.00075639842543751,5.030717147747055e-05,0.0006554046995006502,0.0012575546279549599,0.00039065079181455076,4.8966609028866515e-05,0.0005042367847636342,0.00028300713165663183,0.00019659778627101332,0.0002981973229907453,0.002771723782643676,0.0003606911632232368,0.0005052664200775325,0.0005899989628233016,0.000168480837601237,0.00024599742027930915,0.0007453770958818495,0.002318565733730793,0.0005671930266544223,0.0018681286601349711,0.00383557565510273,0.0013687961036339402,0.0012205339735373855,0.001392777543514967,0.001227577798999846,0.003833162132650614,0.006597893312573433,0.0018056679982692003,0.019858134910464287,0.04835570976138115,0.2245958298444748
0.3938329219818115,0.00036945907049812376,0.00012605043593794107,0.0009405415039509535,0.0013070685090497136,0.0005390966543927789,0.0005860911915078759,0.009439686313271523,0.0031282680574804544,0.000165619479957968,0.00021047823247499764,0.00013538755592890084,0.0006540174363180995,0.0005395155749283731,0.0006238940404728055,0.00042758940253406763,0.0014415455516427755,0.013554591685533524,0.0003007527848239988,0.0013087961124256253,0.0015062247402966022,9.436015534447506e-05,0.0003583026409614831,0.005534267984330654,4.274489401723258e-05,0.0014778984477743506,0.0008389393915422261,0.00012070816592313349,0.00044887675903737545,0.0004424259241204709,0.001967603573575616,0.001593362190760672,0.0007502660737372935,0.00047991020255722106,0.0008498681127093732,0.0002095823729177937,0.0008157695410773158,0.0003018147253897041,0.004692798014730215,0.0003583719953894615,0.00029279652517288923,0.004785099532455206,0.0004566722782328725,5.86594978813082e-05,0.0017970796907320619,0.0014718059683218598,0.0002536838292144239,9.256013436242938e-05,0.00036435434594750404,0.0002134348324034363,0.00025588570861145854,0.0004930019495077431,0.0015731770545244217,0.0005383989191614091,0.0009154016152024269,0.0070178513415157795,0.00033356354106217623,0.0038758087903261185,0.0032152978237718344,0.0027588666416704655,0.0016030276892706752,0.0068472991697490215,0.008432001806795597,0.0023086362052708864,0.006345166824758053,0.006429851055145264,0.0058327000588178635,0.03955845907330513,0.021306674927473068,0.010065251961350441,0.1788441240787506,0.04489264637231827,0.029078248888254166,0.1551767736673355
0.19979211688041687,0.0003133155114483088,7.338669820455834e-05,0.0063591268844902515,0.0011237200815230608,0.0003225507971365005,0.002002714667469263,0.0050032916478812695,0.005875777453184128,0.00023573104408569634,0.0004287889169063419,0.00013824102643411607,0.00503181666135788,0.0008526075398549438,0.00013755145482718945,0.0013717811089009047,0.0008621803717687726,0.004775627050548792,0.0004108345601707697,0.00033897586399689317,0.0008304774528369308,0.0012648140545934439,0.0002607778587844223,0.0012449875939637423,3.9906182792037725e-05,0.0003282192337792367,0.001942575559951365,0.00021271973673719913,0.0009829127229750156,0.0025383399333804846,0.0007780868327245116,0.0023101039696484804,0.00040472965338267386,0.00011435549095040187,0.0005446188733913004,0.0004945981781929731,0.0009053625981323421,0.0005302310455590487,0.0013326631160452962,0.0015184168005362153,0.0005152705125510693,0.0005958069232292473,0.001993974670767784,2.830306584655773e-05,0.00033661373890936375,0.0027273553423583508,0.0005439879023469985,0.0005401760572567582,0.0007994068437255919,0.009227888658642769,0.0010099668288603425,0.0006853994564153254,0.007450471166521311,0.0015058066928759217,0.0009933497058227658,0.0013060466153547168,0.0030731363222002983,0.0008588984492234886,0.0023908927105367184,0.005058320239186287,0.0014050668105483055,0.0035324874334037304,0.02728927507996559,0.012880640104413033,0.11805419623851776,0.01973496377468109,0.01951223611831665,0.04406129941344261,0.06782715022563934,0.02309003844857216,0.034368157386779785,0.04796841740608215,0.009542959742248058,0.07420064508914948,0.2008623331785202
0.6937000155448914,0.00011504477151902393,4.51052728749346e-05,0.0001946286647580564,0.0008335437742061913,0.00019890109251718968,0.0021909293718636036,0.012679902836680412,0.004268612712621689,4.1075087210629135e-05,8.042686386033893e-05,6.836593092884868e-05,0.0012384933652356267,0.0006501834141090512,8.936995436670259e-05,0.002139708260074258,0.0067910742945969105,0.015745872631669044,0.0018970690434798598,0.0025178224314004183,0.0004669357731472701,0.0006205838872119784,0.003611647756770253,0.0020138805266469717,0.00011607653141254559,0.001222041784785688,0.0005162537563592196,3.2962387194857e-05,5.7829667639452964e-05,0.00012083075125701725,0.0003139223554171622,0.0009437571279704571,0.00020069351012352854,6.361178384395316e-05,0.0002519315166864544,0.0008908957242965698,0.00496730487793684,0.0022116294130682945,0.0009158874745480716,0.0003868708445224911,0.0001764129992807284,0.00041571614565327764,0.0009769339812919497,0.00014144649321679026,0.000783027324359864,0.0020101540721952915,0.00017001022933982313,0.00011502546112751588,0.00105586729478091,0.0003086168726440519,0.0004802010953426361,0.0002412814210401848,0.001434325473383069,0.00018395781808067113,0.00056214485084638,0.0003780730185098946,0.0006708358996547759,0.00019398139556869864,0.0004799199814442545,0.0011982556898146868,0.00029084229026921093,0.0007992680766619742,0.0026728720404207706,0.0012918529100716114,0.0005764737725257874,0.000683475867845118,0.0006823139847256243,0.0013031831476837397,0.0030497265979647636,0.000794733117800206,0.001745523069985211,0.0072083426639437675,0.015957016497850418,0.022153986617922783,0.05793815851211548,0.10546426475048065
0.3700057566165924,0.00023421249352395535,4.903083754470572e-05,0.0003409037599340081,0.0006158296018838882,0.0005172316450625658,0.0005134194507263601,0.025095639750361443,0.0021913459058851004,0.0001219172845594585,0.0005427710711956024,0.00023876450723037124,0.0008858505170792341,0.0015099444426596165,0.0008485406287945807,0.0006594263250008225,0.003040218958631158,0.03179047256708145,0.00043242936953902245,0.00870831124484539,0.00425013666972518,9.751912875799462e-05,0.0008431070600636303,0.011791686527431011,2.045801011263393e-05,0.0042085200548172,0.000563372450415045,6.182169454405084e-05,0.00016783671162556857,0.0002165186160709709,0.0014460539678111672,0.0011540503473952413,0.000861224893014878,0.0004144266713410616,0.0009124119533225894,0.0005116017418913543,0.003988997079432011,0.0037578390911221504,0.012001505121588707,0.0005446624127216637,0.00022137054475024343,0.00550415925681591,0.000633269315585494,0.00015835592057555914,0.003944172989577055,0.002188088372349739,0.0002243228955194354,0.0002748401020653546,0.001021472504362464,0.0002448523009661585,0.0005313108558766544,0.0008874092600308359,0.0005143099115230143,0.0003443915629759431,0.0020837043412029743,0.012209220789372921,0.0009220524225383997,0.010675822384655476,0.00508169736713171,0.0017672890098765492,0.002351433038711548,0.010567688383162022,0.005654389038681984,0.00215319381095469,0.004464670550078154,0.002859284868463874,0.0031551425345242023,0.048083119094371796,0.006196778733283281,0.0075757806189358234,0.08360634744167328,0.00807908270508051,0.007629707921296358,0.11579939723014832,0.007920866832137108,0.02335885912179947,0.11495629698038101
0.5374441146850586,0.00047810724936425686,0.0002234313724329695,0.0018593171844258904,0.0010492551373317838,0.00022699883265886456,0.000732462212909013,0.0028088681865483522,0.008087662048637867,9.511395182926208e-05,0.00022835000709164888,0.00011502501729410142,0.0014129818882793188,0.00039992030360735953,0.00027985754422843456,0.000920257531106472,0.0009576655575074255,0.0058149006217718124,0.0012846458703279495,0.001764538697898388,0.0016418942250311375,0.00143823167309165,0.0007833778508938849,0.0011775107122957706,6.900331936776638e-05,0.0007163871196098626,0.004802880343049765,0.00019108383276034147,0.0003487154026515782,0.0002637477300595492,0.0005423524416983128,0.0008587255142629147,0.00022095860913395882,0.0002504333679098636,0.0002357652847422287,0.00023828486155252904,0.0005936922389082611,0.00039774997276254,0.0018301847157999873,0.0005778651684522629,0.00019705812155734748,0.0015335315838456154,0.0006756891962140799,1.9310362404212356e-05,0.0012491201050579548,0.010332726873457432,0.0005749682313762605,0.0003836784162558615,0.002278609899803996,0.0016093826852738857,0.0017243011388927698,0.0011194702237844467,0.0026069325394928455,0.00018914928659796715,0.00018630125850904733,0.002393499482423067,0.0005353628075681627,0.0018982087494805455,0.0019857045263051987,0.0022850381210446358,0.00032680787262506783,0.0037929958198219538,0.034809891134500504,0.006030685734003782,0.010101006366312504,0.00792928971350193,0.003380645764991641,0.03237292543053627,0.01349490787833929,0.0020166197791695595,0.012901078909635544,0.005634842440485954,0.0022638204973191023,0.021546827629208565,0.012936891056597233,0.005170725751668215,0.02154535800218582,0.1866043359041214
0.5321025848388672,0.01922762207686901,0.00015233024896588176,0.0013744361931458116,0.00016913909348659217,7.74636646383442e-05,4.208960308460519e-05,0.0007869310793466866,0.0007948643178679049,0.002746664686128497,0.0013024546205997467,7.270739297382534e-05,0.0002405673440080136,0.0003844255115836859,0.00027665458037517965,0.00019832115503959358,0.0005168710486032069,0.0010433259885758162,0.00038131605833768845,0.0011659505544230342,0.0010497805196791887,0.0003773886419367045,0.00026140722911804914,0.00022788973001297563,3.0193954444257542e-05,0.0002543899172451347,0.0005080847768113017,0.007211881224066019,0.003173516597598791,0.0009102090261876583,0.0003221674414817244,5.544167652260512e-05,0.00016843853518366814,0.00013011628470849246,0.0002436701615806669,0.0005096799577586353,0.00017422229575458914,0.0003733531339094043,0.0016412506811320782,0.0005797786288894713,0.0002300710475537926,0.0009639263735152781,0.00019446914666332304,1.661756687099114e-05,0.0007591248140670359,0.0033276539761573076,0.024581898003816605,0.0031596042681485415,0.004646226763725281,0.002728530438616872,0.0008486200822517276,0.0009478713618591428,0.00020019957446493208,0.00015830446500331163,0.00010761371959233657,0.001320911687798798,0.00031160510843619704,0.0017860695952549577,0.002000426175072789,0.0003772749041672796,0.00018260341312270612,0.0019933038856834173,0.007924971170723438,0.007081846706569195,0.015873922035098076,0.005807579029351473,0.0028458074666559696,0.012781030498445034,0.0005159220891073346,0.0004547754069790244,0.004067518748342991,0.0001756188867148012,0.00031671233591623604,0.0024290301371365786,0.000521002453751862,0.0004646215820685029,0.008165642619132996,0.04795654118061066,0.25051504373550415
0.35665881633758545,0.003169331466779113,9.499568841420114e-05,0.0033616581931710243,0.00026209547650069,7.606449071317911e-05,4.950399306835607e-05,0.0002081054844893515,0.0003548323584254831,0.000637171498965472,0.001833776943385601,6.195179594215006e-05,0.0005025556893087924,0.00021463960001710802,0.00013750047946814448,0.00023661648447159678,0.00025811229716055095,0.00030003907158970833,0.000133949622977525,0.00016820317250676453,0.0004478038754314184,0.00021267922420520335,0.0001302510645473376,0.0001277615228900686,1.1444725714682136e-05,5.033207344240509e-05,0.00016312203661073,0.0015206364914774895,0.0021885400637984276,0.002300083637237549,0.0002710241824388504,2.8189502700115554e-05,9.947870421456173e-05,5.101179704070091e-05,0.00017627525085117668,0.001481365761719644,0.0001428624236723408,0.0002126164617948234,0.0005785329849459231,0.00020993838552385569,0.00015989414532668889,0.0006882105371914804,0.0002487658057361841,5.7395873227505945e-06,0.0001984803966479376,0.001037566107697785,0.0033356344792991877,0.003587157465517521,0.004345940425992012,0.005396175663918257,0.001742249820381403,0.001536738476715982,0.0002659253659658134,0.0001061554066836834,0.0001352356339339167,0.0009005697211250663,0.0001916920009534806,0.00044110731687396765,0.0009649423300288618,0.00025065700174309313,8.79426661413163e-05,0.0007926766993477941,0.00394485704600811,0.006445774342864752,0.017650162801146507,0.007491820491850376,0.0047609549947083,0.015468697063624859,0.0005160813452675939,0.0002165769401472062,0.0027023328002542257,0.00017968553584069014,0.00024370414030272514,0.0011487515876069665,0.0005218491423875093,0.00013198018132243305,0.0021543356124311686,0.03833244368433952,0.24773921072483063,0.24480755627155304
0.44579312205314636,0.0007163812406361103,0.00020930287428200245,0.004170771688222885,0.0018702149391174316,0.0002811695740092546,0.0007241058046929538,0.001374844810925424,0.0028705645818263292,0.00013621286780107766,0.0005657246802002192,8.514298679074273e-05,0.003745800582692027,0.0009152712882496417,0.000395767274312675,0.0026556600350886583,0.0011717075249180198,0.002465000841766596,0.0006142236525192857,0.0005041638505645096,0.0013658496318385005,0.001784467720426619,0.0007407224038615823,0.0005513134528882802,2.9991821065777913e-05,0.0001708173513179645,0.0013497136533260345,0.000333285192027688,0.0006497323629446328,0.0009267952991649508,0.0008483685669489205,0.0004604513815138489,0.0004429271211847663,0.00013216878869570792,0.000592561496887356,0.0012403937289491296,0.001655029016546905,0.0015021173749119043,0.0011563990265130997,0.0013973800232633948,0.0014504508581012487,0.0017131281783804297,0.0018087417120113969,6.254475010791793e-05,0.0006472390959970653,0.004004292190074921,0.0009007269400171936,0.0009368056198582053,0.0035145508591085672,0.004697614349424839,0.005426338873803616,0.003261502832174301,0.0040370202623307705,0.0004980509402230382,0.0006438435520976782,0.001925199874676764,0.0009670676663517952,0.0006771432235836983,0.000922317907679826,0.0014646078925579786,0.000669457542244345,0.002071164082735777,0.015560019761323929,0.007198843639343977,0.007626195438206196,0.014586646109819412,0.009041937068104744,0.013887586072087288,0.003944998607039452,0.0010967758717015386,0.006513761822134256,0.0021807344164699316,0.001594547531567514,0.007119542453438044,0.002683107741177082,0.0009479934815317392,0.005800702143460512,0.09209804236888885,0.05291988328099251,0.04118296876549721,0.18312020599842072
0.17406658828258514,0.0006000564899295568,8.166338375303894e-05,0.005245025269687176,0.0007187683368101716,0.00017751318227965385,0.00017338745237793773,0.00046168468543328345,0.0008682893239893019,0.0001498609926784411,0.0005267045926302671,0.00011091353371739388,0.0012567166704684496,0.00029622376314364374,0.00020994505030103028,0.00042678273166529834,0.00035040496732108295,0.001055781845934689,0.00014129705959931016,0.00023971548944246024,0.0004656415549106896,0.0002118580014212057,0.00013868535461369902,0.0002237902081105858,6.609086995013058e-06,9.748153388500214e-05,0.00034550795680843294,0.00019712085486389697,0.0004236264794599265,0.000519652443472296,0.00011954963702009991,4.864768197876401e-05,6.107067019911483e-05,2.4097191271721385e-05,0.0001328947691945359,0.000530815334059298,0.0002781938237603754,0.0004590152238961309,0.0005167608615010977,0.00026349021936766803,0.00031754025258123875,0.0008464623242616653,0.0005209077498875558,1.775575401552487e-05,0.0002940529375337064,0.001380155561491847,0.0005896019865758717,0.0008431273163296282,0.0027224633377045393,0.009184593334794044,0.0035742397885769606,0.0026313478592783213,0.0008789216517470777,0.00023578297987114638,0.0003452140081208199,0.0013926270185038447,0.0003282796824350953,0.00026452980819158256,0.00037048986996524036,0.0003236790362279862,0.000149111045175232,0.0012561739422380924,0.011175836436450481,0.00934658758342266,0.012272180989384651,0.007537913508713245,0.0030342163518071175,0.017982373014092445,0.0023925357963889837,0.00043324960279278457,0.004364678170531988,0.0005575849208980799,0.0004401612968649715,0.0028181204106658697,0.0013571020681411028,0.0002828564611263573,0.001905284239910543,0.07377422600984573,0.07879745215177536,0.07912681996822357,0.26097753643989563,0.2107343077659607
0.46250227093696594,0.00012718442303594202,0.00011573835945455357,0.0009784880094230175,0.0020785138476639986,0.0006019950960762799,0.004453239031136036,0.003984618466347456,0.007188411895185709,2.848420808732044e-05,0.00011205354530829936,7.66431912779808e-05,0.004349864553660154,0.0016381395980715752,0.00039329074206762016,0.007078757509589195,0.0029683972243219614,0.006916819605976343,0.004252951126545668,0.0013932095607742667,0.0007275047246366739,0.0037531715352088213,0.002082495018839836,0.0015761221293359995,0.00026530722971074283,0.0015136927831918001,0.004476573783904314,0.00010931657743640244,0.00023107134620659053,0.0002786964178085327,0.00044349112431518734,0.0014100463595241308,0.0004908907576464117,0.00012000422429991886,0.001059873728081584,0.0017633272800594568,0.004032662604004145,0.003244682913646102,0.00248049758374691,0.0021443855948746204,0.004085008520632982,0.002283527050167322,0.008120721206068993,0.00080003502080217,0.0021679545752704144,0.005355095490813255,0.00025492862914688885,0.00024206438683904707,0.0008609635988250375,0.001609268831089139,0.003792085684835911,0.0016594929620623589,0.01753116212785244,0.002095835981890559,0.0017550018383190036,0.00399060221388936,0.002699105301871896,0.0008662998443469405,0.0006428937194868922,0.0025648786686360836,0.0011664989870041609,0.0021781092509627342,0.011232464574277401,0.003301901277154684,0.0017152156215161085,0.004199552815407515,0.002339746803045273,0.004272446036338806,0.013381254859268665,0.0038739130832254887,0.009921488352119923,0.013474940322339535,0.006482716184109449,0.021317681297659874,0.014619731344282627,0.0055641294457018375,0.007040167693048716,0.04398278892040253,0.004137813113629818,0.0026649441570043564,0.035307418555021286,0.03163610026240349,0.14936918020248413
0.2555418014526367,8.640008309157565e-05,0.00015386073209811002,0.00027513341046869755,0.0012650759890675545,0.00020939222304150462,0.003550840076059103,0.007946457713842392,0.012299333699047565,2.0822913938900456e-05,4.493093729251996e-05,5.469479219755158e-05,0.002706170314922929,0.0006516106659546494,0.0003647189005278051,0.00980344321578741,0.003272067289799452,0.011391245760023594,0.01338233333081007,0.003011303720995784,0.0017346655949950218,0.010356290265917778,0.003142785979434848,0.0017777675529941916,0.000552628596778959,0.0031118597835302353,0.0126348240301013,0.00010596963693387806,0.00019828334916383028,0.00021968604414723814,0.00043294098577462137,0.0038148052990436554,0.000777931185439229,0.0003225982072763145,0.0015931102680042386,0.001316137844696641,0.008973286487162113,0.004003935027867556,0.004463639575988054,0.004126914776861668,0.0030130704399198294,0.0014303780626505613,0.004292619880288839,0.0003610278363339603,0.0012870351783931255,0.005543489009141922,0.00015305836859624833,6.509448576252908e-05,0.00023060782405082136,0.00020650390069931746,0.0007176278159022331,0.0005415567429736257,0.036808405071496964,0.0010732077062129974,0.0006650920840911567,0.0017772141145542264,0.0008166363695636392,0.0009673088206909597,0.0013391621178016067,0.01633445732295513,0.0021341503597795963,0.0017537730745971203,0.007810692302882671,0.001215534284710884,0.0003998070314992219,0.002470901468768716,0.0011493399506434798,0.001544080674648285,0.015489799901843071,0.0013768502976745367,0.005433929618448019,0.038043249398469925,0.010390492156147957,0.027131253853440285,0.019624415785074234,0.007379929069429636,0.011720389127731323,0.025378592312335968,0.0015277566853910685,0.00035793843562714756,0.003513527102768421,0.0042538889683783054,0.04960647597908974,0.2929780185222626
0.3614013195037842,0.00048782522208057344,4.160623575444333e-05,0.0004499734495766461,0.0004033570585306734,0.00027265006792731583,0.0002574367681518197,0.020687490701675415,0.0011294609867036343,0.00012682561646215618,0.00016875131404958665,0.0003371083876118064,0.0007302307058125734,0.0017244558548554778,0.0015028825728222728,0.0016410850221291184,0.0070130727253854275,0.03534933552145958,0.0008546009776182473,0.012072094716131687,0.011646538972854614,0.001294153044000268,0.003168789204210043,0.010736634023487568,6.93256442900747e-05,0.009476103819906712,0.0007676332024857402,0.0003728895680978894,0.0006109841633588076,0.00029566403827629983,0.00019631862232927233,0.00013233409845270216,0.00021440649288706481,3.119781831628643e-05,0.0012857055990025401,0.0011298434110358357,0.0017311787232756615,0.008127995766699314,0.013808579184114933,0.001063416013494134,0.003350950079038739,0.007499259430915117,0.001463474240154028,0.000381816498702392,0.0030538460705429316,0.0009584723738953471,0.00046389864291995764,0.00027809946914203465,0.0008275252184830606,0.0007919136551208794,0.0009594042785465717,0.0024146498180925846,0.0018416986567899585,0.0028613279573619366,0.0045431237667799,0.025821801275014877,0.0016463049687445164,0.012603487819433212,0.00733407074585557,0.0010907708201557398,0.0022685492876917124,0.006604311056435108,0.001158856088295579,0.0005572642548941076,0.0018109114607796073,0.0014256431022658944,0.0016298785340040922,0.014039481990039349,0.0015312065370380878,0.0017995093949139118,0.01767582818865776,0.001751283067278564,0.004423933569341898,0.02901349402964115,0.0013247014721855521,0.0013332630041986704,0.03071722760796547,0.01030458603054285,0.0037518232129514217,0.0009347838931716979,0.0021132847759872675,0.005679473280906677,0.025365276262164116,0.025653649121522903,0.21413449943065643
0.5285606980323792,0.0005705624935217202,0.0001355124550173059,0.0006015528924763203,0.0008889120072126389,0.00017808988923206925,0.000711567176040262,0.0032731792889535427,0.002869488438591361,7.308110798476264e-05,0.0003026420599780977,0.00017945183208212256,0.000888368405867368,0.00034290424082428217,0.0005485955043695867,0.0019629301968961954,0.0037624891847372055,0.011957114562392235,0.0031893739942461252,0.002577372593805194,0.00324801541864872,0.003087146207690239,0.004107811022549868,0.002707095118239522,0.00015679160424042493,0.001867955201305449,0.0014006358105689287,0.000287930597551167,0.00040376183460466564,0.000324451393680647,0.000141991869895719,7.804604683769867e-05,4.684382292907685e-05,1.206667184305843e-05,0.00035675225080922246,0.0009743901900947094,0.0012861748691648245,0.0026611266657710075,0.0035799110773950815,0.001042438205331564,0.0026175309903919697,0.00582497613504529,0.004484576638787985,0.0006658430793322623,0.002929405076429248,0.0032796284649521112,0.0006667282432317734,0.0006404410232789814,0.0013722868170589209,0.0006155478768050671,0.0007472462020814419,0.0007396020228043199,0.0012896391563117504,0.0004585411516018212,0.0005404566181823611,0.00581737607717514,0.00048167689237743616,0.002095618052408099,0.0009730284218676388,0.0007980879163369536,0.0005274945870041847,0.0011446471326053143,0.002092764712870121,0.0004782156611327082,0.0009025526233017445,0.0019754411187022924,0.002080826321616769,0.006521561183035374,0.0033442911226302385,0.0003785025328397751,0.004866775590926409,0.0018941541202366352,0.001967807998880744,0.010882741771638393,0.0019744259770959616,0.0005555872339755297,0.00847259908914566,0.02170969918370247,0.00600401172414422,0.0020875842310488224,0.008005478419363499,0.011903786100447178,0.029343485832214355,0.023755205795168877,0.06900576502084732,0.14974109828472137
0.20734183490276337,0.0007007461972534657,8.892032928997651e-05,0.005718650761991739,0.00038787242374382913,6.472454697359353e-05,0.000350314105162397,0.001032219617627561,0.0007254148367792368,5.020598109695129e-05,0.0001536807685624808,3.3450771297793835e-05,0.0013557845959439874,0.00011711201659636572,5.604873149422929e-05,0.0006540723843500018,0.0006154637085273862,0.0012246775440871716,0.0004053782904520631,0.00037664020783267915,0.0005196775309741497,0.0015107296640053391,0.0004002174537163228,0.00014289189130067825,3.045527046197094e-05,0.0002036284131463617,0.0007682606810703874,0.0003367873141542077,0.0006943900953046978,0.0007821008912287652,4.5934935769764706e-05,2.7310446967021562e-05,1.7097729141823947e-05,4.152787369093858e-06,7.268291665241122e-05,0.00033271111897192895,0.0002000072126975283,0.0008804922690615058,0.0006806924939155579,0.00037180856452323496,0.0006641957443207502,0.0007660847622901201,0.0009407003526575863,3.107952943537384e-05,0.0002696318842936307,0.001212066737934947,0.0007336459239013493,0.0006838726694695652,0.0011723372153937817,0.010564944706857204,0.0011511959601193666,0.0007188932504504919,0.0008102108258754015,0.00018806004663929343,0.00012957396393176168,0.0018710620934143662,0.0010659469990059733,0.0011362654622644186,0.0005560964345932007,0.00040176871698349714,0.00010339063010178506,0.00038803427014499903,0.0034404301550239325,0.0025934893637895584,0.019149331375956535,0.0033495849929749966,0.0025784692261368036,0.009163611568510532,0.0016232049092650414,0.0003674535546451807,0.001912666717544198,0.0004314278776291758,0.00038855639286339283,0.0039227185770869255,0.0014812200097367167,0.0001378176239086315,0.003622704418376088,0.0210284274071455,0.01661640778183937,0.013712704181671143,0.024148806929588318,0.2763638496398926,0.02186734601855278,0.0068579246290028095,0.13872665166854858,0.04018111899495125,0.1312996745109558
0.31064894795417786,0.00022611561871599406,0.00019213302584830672,0.0007408094825223088,0.001448959344998002,0.0005949137848801911,0.0006886958726681769,0.00609313091263175,0.001184307038784027,5.283187056193128e-05,0.00013995783228892833,0.000202093186089769,0.0007876958115957677,0.0008869779412634671,0.0005959344562143087,0.00046083415509201586,0.001006486127153039,0.012715036049485207,0.0015460187569260597,0.0036883980501443148,0.005359041504561901,0.0008481965051032603,0.0013106252299621701,0.004410893190652132,0.00018408191681373864,0.003589817089959979,0.0020974543876945972,0.0001740244188113138,0.00028971268329769373,0.0005145955365151167,0.0005613924586214125,0.000630018359515816,0.0004123784019611776,6.591205601580441e-05,0.0007461794884875417,0.0008496181108057499,0.002269597025588155,0.004221532493829727,0.004141610581427813,0.0004731543594971299,0.00244666775688529,0.004209883511066437,0.0014979690313339233,0.0005775342578999698,0.0027894710656255484,0.0019319457933306694,0.00028921771445311606,0.000247241638135165,0.001251916983164847,0.000682458165101707,0.0016019181348383427,0.0012193522416055202,0.001764141139574349,0.0009985483484342694,0.0013013544958084822,0.011692010797560215,0.0019292649812996387,0.006242907140403986,0.003981929738074541,0.0010214759968221188,0.00250552617944777,0.0063752904534339905,0.004721973557025194,0.0009965668432414532,0.0012773493072018027,0.001973038539290428,0.003063289914280176,0.013824676163494587,0.009138031862676144,0.005428495816886425,0.018429430201649666,0.0018264171667397022,0.0015670743305236101,0.022146107628941536,0.002331518568098545,0.0009762425324879587,0.02432655729353428,0.019811052829027176,0.0035612082574516535,0.0018887983169406652,0.0045165070332586765,0.003965725190937519,0.02014128863811493,0.01785404421389103,0.0588793121278286,0.05970911681652069,0.05101363733410835,0.21302439272403717
0.26328045129776,0.00011702607298502699,0.0007484660018235445,0.001057615620084107,0.004903682041913271,0.0009303197730332613,0.005106497090309858,0.00789061188697815,0.00831143744289875,1.3732656043430325e-05,3.0337105272337794e-05,8.820989023661241e-05,0.005036721006035805,0.0010473860893398523,0.000574587844312191,0.0038376955781131983,0.0010472602443769574,0.008452950976788998,0.00969354435801506,0.003125295275822282,0.002623507985845208,0.009205568581819534,0.0024047610349953175,0.0014092123601585627,0.0012327666627243161,0.001900659641250968,0.009945082478225231,3.671420199680142e-05,9.278100333176553e-05,0.000306311238091439,0.0012168913381174207,0.012430123053491116,0.0015672945883125067,0.0003950875252485275,0.0006618581828661263,0.0006678365753032267,0.008836264722049236,0.005368928425014019,0.0023267799988389015,0.00228320830501616,0.003615081310272217,0.0013470781268551946,0.00498338183388114,0.0005685628857463598,0.001963133690878749,0.0036517486441880465,8.860307571012527e-05,5.9281275753164664e-05,0.00038121393299661577,0.0007895204471424222,0.0013409393141046166,0.0006813992513343692,0.02381523698568344,0.0005882081459276378,0.0002589779905974865,0.0008523068972863257,0.0009292831528000534,0.0011822484666481614,0.0023675058037042618,0.01654023677110672,0.0038525082636624575,0.005480981431901455,0.012012005783617496,0.001203334890305996,0.00031697528902441263,0.0011137878755107522,0.001024746336042881,0.0013952088775113225,0.02321919985115528,0.002291782759130001,0.00399130629375577,0.017580756917595863,0.004329734016209841,0.011963991448283195,0.017782200127840042,0.009129743091762066,0.007493410725146532,0.01957869715988636,0.001102674170397222,0.0004495807224884629,0.0018768052104860544,0.002376312855631113,0.0094063188880682,0.03272390365600586,0.004452496767044067,0.01291030552238226,0.02507099136710167,0.05349284037947655,0.25616803765296936
0.2861596345901489,0.00025754020316526294,0.0003688115393742919,0.0009260970982722938,0.002153766108676791,0.0014348325785249472,0.0008317600004374981,0.014020813629031181,0.00202639470808208,2.101790414599236e-05,7.344642654061317e-05,0.00010074873716803268,0.0013021136401221156,0.0012724464759230614,0.0010946262627840042,0.0010283822193741798,0.0013727823970839381,0.016109870746731758,0.0019222202245146036,0.007590590976178646,0.008066816255450249,0.0018579146126285195,0.001971897901967168,0.0034809233620762825,0.00021924856991972774,0.004572002217173576,0.0028751587960869074,7.251810166053474e-05,0.00019995143520645797,0.00040557008469477296,0.00040158999036066234,0.0009715323685668409,0.0008548457408323884,7.286812615348026e-05,0.0005256260628812015,0.0009879306890070438,0.0017205235781148076,0.007964173331856728,0.003155976999551058,0.000687351159285754,0.004013382829725742,0.0023897585924714804,0.00208120234310627,0.0004546502896118909,0.0027450737543404102,0.0012739180820062757,0.0001285415783058852,0.00019571300072129816,0.0003113717830274254,0.0010502745863050222,0.001689899479970336,0.0017119389958679676,0.003200330538675189,0.0007326352642849088,0.0004894666490145028,0.0032702339813113213,0.001117061940021813,0.0053560771048069,0.0055343168787658215,0.0020065910648554564,0.002678303513675928,0.00819635484367609,0.0043091243132948875,0.0010619133245199919,0.0012615104205906391,0.001649866928346455,0.002119556302204728,0.005118940025568008,0.005036584567278624,0.0041617597453296185,0.018409699201583862,0.0032259603030979633,0.0022633569315075874,0.01960212178528309,0.0021956139244139194,0.003165704431012273,0.01720445789396763,0.016122570261359215,0.0017245893832296133,0.0011348380940034986,0.0017948461463674903,0.004861309193074703,0.013569148257374763,0.01417520921677351,0.03027418442070484,0.04678168520331383,0.033160269260406494,0.08254735916852951,0.10065531730651855,0.13065317273139954
0.30615681409835815,0.000552792102098465,0.0008457961375825107,0.0016787275671958923,0.00498963613063097,0.0022422759793698788,0.0026856528129428625,0.030928924679756165,0.006985943298786879,9.835661330725998e-05,6.859741552034393e-05,8.7038628407754e-05,0.001372599508613348,0.00099665648303926,0.0014320694608613849,0.0019485785160213709,0.0015141102485358715,0.021258624270558357,0.0013153821928426623,0.005270213820040226,0.013244821690022945,0.005227303132414818,0.005397913511842489,0.007143395021557808,0.0005753445439040661,0.004394859541207552,0.007606577128171921,0.0002878738450817764,0.0003194966120645404,0.00031801252043806016,0.00081878766650334,0.0015983340563252568,0.0013721303548663855,0.0002595175174064934,0.0012773167109116912,0.0006846527103334665,0.0036475793458521366,0.010727357119321823,0.002416613744571805,0.0010891633573919535,0.0038745421916246414,0.001760629122145474,0.0028228098526597023,0.0018025599420070648,0.003646730910986662,0.002827094867825508,0.00038306298665702343,0.00018589910177979618,0.0009664634708315134,0.0009335318463854492,0.0015497090062126517,0.00318035576492548,0.007692363578826189,0.0011411776067689061,0.0006162734935060143,0.0021923724561929703,0.0004560267843771726,0.002138871466740966,0.003501485800370574,0.002827197080478072,0.004013937432318926,0.0070986514911055565,0.0069581507705152035,0.0012067786883562803,0.0009650570573285222,0.0027029840275645256,0.002291921991854906,0.0034288065508008003,0.0028400346636772156,0.0011363037629052997,0.007623051758855581,0.00853340420871973,0.00710052577778697,0.014830198138952255,0.0030724573880434036,0.0034534288570284843,0.012654220685362816,0.009461060166358948,0.0021900206338614225,0.0005548178451135755,0.0011907315347343683,0.0018903606105595827,0.0031234081834554672,0.008813727647066116,0.008521904237568378,0.014136017300188541,0.007767354138195515,0.01876886934041977,0.04592938348650932,0.07937470823526382,0.20303267240524292
0.465232789516449,0.001427118550054729,0.00017696259601507336,0.00099918432533741,0.0011860844679176807,0.0005376799963414669,0.0009984398493543267,0.008770030923187733,0.012442659586668015,0.0002812327875290066,0.00012964224151801318,0.0002347886038478464,0.001210794085636735,0.000974780588876456,0.0009656132315285504,0.0010079635540023446,0.0014293550048023462,0.008967782370746136,0.0011394660687074065,0.002227170392870903,0.002743486315011978,0.0025914087891578674,0.0015478827990591526,0.0021236382890492678,9.942044562194496e-05,0.0014925837749615312,0.013492884114384651,0.0007375185959972441,0.0006633404991589487,0.00028708059107884765,0.0010738662676885724,0.0010056159226223826,0.0007383186602964997,0.0003362234274391085,0.0010434492724016309,0.0006180325290188193,0.0012523432960733771,0.0022683192510157824,0.0024018529802560806,0.0008553708903491497,0.0005673897685483098,0.001286400598473847,0.0006329476600512862,9.473149839323014e-05,0.0016833343543112278,0.011150619015097618,0.00096156942890957,0.000340633763698861,0.002445976249873638,0.0013688269536942244,0.0013821808388456702,0.001628644298762083,0.0038307015784084797,0.0008891252218745649,0.00046675081830471754,0.0031187073327600956,0.0004570188175421208,0.0017728133825585246,0.00200840481556952,0.001392474863678217,0.00041855996823869646,0.003918564412742853,0.08026926964521408,0.003495612181723118,0.0018736413912847638,0.0027807129081338644,0.001098916749469936,0.013588258065283298,0.004134292248636484,0.0011343570658937097,0.007763176690787077,0.0031736374367028475,0.003467992413789034,0.010468668304383755,0.005348799284547567,0.0028684991411864758,0.008556193672120571,0.06490214914083481,0.00794030912220478,0.0005228363443166018,0.0013442180352285504,0.0029802294448018074,0.0028481122571974993,0.0017583228182047606,0.0007757462444715202,0.0028609915170818567,0.0026886654086411,0.0014858781360089779,0.0015893548261374235,0.0009587655076757073,0.0073547461070120335,0.16043896973133087
0.267789363861084,0.0006898504798300564,0.0002350217109778896,0.001612334861420095,0.0033517847768962383,0.0015251616714522243,0.0022713595535606146,0.008091337978839874,0.01717837154865265,0.00046568995458073914,0.00026346283266320825,0.00018096962594427168,0.0012018437264487147,0.0012121550971642137,0.0005364876124076545,0.0019652124028652906,0.0012928309151902795,0.009613207541406155,0.0027202756609767675,0.0005328014376573265,0.0014678012812510133,0.00315043143928051,0.0017146682366728783,0.0018770786700770259,0.00025213140179403126,0.0004953285679221153,0.0110312569886446,0.0002735255693551153,0.0008203247562050819,0.0004425752558745444,0.0005870944587513804,0.0012104857014492154,0.0003735301143024117,0.0001925630058394745,0.001458335667848587,0.0013994468608871102,0.0011381724616512656,0.0006791686173528433,0.0005473339697346091,0.00021184234356041998,0.0008714586729183793,0.0002692835114430636,0.0007283327868208289,7.706874021096155e-05,0.00034286826848983765,0.0037856553681194782,0.0003381078422535211,0.00045720278285443783,0.0007445082883350551,0.0010333886602893472,0.0006369981565512717,0.0006044768379069865,0.006366122514009476,0.0034904838539659977,0.000920065154787153,0.0008535378146916628,0.0002453938650432974,0.00017821084475144744,0.00036586442729458213,0.0017408666899427772,0.0005434118793345988,0.0014523073332384229,0.03776027262210846,0.0019967046100646257,0.0017123291036114097,0.004555135034024715,0.0027759752701967955,0.00465808343142271,0.008688387461006641,0.0016247171442955732,0.0020735610742121935,0.010160909965634346,0.0034415130503475666,0.007788539864122868,0.012567335739731789,0.0007680119015276432,0.002519418718293309,0.028403425589203835,0.0026429216377437115,0.0004012224671896547,0.0013124907854944468,0.0021024979650974274,0.0016887153033167124,0.0019221944967284799,0.0005775691824965179,0.0012029065983369946,0.002163090743124485,0.0011535272933542728,0.002043756889179349,0.0016802652971819043,0.008615569211542606,0.24668341875076294,0.21621741354465485
0.5747320652008057,0.000484485033666715,0.00010277363617205992,0.00043173524318262935,0.001434455974958837,0.0009510194649919868,0.000776117667555809,0.024600354954600334,0.004376254044473171,0.0006001760484650731,0.000180414630449377,0.00030623385100625455,0.0004147679137531668,0.00027569328085519373,0.00012000946298940107,0.0008804505341686308,0.008456316776573658,0.024977615103125572,0.0014146161265671253,0.0014795332681387663,0.0005510107730515301,0.0009131715050898492,0.003715642960742116,0.00278073619119823,0.00015241108485497534,0.0015200204215943813,0.0015773501945659518,0.0001930861471919343,0.0007495922036468983,0.0008351613651029766,0.0005758007173426449,0.0009850075002759695,0.00014647003263235092,6.805222801631317e-05,0.00039357657078653574,0.001230253023095429,0.002855415688827634,0.0020717945881187916,0.0004974064067937434,0.00010525269317440689,0.00014651445962954313,0.00012118184531573206,0.00010943942470476031,9.769716416485608e-05,9.45295614656061e-05,0.00018935206753667444,8.7655134848319e-05,6.640850915573537e-05,0.00024946036865003407,0.0003822004946414381,0.00019847220391966403,0.0002487496822141111,0.0011671441607177258,0.0005693146958947182,0.003007907420396805,0.0008636809652671218,0.0003452841192483902,0.00014606618788093328,0.00040531615377403796,0.001015529502183199,0.00016292794316541404,0.0009918727446347475,0.004021282307803631,0.002059485297650099,0.0007645494188182056,0.0014268243685364723,0.0008237521396949887,0.0038253602106124163,0.0015291672898456454,0.00014306108641903847,0.0006781291449442506,0.002769102808088064,0.014947699382901192,0.00432670908048749,0.005736437160521746,0.007105336524546146,0.000811171717941761,0.0021005559246987104,0.000558668514713645,0.00010135605407413095,0.0002809165744110942,0.0005423962138593197,0.00047297158744186163,0.0012795260408893228,0.00032888614805415273,0.0003995812148787081,0.00039820640813559294,0.0004498183843679726,0.0007360414601862431,0.0003577216120902449,0.0021913473028689623,0.013092709705233574,0.024284332990646362,0.22187787294387817
0.5372840762138367,0.0005410017329268157,0.00017430062871426344,0.0003604356897994876,0.0013682475546374917,0.0010738909477367997,0.0008087088936008513,0.012707113288342953,0.0033631452824920416,0.00039505521999672055,0.00022761462605558336,0.0001310825755354017,0.0002743435325101018,0.000685103063005954,0.0003042573225684464,0.0004454903828445822,0.0005166613264009356,0.014291738159954548,0.0015013307565823197,0.001909726532176137,0.0025051285047084093,0.0003855193790514022,0.0005513511714525521,0.004294969607144594,0.00017119754920713603,0.0016333907842636108,0.0023590456694364548,0.00014442316023632884,0.0004104431136511266,0.000285973132122308,0.0006752126500941813,0.0006374089862219989,0.0002739975752774626,9.582453640177846e-05,0.000934150826651603,0.0007023126818239689,0.0015970634995028377,0.001982541987672448,0.0007667549652978778,5.199158476898447e-05,0.0004018868785351515,0.00017674163973424584,0.00011512748460518196,0.00011492409976199269,0.00025529327103868127,0.0005666108336299658,0.00011387946142349392,0.0001912499574245885,0.00030204563518054783,0.0002520988055039197,0.0004330817027948797,0.0004967785207554698,0.0009512916440144181,0.0014943291898816824,0.0017499609384685755,0.0017311079427599907,0.00032779364846646786,0.0004399118188302964,0.0004424138751346618,0.0005509774200618267,0.0002376205666223541,0.00109332415740937,0.005514624062925577,0.0010890974663197994,0.001005731988698244,0.0035566638689488173,0.0026635511312633753,0.00589872756972909,0.0020076187793165445,0.0007453821017406881,0.001888716360554099,0.0021314872428774834,0.0006748054875060916,0.004474489949643612,0.002082093618810177,0.00035969860618934035,0.003340492956340313,0.005931403022259474,0.0007716584950685501,0.00013556912017520517,0.0005524765001609921,0.0005232221446931362,0.0009791800985112786,0.0010195402428507805,0.0013809225056320429,0.0015512587269768119,0.000980550074018538,0.001469308859668672,0.00164881837554276,0.0014197399141266942,0.005845686420798302,0.04292577505111694,0.09569446742534637,0.02341611683368683,0.16506057977676392
0.7549092769622803,0.0004375364806037396,8.819101640256122e-05,0.00013190256140660495,0.00035972928162664175,0.0003251916787121445,0.00021464914607349783,0.004937530495226383,0.0018631540006026626,0.00020209624199196696,0.00015347759472206235,0.0001345701894024387,0.00012066405906807631,0.00012174051516922191,0.00012247766426298767,6.824010779382661e-05,9.66892548603937e-05,0.002473662607371807,0.00035156510421074927,0.0009000280406326056,0.0005649026134051383,8.101040293695405e-05,6.293772457865998e-05,0.0006144176586531103,2.0313591448939405e-05,0.0005742249777540565,0.0007702615112066269,6.925044726813212e-05,0.0002740651252679527,0.00024981366004794836,0.0003833905793726444,0.0003170091949868947,0.00010642920824466273,3.9757062040735036e-05,0.0001370177196804434,0.0001644656585995108,0.00034209463046863675,0.0006847091717645526,0.00068231753539294,3.439177817199379e-05,8.142758451867849e-05,0.00010118009231518954,1.8719325453275815e-05,2.100016899930779e-05,0.00014480543904937804,0.00021153848501853645,5.347892874851823e-05,0.00014210706285666674,0.00011137135152239352,0.00019854205311276019,0.00016456794401165098,0.000189109705388546,0.00022204524429980665,0.00016292204963974655,0.00029955749050714076,0.000685913662891835,9.781351400306448e-05,0.00036431275657378137,0.0002869686286430806,0.00013716481043957174,1.769290611264296e-05,0.00038933230098336935,0.0020973170176148415,0.0005906193982809782,0.0005209747469052672,0.0010282917646691203,0.00041763842455111444,0.003906506113708019,0.0006132918642833829,0.00010248109902022406,0.0009277305216528475,0.00040402309969067574,0.00017436112102586776,0.0007277911063283682,0.0005110785132274032,0.0002885465801227838,0.0010838523739948869,0.003652410814538598,0.0005060398834757507,5.796645928057842e-05,0.00011408793943701312,0.00021674588788300753,0.00022582347446586937,0.00014034006744623184,0.0002975218230858445,0.0005619183648377657,0.00021740086958743632,0.0002857413492165506,0.0003136938321404159,0.00036472539068199694,0.001121168490499258,0.011732966639101505,0.013804694637656212,0.008670153096318245,0.053571056574583054,0.1124642863869667
0.30991262197494507,0.00022294583322945982,0.00016571152082178742,0.0004777771537192166,0.0007643483113497496,0.00024527456844225526,0.0004839635221287608,0.007530755829066038,0.01397547498345375,8.716233423911035e-05,0.00016434260760433972,0.00027641127235256135,0.0017004190012812614,0.0003728274314198643,0.00038518206565640867,0.0014442062238231301,0.0015452192164957523,0.013037418015301228,0.002997803268954158,0.0013914700830355287,0.0024512584786862135,0.004201707895845175,0.0007451647543348372,0.001219695433974266,6.5842796175275e-05,0.000556156097445637,0.009573115967214108,5.823349056299776e-05,0.00025218803784810007,0.00032567529706284404,0.0007112575694918633,0.0018844103906303644,0.0001497879857197404,9.917609713738784e-05,0.0003145317896269262,0.0002351514413021505,0.001908052945509553,0.0016203398117795587,0.0015418085968121886,0.0007970760343596339,0.0005695608560927212,0.00042590984958224,0.0005932852509431541,4.138499207329005e-05,0.00036360303056426346,0.003934807609766722,8.795778558123857e-05,0.00016858568415045738,0.0004988797008991241,0.0005899951793253422,0.00032410287531092763,0.00042114255484193563,0.0037584600504487753,0.0004141356039326638,0.0004907374968752265,0.0014760398771613836,0.0002543704176787287,0.00098570401314646,0.001341317081823945,0.006193479057401419,0.0005847348365932703,0.0026581441052258015,0.020025357604026794,0.0011598161654546857,0.0007776359561830759,0.002221934963017702,0.000975077273324132,0.006292585749179125,0.007709210272878408,0.00027840310940518975,0.0014575849054381251,0.005296117626130581,0.0020819578785449266,0.00577927939593792,0.007353883236646652,0.0014491495676338673,0.0027505194302648306,0.03371679037809372,0.0009663701057434082,0.00012647718540392816,0.0005317413597367704,0.0010395781137049198,0.001784365507774055,0.00578787736594677,0.000456843466963619,0.0023053933400660753,0.0021763627883046865,0.0009619221091270447,0.0039541469886898994,0.0005968530895188451,0.004143839236348867,0.04120682179927826,0.03034965693950653,0.02067399211227894,0.03266843780875206,0.031885579228401184,0.3069901466369629
0.5684664845466614,0.0007354138069786131,0.00035108780139125884,0.0002952075737994164,0.0005305038066580892,0.0001643472642172128,5.3429936087923124e-05,0.005243947263807058,0.001882915268652141,0.0003489436348900199,0.0003953416016884148,0.0007793718832544982,0.0006400186684913933,0.00040130794513970613,0.0004967318382114172,0.0005880749667994678,0.005121790338307619,0.009291442111134529,0.0010059135966002941,0.0012762860860675573,0.0012223039520904422,0.0008192149107344449,0.000969112734310329,0.0011577332625165582,3.0280758437584154e-05,0.0005107999895699322,0.0005594522226601839,0.00011265547072980553,0.0005367774283513427,0.0012663756497204304,0.0009419515263289213,0.001025800476782024,0.00021657798788510263,0.00012892828090116382,0.0004644975997507572,0.0003104514617007226,0.0011701085604727268,0.0013290571514517069,0.0008710784022696316,0.0012807413004338741,0.0013310516951605678,0.0007204004796221852,0.00017305868095718324,3.377521352376789e-05,5.999508357490413e-05,0.0001176707519334741,7.23976336303167e-05,4.967235145159066e-05,7.115324115147814e-05,0.0001936278131324798,5.746826354879886e-05,0.00014220792218111455,0.0004904945380985737,0.00027541432064026594,0.0009056413546204567,0.0004982170066796243,0.00019207849982194602,0.0005049619358032942,0.0011728411773219705,0.005582735873758793,0.0006875362014397979,0.0011430493323132396,0.0015316637000069022,0.0006359943654388189,0.0003687177086248994,0.0008802825468592346,0.0008234594715759158,0.00431091757491231,0.0022732955403625965,0.00016252398199867457,0.001953414175659418,0.002290118020027876,0.0065421476028859615,0.0025254671927541494,0.0009262965177185833,0.0014533073408529162,0.0007780651794746518,0.0038684019818902016,0.0014214833499863744,0.00018519976583775133,0.00027493436937220395,0.0003165389352943748,0.00041979935485869646,0.0019236868247389793,0.00035657070111483335,0.0009139969479292631,0.000327005865983665,0.0004416286537889391,0.0009365681326016784,0.0002754277375061065,0.00109108816832304,0.0032576967496424913,0.0025550355203449726,0.009046896360814571,0.007530350238084793,0.008859354071319103,0.04787839576601982,0.2531962990760803
0.2816547155380249,0.0004516462213359773,0.00010958206985378638,0.00014275236753746867,0.00019238158711232245,7.854162686271593e-05,2.0231958842487074e-05,0.004320526961237192,0.0006488140788860619,0.00016972726734820753,0.00020914712513331324,0.000606101006269455,0.00017585755267646164,0.00034912399132736027,0.0008194128167815506,0.00011604080646065995,0.0005939336842857301,0.014394915662705898,0.0005881763645447791,0.0038734774570912123,0.00825648196041584,0.0001696947292657569,0.00015723035903647542,0.007417692802846432,4.259248817106709e-05,0.003094715066254139,0.0008035569917410612,9.2064801719971e-05,0.00044292915845289826,0.0004177359223831445,0.00043833203380927444,0.00026786906528286636,0.00021103971812408417,6.290680903475732e-05,0.000616449979133904,0.00018348847515881062,0.000628168520051986,0.002334830816835165,0.00455462746322155,0.00026325302314944565,0.0008382943924516439,0.0014214295661076903,8.4981023974251e-05,3.235432814108208e-05,0.0002703141944948584,0.0002295917074661702,3.872243541991338e-05,6.187774852151051e-05,6.437311822082847e-05,9.148688695859164e-05,6.620342173846439e-05,0.00018251028086524457,0.00015799558605067432,0.0002685154031496495,0.0005336863687261939,0.0036223004572093487,0.00017415884940419346,0.0028554436285048723,0.0013218491803854704,0.0007512795855291188,0.00046684592962265015,0.0030354252085089684,0.0023839804343879223,0.00038211222272366285,0.0007087214617058635,0.0007314782124012709,0.0005408503348007798,0.01345726940780878,0.0008130725473165512,0.0002780561917461455,0.005372433923184872,0.00021671585272997618,0.0002287578972755,0.006711880210787058,0.0001632008352316916,7.813482807250693e-05,0.007269027642905712,0.008078400045633316,0.0011485849972814322,0.00013404282799456269,0.00034535519080236554,0.0005021927645429969,0.00106563710141927,0.0012607605895027518,0.009464221075177193,0.0050680022686719894,0.0009917893912643194,0.0022142711095511913,0.001241546357050538,0.0005903917481191456,0.0030309907160699368,0.00840088166296482,0.004815217107534409,0.0015300019877031446,0.03711005672812462,0.04776490852236748,0.02345043048262596,0.010756007395684719,0.4351601302623749
0.45696693658828735,0.00022092786093708128,7.529986760346219e-05,0.0003007973136845976,0.0006644892273470759,0.0003740152169484645,0.00010870660480577499,0.005975834093987942,0.0019288177136331797,0.0001775294222170487,0.0005001517129130661,0.0011493762722238898,0.0014182416489347816,0.0012436055112630129,0.0015577570302411914,0.0006933886907063425,0.0024874245282262564,0.01370314508676529,0.0017310441471636295,0.0014763267245143652,0.002631505485624075,0.00052738405065611,0.0005090374615974724,0.004150573629885912,9.291600144933909e-05,0.0011576549150049686,0.0008424945990554988,5.3863986977376044e-05,0.00037512631388381124,0.0009948649676516652,0.0006746259168721735,0.0008118426194414496,0.0003381044080015272,8.006354619283229e-05,0.0006952662370167673,0.0007562277605757117,0.0016438355669379234,0.002619975246489048,0.0019512273138388991,0.0006757620722055435,0.00161558308172971,0.0018309581791982055,0.0011594187235459685,0.0002239068562630564,0.0004507830599322915,0.0003003522870130837,4.9003421736415476e-05,0.0002337252808501944,9.059117292053998e-05,0.0002708920219447464,0.0001341249590041116,0.0002613831020426005,0.0004909641575068235,0.0009962122421711683,0.0017412209417670965,0.0016832529800012708,0.00043719090172089636,0.0007082202355377376,0.0006466940394602716,0.0013507104013115168,0.0017581398133188486,0.0030644831713289022,0.0022459272295236588,0.0002041250409092754,0.00029828291735611856,0.00036816185456700623,0.0005113839288242161,0.0030308770947158337,0.0014440322993323207,0.0007658110116608441,0.0023075921926647425,0.0008745319209992886,0.0016371707897633314,0.008420155383646488,0.0008314342121593654,0.0005338452756404877,0.00330660049803555,0.0039534782990813255,0.0007920881034806371,0.0003251067246310413,0.0004364421183709055,0.0007349416264332831,0.0007397778681479394,0.0005461276159621775,0.0020134856458753347,0.002076004398986697,0.0005614025285467505,0.001016385038383305,0.0006992946728132665,0.0011393175227567554,0.0027290359139442444,0.005262707360088825,0.005177784711122513,0.004348900634795427,0.016304118558764458,0.009523577056825161,0.016922296956181526,0.026752755045890808,0.16226807236671448,0.175062894821167
0.4608582854270935,0.00014720007311552763,7.917707989690825e-05,0.00014423709944821894,0.0008019605302251875,0.0005789052229374647,0.00024080016009975225,0.006453005131334066,0.00199901987798512,0.0001336501445621252,0.00019135966431349516,0.0005947723984718323,0.0008937485399655998,0.003521324833855033,0.0017609739443287253,0.0007609199383296072,0.0012903714086860418,0.013645647093653679,0.001469213399104774,0.0009337258525192738,0.0016033872961997986,0.00024056545225903392,0.00023469320149160922,0.0025816031266003847,4.310814620112069e-05,0.0010839111637324095,0.0006957829464226961,3.345976074342616e-05,8.752026769798249e-05,0.00026929183513857424,0.0006001227884553373,0.0009486989583820105,0.0008776755421422422,0.00016521968063898385,0.0020053775515407324,0.0006210539140738547,0.0016021584160625935,0.001886379555799067,0.0007350555388256907,0.0006840267451480031,0.0016687216702848673,0.000938964425586164,0.0006626539980061352,0.0007876685704104602,0.0006664760294370353,0.00022456517035607249,3.095165448030457e-05,4.9478763685328886e-05,3.2113985071191564e-05,4.45071782451123e-05,6.036448394297622e-05,0.00015643183724023402,0.0003416425606701523,0.002372457878664136,0.002285668160766363,0.0012993768323212862,0.0007690473576076329,0.0005397117347456515,0.000500890368130058,0.0007663004798814654,0.002143343212082982,0.0018536552088335156,0.001983348047360778,0.00021385960280895233,0.00020077962835785002,0.00037477014120668173,0.0005879426607862115,0.0011628953507170081,0.0012284718686714768,0.0015344202984124422,0.002652942668646574,0.0009984368225559592,0.0009127295343205333,0.006243930198252201,0.0008946068119257689,0.0006257551140151918,0.0024974229745566845,0.00210139830596745,0.00023473709006793797,6.594297155970708e-05,0.00018337147776037455,0.00022903300123289227,0.0006328943418338895,0.0006358333630487323,0.00039322293014265597,0.000773415551520884,0.00016247904568444937,0.0005432578036561608,0.000618860125541687,0.0010564624099060893,0.0027496437542140484,0.003473469754680991,0.005990492645651102,0.003225388703867793,0.016516178846359253,0.007370796054601669,0.012114714831113815,0.014809108339250088,0.0584077425301075,0.1444183886051178,0.1694883555173874
0.4831002652645111,0.0003735871287062764,0.00013309331552591175,0.00013667625898960978,0.000604046625085175,0.00030510869692079723,0.00016470793343614787,0.007374531589448452,0.001956144580617547,8.694435382494703e-05,8.836432971293107e-05,0.0002502850256860256,0.00047804214409552515,0.001109150587581098,0.0014388617128133774,0.0010701250284910202,0.002304314635694027,0.024388747289776802,0.0023693267721682787,0.003048595739528537,0.0024558608420193195,0.0008651314419694245,0.0004671633942052722,0.0035058981738984585,6.894893886055797e-05,0.0025564569514244795,0.001237146439962089,5.639929077005945e-05,7.001963240327314e-05,0.00014546392776537687,0.00032141615520231426,0.0008233135449700058,0.0003909346414729953,0.00012129406968597323,0.0008624327601864934,0.0003665632684715092,0.0021249428391456604,0.003415835089981556,0.0020329845137894154,0.0012925491901114583,0.0020450036972761154,0.0009407980251125991,0.0010503251105546951,0.0005308108520694077,0.0008096700767055154,0.00036437169183045626,4.963715036865324e-05,3.109995668637566e-05,2.769437196548097e-05,6.154463335406035e-05,5.201611202210188e-05,0.00016345531912520528,0.0005150155047886074,0.0006974542629905045,0.0006884135073050857,0.0010837672743946314,0.00045114592649042606,0.0011048360029235482,0.0006892944220453501,0.002704064594581723,0.002664164872840047,0.0037770543713122606,0.003265056060627103,0.0006722733960486948,0.0002975912357214838,0.0003672480524983257,0.0002874727942980826,0.0012984139611944556,0.0018715785117819905,0.0007488088449463248,0.002970778616145253,0.0015320504317060113,0.0015216043684631586,0.010503306053578854,0.0012807415332645178,0.0015740353846922517,0.004897014237940311,0.0026611785870045424,0.00031561782816424966,5.7927260058932006e-05,0.00014937193191144615,0.0004908289411105216,0.0012042782036587596,0.003393415128812194,0.001505161402747035,0.0012639373308047652,0.0005146350595168769,0.0013970020227134228,0.0022297154646366835,0.0013866698136553168,0.005886723753064871,0.004338650964200497,0.004697221331298351,0.005611903499811888,0.018450619652867317,0.009233903139829636,0.018925195559859276,0.024750547483563423,0.07616502791643143,0.08070904016494751,0.04998351261019707,0.07712665945291519
0.5166341066360474,6.432914233300835e-05,6.747218867531046e-05,0.00011375236499588937,0.0008530634804628789,0.00040565014933235943,0.0003298033552709967,0.008368031121790409,0.002961380872875452,4.167947918176651e-05,3.637568079284392e-05,9.1708374384325e-05,0.0004953683237545192,0.0006287963478825986,0.0006057465216144919,0.0015016079414635897,0.0013651951448991895,0.02019343338906765,0.004614776466041803,0.0008950999472290277,0.000737257010769099,0.0005950432387180626,0.0003753001510631293,0.0008624974871054292,7.553608884336427e-05,0.0003943227929994464,0.0005383047391660511,5.69585245102644e-06,1.852142122515943e-05,6.31591901765205e-05,0.00015302996325772256,0.0013017585733905435,0.0001537366333650425,0.00011293475836282596,0.00040513963904231787,0.00022487288515549153,0.0027624291833490133,0.0008132841903716326,0.0002362283121328801,0.0002587510971352458,0.0004004073853138834,6.74287075526081e-05,0.0005490391049534082,0.00018056176486425102,0.00014268016093410552,0.00012806169979739934,8.82589756656671e-06,7.237918907776475e-06,1.1599588106037118e-05,3.1150528229773045e-05,1.4274269233283121e-05,3.349972757860087e-05,0.000457834656117484,0.00031902716727927327,0.00048499988042749465,0.00010339290020056069,0.00010069389827549458,7.8731776739005e-05,0.00017652066890150309,0.0034101996570825577,0.0007664758013561368,0.0006360209663398564,0.0006425241590477526,0.00016306804900523275,7.007585372775793e-05,0.00010760535951703787,0.00011106941383332014,0.0001434887817595154,0.0013608710141852498,0.00017913433839567006,0.0003514837007969618,0.004178602714091539,0.0011107200989499688,0.0032523164991289377,0.003323128679767251,0.0017573783406987786,0.0007594448397867382,0.0007523245876654983,5.682031769538298e-05,1.0797145478136372e-05,2.3221322408062406e-05,0.00012073165999026969,0.0001598350499989465,0.001275745453312993,7.994004408828914e-05,7.478554471163079e-05,9.105701610678807e-05,0.00015388669271487743,0.0005803462699986994,0.0003351513296365738,0.0012396509991958737,0.0010276620741933584,0.003974903840571642,0.007776771206408739,0.005914174020290375,0.000877970946021378,0.012102657929062843,0.018388358876109123,0.012310043908655643,0.02228603884577751,0.026520228013396263,0.014763643965125084,0.273128479719162
0.7228294014930725,0.00016113382298499346,8.550564962206408e-05,2.2125801478978246e-05,0.0003328137972857803,0.0001254219823749736,9.493459219811484e-05,0.002632378600537777,0.0010195092763751745,5.415967098088004e-05,5.181903543416411e-05,4.096964403288439e-05,4.2635747377062216e-05,0.00020709456293843687,0.0001971423189388588,0.00045984028838574886,0.0023894852492958307,0.009494759142398834,0.0023504416458308697,0.0007969174766913056,0.0002720689808484167,0.00032295528217218816,0.001415265491232276,0.0005522589781321585,3.6415807699086145e-05,0.000299748033285141,0.00015392809291370213,1.6650159523123875e-05,2.217722067143768e-05,3.289147571194917e-05,6.403583392966539e-05,9.14686024771072e-05,3.1716848752694204e-05,2.492667226761114e-05,0.00024410734476987273,0.00017856515478342772,0.0005070794140920043,0.00042193435365334153,0.0001221078564412892,0.0001643072027945891,0.0003875300462823361,6.296961510088295e-05,0.0005110850324854255,0.0001977867359528318,0.00014896516222506762,0.00015601131599396467,4.542344686342403e-05,1.8482356608728878e-05,2.257532105431892e-05,1.0618566193443257e-05,4.4185730985191185e-06,1.256194354937179e-05,3.010064574482385e-05,7.539567741332576e-05,0.000112384237581864,4.7729241487104446e-05,2.8401476811268367e-05,4.679384073824622e-05,7.051738066365942e-05,0.00045907023013569415,0.00024184137873817235,0.00020057444635313004,0.00018769913003779948,0.00017075373034458607,9.173794387606904e-05,0.0001540461671538651,0.0001246340834768489,0.00021208616090007126,0.0002873931953217834,5.0652161007747054e-05,0.00033189100213348866,0.0007619575480930507,0.0007633102941326797,0.0014935287181288004,0.000663548766169697,0.0006914695841260254,0.0006181498756632209,0.0007182624540291727,0.00012809688632842153,2.0928799131070264e-05,3.947503864765167e-05,7.239179103635252e-05,0.00019102497026324272,0.0010987224522978067,0.00013420943287201226,0.00020708428928628564,8.687975787324831e-05,0.00010843774362001568,0.00025113660376518965,8.70044605107978e-05,0.0006839663255959749,0.0005121061694808304,0.0008848464349284768,0.0018774262862280011,0.0012900556903332472,0.0004359447048045695,0.003111224388703704,0.006054355297237635,0.0018302875105291605,0.003425236791372299,0.005287260748445988,0.0047853486612439156,0.0937175303697586,0.11510363221168518
0.18574514985084534,0.000173115186044015,3.1211573514156044e-05,2.118915472237859e-05,9.740432142280042e-05,5.330637577571906e-05,7.78047524363501e-06,0.000852827972266823,0.00013757501437794417,1.971454003069084e-05,5.4233165428740904e-05,3.8296766433632e-05,2.198913171014283e-05,4.740167787531391e-05,0.0001927175180753693,3.966020085499622e-05,0.0002019146049860865,0.004212635103613138,0.0006641780491918325,0.0003740841057151556,0.0003559925244189799,3.9214333810377866e-05,4.771367093781009e-05,0.00046812655637040734,9.247855814464856e-06,0.0003077864530496299,6.453646346926689e-05,9.76039154920727e-06,3.8016209146007895e-05,9.062739263754338e-05,8.086121670203283e-05,4.066767723998055e-05,2.5701967388158664e-05,1.2470141882658936e-05,0.00016733427764847875,0.00010268088226439431,0.00021207358804531395,0.0007240587146952748,0.0007817359291948378,8.964069274952635e-05,0.000434928952017799,0.00025378449936397374,0.0003157421888317913,0.0001609523460501805,0.00029456859920173883,7.520400686189532e-05,3.3347521821269765e-05,5.5369255278492346e-05,8.67005110194441e-06,1.3895046322431881e-05,1.7837058976510889e-06,1.0786472557811067e-05,7.83583163865842e-06,4.5549812057288364e-05,5.325510210241191e-05,0.0002892806369345635,1.6401794709963724e-05,0.0005673276027664542,0.00021914111857768148,0.0003742959233932197,0.0004305141919758171,0.0006968293455429375,0.00023145142768044025,0.0001674546510912478,0.0002164773759432137,0.0001014036315609701,4.948347850586288e-05,0.0007972751627676189,0.00029613732476718724,3.7360423448262736e-05,0.0008497810340486467,0.00014457316137850285,0.00013969074643682688,0.002743322867900133,0.00011160539725096896,4.412052658153698e-05,0.0014027782017365098,0.0006909504299983382,0.0001983711845241487,4.997375071980059e-05,4.212644853396341e-05,0.00016272533684968948,0.00010346894123358652,0.00027608798700384796,0.0026020563673228025,0.001188477035611868,0.0002154516987502575,0.0003757521044462919,0.00032101580291055143,0.0007018149481154978,0.0020859017968177795,0.0010667794849723577,0.0014641678426414728,0.0005553721566684544,0.00681017991155386,0.006486862897872925,0.005863173399120569,0.005258795339614153,0.154061958193779,0.09119350463151932,0.025451431050896645,0.35851338505744934,0.045245833694934845,0.011487924493849277,0.0691794902086258
0.36643916368484497,0.0006026686751283705,0.00012501157470978796,0.00016746913024690002,0.0003626578254625201,0.00010413344716653228,1.9673158021760173e-05,0.002961787860840559,0.00045307399705052376,0.00019801418238785118,0.00014979079423937947,0.0006647056434303522,5.960261114523746e-05,0.00011856763740070164,0.0005987967597320676,4.951480877934955e-05,0.0005750814452767372,0.012299700640141964,0.0015015845419839025,0.0018152511911466718,0.0018265709513798356,9.324532584287226e-05,0.00022612375323660672,0.0018280548974871635,4.392675691633485e-05,0.000830740318633616,0.00018657499458640814,5.0635724619496614e-05,9.687420970294625e-05,0.0001239144039573148,6.084915730752982e-05,3.1470372050534934e-05,1.921352668432519e-05,1.0939595085801557e-05,0.00010388685768702999,6.216835754457861e-05,0.00017327105160802603,0.0005961716524325311,0.0013264333829283714,0.00015345291467383504,0.0005222925101406872,0.000602227752096951,0.00012199701450299472,6.230474537005648e-05,0.0004533884348347783,0.00019481091294437647,9.573993884259835e-05,9.062641765922308e-05,7.984310650499538e-05,0.00010826946527231485,1.3236406630312558e-05,3.989983815699816e-05,8.54927839100128e-06,6.578069587703794e-05,9.500955638941377e-05,0.0005795197794213891,5.616099952021614e-05,0.0006030093063600361,0.00025162435485981405,9.698615758679807e-05,0.00021455477690324187,0.001887533930130303,0.0004444254154805094,0.00025470845866948366,0.0007131502497941256,0.00021253548038657755,0.00013940184726379812,0.0028264555148780346,0.0002799604262690991,8.062295091804117e-05,0.001009870320558548,5.138193955644965e-05,0.0001024659359245561,0.004510595928877592,0.00015164822980295867,4.580790482577868e-05,0.004144748672842979,0.0016768841305747628,0.000458467606222257,7.324844773393124e-05,7.334043766604736e-05,0.0003971099795307964,0.00014745212683919817,0.00016729481285437942,0.00263828388415277,0.001331064966507256,0.00046227191342040896,0.00047376201837323606,0.00019455656001809984,0.00016382655303459615,0.001978443004190922,0.0013764118775725365,0.0008881373214535415,0.0007821643957868218,0.0058961003087460995,0.005462124943733215,0.0019137836061418056,0.0026924817357212305,0.15781603753566742,0.04076410457491875,0.011451841332018375,0.06696241348981857,0.006903352215886116,0.0031460397876799107,0.04678942263126373,0.2185976803302765
0.3363015949726105,0.000296075246296823,0.00015575680299662054,0.0009823000291362405,0.0008076195954345167,0.00020124093862250447,0.00022288567561190575,0.008577735163271427,0.0026151707861572504,0.0005920716794207692,0.0005225380882620811,0.0007519705686718225,0.0007304708124138415,0.00038500616210512817,0.00035524164559319615,0.00032661433215253055,0.0011764055816456676,0.014210405759513378,0.0015747630968689919,0.0017241907771676779,0.002216517925262451,0.0007289728382602334,0.0008325556409545243,0.0018135692225769162,2.7050229618907906e-05,0.00047470966819673777,0.0005194696714170277,7.031347195152193e-05,0.0002842311223503202,0.0006528985686600208,0.00011343306687194854,0.00023712936672382057,4.7461639042012393e-05,2.0783532818313688e-05,8.717592572793365e-05,6.942917389096692e-05,0.0005728696705773473,0.0015661371871829033,0.0007438267348334193,0.0006670421571470797,0.0009967037476599216,0.0001815079594962299,0.0003797764074988663,4.425637234817259e-05,0.00010149415174964815,0.0003093898994848132,7.361238385783508e-05,8.720254118088633e-05,0.0001093409227905795,0.0008582713198848069,8.429557055933401e-05,0.0001165904468507506,0.00016289389168377966,0.00013297611440066248,0.0002309109695488587,0.00015346358122769743,0.00011579594138311222,0.00015316714416258037,0.00017388458945788443,0.00037490183603949845,0.00031057343585416675,0.001291822292841971,0.0006828150362707675,0.0004697830881923437,0.0012756616342812777,0.0005893029738217592,0.000659129407722503,0.0017763065407052636,0.0015029245987534523,0.0004350162926129997,0.0008680745959281921,0.0007178892265073955,0.00030484129092656076,0.0034151042345911264,0.0007036119932308793,0.0001815974828787148,0.002547691809013486,0.0036984304897487164,0.0005199236911721528,5.9647700254572555e-05,0.00022004416678100824,0.0016400631284341216,0.000378180731786415,0.001242755213752389,0.000787100347224623,0.00029321640613488853,0.00032402004580944777,0.0005134054226800799,0.0005824082181788981,0.0003708582662511617,0.001224889070726931,0.0010705825407058,0.0015015334356576204,0.002602627268061042,0.004153206013143063,0.0014480319805443287,0.009209522046148777,0.005161859095096588,0.022290397435426712,0.014003187417984009,0.004236576613038778,0.002695781644433737,0.008183270692825317,0.0013759215362370014,0.007800393272191286,0.08682000637054443,0.40876391530036926
0.4648122489452362,8.168022759491578e-05,0.0002934380026999861,0.000256608851486817,0.002031561452895403,0.0008022921392694116,0.0006446205079555511,0.007777506019920111,0.003790966933593154,0.00020582746947184205,0.0003843266167677939,0.0011169412173330784,0.0007709962665103376,0.0006407429464161396,0.0007876842864789069,0.00035155750811100006,0.0006425223546102643,0.01380897592753172,0.007290911395102739,0.004184173885732889,0.004119237419217825,0.0009856323013082147,0.00127678201533854,0.00551679776981473,0.0003573507710825652,0.0012716174824163318,0.0007333082030527294,2.2668436940875836e-05,8.326589158969e-05,0.0002423243859084323,0.0005972138606011868,0.001987909898161888,0.0003886024351231754,0.00023084042186383158,0.0002713595167733729,0.0001659341942286119,0.0044769709929823875,0.0035794477444142103,0.0034248093143105507,0.0016774277901276946,0.002047243295237422,0.0006285347044467926,0.0016040678601711988,0.0004039244377054274,0.0004775334964506328,0.0004891754942946136,2.8441703761927783e-05,4.230173726682551e-05,9.448434866499156e-05,0.00012855288514401764,0.0001639422116568312,0.00013560122170019895,0.00047347223153337836,0.000113791880721692,0.0001985060516744852,0.00010345248301746324,8.474790229229257e-05,0.0001385759242111817,0.00011528517643455416,0.0010804136982187629,0.0018693001475185156,0.0023379214107990265,0.0004473351582419127,0.0001807960361475125,8.564341987948865e-05,0.00032428299891762435,0.0007339186267927289,0.00056753761600703,0.004019469954073429,0.000954320072196424,0.0009142928756773472,0.0025011866819113493,0.0003348258323967457,0.00299932062625885,0.001333789899945259,0.0005063804564997554,0.0033424615394324064,0.00301547534763813,0.0002598473511170596,6.324906280497089e-05,0.00022851121320854872,0.00014190816727932543,0.00030089629581198096,0.002455777022987604,0.00016861117910593748,0.0003064031188841909,0.00013748086348641664,0.0007389989914372563,0.0032101524993777275,0.0005221092142164707,0.0012168096145614982,0.0005184180336073041,0.0011065286817029119,0.0025357273407280445,0.005820346064865589,0.0014612573431804776,0.006628581788390875,0.0032058311626315117,0.012316168285906315,0.011082163080573082,0.004702993202954531,0.0042124344035983086,0.01094228494912386,0.0009304745472036302,0.009281632490456104,0.023647060617804527,0.08577066659927368,0.22898125648498535
0.48818740248680115,9.448040509596467e-05,0.00014453344920184463,0.0002325010282220319,0.000848648720420897,0.0001932964805746451,0.00028871462563984096,0.005366431549191475,0.0018084609182551503,0.00010149471199838445,8.200102456612512e-05,0.00025957036996260285,0.0002683031198102981,0.00015180640912149101,0.0004520762013271451,9.800451516639441e-05,0.00022150731820147485,0.0051004341803491116,0.0009725260315462947,0.0027289593126624823,0.0016838843002915382,0.00043867548811249435,0.0006823475123383105,0.0030335059855133295,0.00012641235662158579,0.001068378216587007,0.00028354721143841743,2.0682056856458075e-05,3.582520002964884e-05,9.568467794451863e-05,0.0002275491860928014,0.0005618195282295346,9.064307232620195e-05,8.226695354096591e-05,3.677598942886107e-05,1.3409643543127459e-05,0.00032505590934306383,0.0008019835804589093,0.0013279233826324344,0.0007430194527842104,0.0007528454880230129,0.00028015641146339476,0.0009580064797773957,0.00013209939061198384,0.00043591990834102035,0.0003697281645145267,3.0174289349815808e-05,3.06387992168311e-05,6.779432442272082e-05,0.00029459974030032754,8.95765406312421e-05,0.0001486800902057439,0.00028212074539624155,4.1388557292521e-05,3.1550840503768995e-05,3.815442687482573e-05,2.2594174879486673e-05,8.81535597727634e-05,6.503111217170954e-05,0.00027142243925482035,0.000405314436648041,0.0018003858858719468,0.00033243626239709556,0.00016522585065104067,0.00015277278725989163,0.00018148984236177057,0.00020410676370374858,0.00040944889769889414,0.0012075408594682813,0.0004824128409381956,0.0012451437069103122,0.001735770609229803,0.0004166922008153051,0.0027615262661129236,0.0004558133368846029,0.0003454735269770026,0.0025336635299026966,0.0014540554257109761,0.00018370975158177316,1.583910488989204e-05,7.080203795339912e-05,0.00015938286378514022,0.00010426797234686092,0.0004600198590196669,0.00012808458996005356,0.00013153495092410594,6.511663377750665e-05,0.00021664297673851252,0.0010033948346972466,0.0003274324699304998,0.001681789057329297,0.0004363522748462856,0.000316219637170434,0.001377901411615312,0.001995910657569766,0.0008599798893555999,0.002747142454609275,0.0013684954028576612,0.005490940064191818,0.0050488305278122425,0.0010642302222549915,0.0026948365848511457,0.0029594125226140022,0.00038947773282416165,0.004629227332770824,0.01836351491510868,0.12371799349784851,0.15364693105220795,0.12834419310092926
0.3127361834049225,0.00016782566672191024,9.620392665965483e-05,0.00036593867116607726,0.0005624523619189858,0.00016865493671502918,9.50888279476203e-05,0.0035008792765438557,0.0005988075863569975,0.00015554195852018893,0.00010131327871931717,0.0004385905049275607,0.0002676582953426987,0.0002918396785389632,0.0006971913971938193,0.00019009214884135872,0.0008984453161247075,0.004022131208330393,0.0004943832173012197,0.001743977889418602,0.0014543505385518074,0.0004979901714250445,0.001837488147430122,0.002152473898604512,9.361630509374663e-05,0.0007269409252330661,7.769514195388183e-05,5.0315393309574574e-05,7.985022239154205e-05,8.487092418363318e-05,4.123313192394562e-05,4.849724064115435e-05,4.828877717955038e-05,2.0860234144493006e-05,8.789432467892766e-05,7.067466503940523e-05,0.00030621999758295715,0.00138536945451051,0.0013583655236288905,0.0010116897756233811,0.0029300525784492493,0.0008516755769960582,0.0011689926031976938,0.00020375607709866017,0.00029255461413413286,9.394015069119632e-05,5.707155287382193e-05,4.810372774954885e-05,5.661542672896758e-05,0.0004568439908325672,8.999721467262134e-05,0.0001948470453498885,0.0001195708173327148,0.00012357211380731314,8.461683319183066e-05,6.395277159754187e-05,4.105134939891286e-05,7.544567779405043e-05,3.947779259760864e-05,7.995127089088783e-05,0.00047916622133925557,0.0007451556157320738,4.856685336562805e-05,8.95953198778443e-05,0.00023264449555426836,0.00011387531412765384,0.0002329979615751654,0.00028178642969578505,0.0001666019088588655,0.0002339087805012241,0.0005778770428150892,0.0003425762988626957,0.0005324676167219877,0.002311761723831296,0.00018600646581035107,0.0001723907917039469,0.0015302998945116997,0.0006008658674545586,0.0005400271038524806,0.00014287250814959407,0.0002607342612463981,0.0008714136201888323,0.00027640972984954715,0.0005331274005584419,0.0012286733835935593,0.000657669035717845,0.00015703211829531938,0.0003109437529928982,0.0003694649785757065,0.0006671869778074324,0.0027522030286490917,0.00020281921024434268,8.976663229987025e-05,0.0007305332692340016,0.0015561734326183796,0.0005722286878153682,0.00039708235999569297,0.0032176696695387363,0.008449944667518139,0.0019877296872437,0.000811165024060756,0.0014653309481218457,0.002697714837267995,0.0017126717139035463,0.0029792357236146927,0.0191414225846529,0.0672566294670105,0.06458059698343277,0.1630420833826065,0.2953629791736603
0.4436182975769043,7.121850649127737e-05,0.00014647173520643264,0.00033601385075598955,0.0019467505626380444,0.0005428178701549768,0.0003972156555391848,0.003535619005560875,0.0022270933259278536,0.0002022947301156819,0.00016982157831080258,0.0006734112394042313,0.0006087712827138603,0.0006736588547937572,0.0025330721400678158,0.0012032986851409078,0.0014121984131634235,0.005053699482232332,0.0016690111951902509,0.0005629481165669858,0.001548141473904252,0.0014919465174898505,0.0027624911163002253,0.0018736959900707006,0.0003281343379057944,0.0002856997598428279,0.00040510992403142154,4.238108158460818e-05,0.00010295151878381148,0.00010143304825760424,0.00014462247781921178,0.00026783012435771525,0.00010835225839400664,0.0001017653921735473,0.0003084261261392385,0.00019386965141166002,0.0004902966320514679,0.00030393750057555735,0.000566819857340306,0.0010337673593312502,0.0037282768171280622,0.000735227600671351,0.004874737933278084,0.0004582105320878327,0.00041041013901121914,0.00030869198963046074,4.046936010126956e-05,3.928860678570345e-05,7.068874401738867e-05,0.0001730840012896806,0.00011873435869347304,0.00019339931895956397,0.0008801976800896227,0.0003574105794541538,0.00013720200513489544,6.439421122195199e-05,4.8903526476351544e-05,3.4284836146980524e-05,2.9829823688487522e-05,0.0003173264267388731,0.0013481262139976025,0.0006962943007238209,9.582345956005156e-05,6.204050441738218e-05,4.3359359551686794e-05,0.0001462053187424317,0.00037842337042093277,0.0001072617233148776,0.0004760370939038694,0.00032773916609585285,0.0004749621148221195,0.002151750260964036,0.0009682913077995181,0.0017528266180306673,0.0005057004163973033,9.82039564405568e-05,0.000586508889682591,0.0009503709734417498,0.00020869655418209732,6.901878805365413e-05,0.0004209265753161162,0.0004161448741797358,0.0004741493030451238,0.001836143434047699,0.00013263814616948366,0.0002830339362844825,0.0001524896506452933,0.00023599358974024653,0.0006480333395302296,0.000651966838631779,0.002254175255075097,0.00044786810758523643,0.0003435856488067657,0.000587659771554172,0.0007085792603902519,0.00017000420484691858,0.0008321218774653971,0.0032621389254927635,0.0027745624538511038,0.0035698304418474436,0.0021728354040533304,0.0005757714970968664,0.010095987468957901,0.0028584625106304884,0.00217142584733665,0.006496354006230831,0.03036680445075035,0.08559615164995193,0.040619198232889175,0.18333682417869568,0.11099434643983841
0.35220012068748474,4.4957807403989136e-05,1.204406999022467e-05,5.484187204274349e-05,0.0003357130626682192,0.0002846104616764933,0.0001934017927851528,0.0012302614049986005,0.0014863488031551242,0.00019402065663598478,7.727853517280892e-05,0.0006295238272286952,8.538240217603743e-05,4.404596256790683e-05,0.0005655784043483436,5.582500671152957e-05,0.00035068366560153663,0.0017010911833494902,0.0009224298992194235,0.00029612676007673144,0.0002319732739124447,0.00012683986278716475,0.0009000535937957466,0.0017436083871871233,0.0007723738672211766,0.0005875478964298964,0.00032923484104685485,5.183383836993016e-05,6.751393084414303e-05,4.980653466191143e-05,8.164941391441971e-05,8.990305650513619e-05,1.276510283787502e-05,1.53002383740386e-05,4.013866782770492e-05,6.708743603667244e-05,0.0001402818161295727,9.719141235109419e-05,0.0002906352165155113,8.275964501081035e-05,0.00019915432494599372,0.0002673808194231242,0.000991291832178831,0.0004960207152180374,0.00033947700285352767,0.00039358806679956615,6.232018495211378e-05,0.0001241693098563701,7.455826562363654e-05,0.00024713051971048117,6.586562085431069e-05,7.020076736807823e-05,0.00018952689424622804,0.0001300743460888043,0.00011118518887087703,0.00011920843826374039,2.7636304366751574e-05,2.961246354971081e-05,5.012017936678603e-06,1.6237761883530766e-05,0.00014856627967674285,0.0002818332868628204,0.00011283910134807229,3.6507033655652776e-05,6.625666719628498e-05,4.441784767550416e-05,0.00010115285112988204,0.00017884030239656568,0.00019955966854467988,0.00011222738248761743,0.00039294749149121344,0.0008496606606058776,0.0017160082934424281,0.0022259082179516554,0.0006758515373803675,0.00011393112072255462,0.00044422614155337214,0.0006849669734947383,0.00017958991520572454,6.730095628881827e-05,0.00022850235109217465,0.00020807934924960136,0.00013295809912960976,9.760085231391713e-05,0.0002207037468906492,0.0002866848953999579,7.354122499236837e-05,0.00010899340122705325,8.995588723337278e-05,0.0001711499789962545,0.000671453308314085,0.0005297185271047056,0.0007776659331284463,0.0019572859164327383,0.0010115010663866997,0.0004670498601626605,0.0007417788146995008,0.001961607253178954,0.003504588268697262,0.0032035568729043007,0.0007893536239862442,0.0013761332957074046,0.0007574803312309086,0.0004591166216414422,0.0027623039204627275,0.011393262073397636,0.01822906732559204,0.024599749594926834,0.03880690783262253,0.08347542583942413,0.09229409694671631,0.3294777572154999
0.1879253387451172,2.721604505495634e-05,4.640923634724459e-06,0.00014991784701123834,0.00011412318417569622,0.00011471415928099304,5.921710908296518e-05,0.0015860074199736118,0.0001430030824849382,6.046078124199994e-05,5.175209662411362e-05,0.00018462953448761255,0.00017018994549289346,7.553267641924322e-05,0.00020305384532548487,8.211600652430207e-05,0.0008810122380964458,0.004154388792812824,0.000797061191406101,0.000687875144649297,0.0003162384091410786,0.00013941260112915188,0.0008070837357081473,0.001284799538552761,0.0001883680815808475,0.0007674365770071745,3.551632471499033e-05,1.7173015294247307e-05,6.252963066799566e-05,0.00011405375698814169,1.9108581909677014e-05,2.353838863200508e-05,5.75130161450943e-06,1.6039153933888883e-06,1.4449701666308101e-05,4.1767521906876937e-05,0.00016838965530041605,0.00040247285505756736,0.0001892530854092911,6.915262929396704e-05,0.0002860168169718236,0.00013258053513709456,0.0010376055724918842,0.0005136047839187086,0.00015029044880066067,4.122386599192396e-05,1.4960712178435642e-05,1.6072252037702128e-05,1.7844888134277426e-05,0.0002653077826835215,3.953858322347514e-05,5.68016548641026e-05,6.353074422804639e-05,3.5636432585306466e-05,5.471482654684223e-05,5.894435162190348e-05,2.069131369353272e-05,2.2746318791178055e-05,9.132452760240994e-06,2.3821621653041802e-05,0.0001561773824505508,0.00019967029220424592,7.561220172647154e-06,1.629794314794708e-05,4.6528075472451746e-05,7.381311661447398e-06,2.7140542442793958e-05,4.02261212002486e-05,6.571623816853389e-05,4.491495928959921e-05,9.215265163220465e-05,0.0002292464632773772,0.000247920019319281,0.0006491219392046332,0.00016043055802583694,2.8825979825342074e-05,8.510973566444591e-05,7.439739420078695e-05,3.186195681337267e-05,2.5052639102796093e-05,8.829712169244885e-05,0.0006968400557525456,0.00016342464368790388,0.0003235257463529706,0.00038287899224087596,0.00016222649719566107,8.188905485440046e-05,0.00019887422968167812,0.00012802697892766446,0.00023064500419422984,0.0002718140312936157,1.5837824321351945e-05,9.972434054361656e-05,0.0006274979677982628,0.00024799854145385325,1.6753316231188364e-05,4.483018346945755e-05,0.0005751971621066332,0.0017490661703050137,0.0005063731223344803,0.000927875516936183,0.00013608399603981525,0.0010006134398281574,0.00035462394589558244,0.00034139695344492793,0.010515558533370495,0.029695188626646996,0.028122534975409508,0.008565747179090977,0.2588520646095276,0.05747358873486519,0.03146180883049965,0.3587040901184082
0.3094414174556732,1.2591394806804601e-05,2.2615940906689502e-06,1.0073970770463347e-05,4.500653813011013e-05,6.945387576706707e-05,3.850810389849357e-05,0.001501470454968512,0.0004182006814517081,3.185317837051116e-05,2.7293863240629435e-05,0.0002594200486782938,4.793279731529765e-05,2.7830912586068735e-05,0.0003497366269584745,2.1584470232483e-05,0.0001452459691790864,0.0012649878626689315,0.00032532314071431756,0.0004567167197819799,0.00018028430349659175,2.9907141652074642e-05,0.00013144205149728805,0.0006843114388175309,0.00011442078539403155,0.000610683171544224,9.891609806800261e-05,8.116972821881063e-06,1.968726792256348e-05,2.1142921468708664e-05,3.4740038245217875e-05,5.414792030933313e-05,8.895201062841807e-06,7.440728950314224e-06,1.5755658751004376e-05,2.5731900677783415e-05,8.474534843116999e-05,0.00012172882270533592,0.0005141720175743103,4.3371990614105016e-05,5.703136048396118e-05,0.00015977576549630612,0.0002502909046597779,0.00012673642777372152,0.00026380355120636523,0.0001501120423199609,1.2081780369044282e-05,5.628710277960636e-05,2.1404881408670917e-05,8.58676212374121e-05,2.6687474019126967e-05,4.427266321727075e-05,0.00010796507558552548,6.49660432827659e-05,8.507752500008792e-05,0.00017631043738219887,2.884033165173605e-05,0.00012106971553293988,1.6378387954318896e-05,1.6291773135890253e-05,8.174696995411068e-05,0.00023972959024831653,4.459569390746765e-05,1.4501427358482033e-05,2.271594712510705e-05,1.2855029126512818e-05,2.283188223373145e-05,9.336312359664589e-05,7.539089710917324e-05,5.132805381435901e-05,0.0003395389940124005,0.0003747225855477154,0.0007149434532038867,0.0018315481720492244,0.0003543823549989611,0.0002162638120353222,0.0005073868087492883,0.000537075859028846,5.677760418620892e-05,1.1801951586676296e-05,4.965997868566774e-05,7.449366239598021e-05,0.00010765929619083181,0.00011272305710008368,0.00014713856216985732,0.00026864794199354947,4.452259963727556e-05,6.20646751485765e-05,8.133327355608344e-05,0.00011580847058212385,0.0003702564281411469,0.00020185676112305373,0.00030310481088235974,0.001608886057510972,0.0009305844432674348,0.0006281011155806482,0.0006064259214326739,0.0013050601119175553,0.0026031224988400936,0.0022266514133661985,0.0007994824554771185,0.002301478758454323,0.0006929225055500865,0.00015152532432693988,0.002311687683686614,0.011108970269560814,0.020172053948044777,0.01762172393500805,0.03696983680129051,0.04350157082080841,0.020437950268387794,0.2780393064022064,0.0316285565495491,0.19763357937335968
0.429745614528656,0.0001271232613362372,5.586730549111962e-05,4.1115428757620975e-05,0.0002432024193694815,0.00013524627138394862,0.00019620911916717887,0.002335020573809743,0.001826744293794036,0.0001960693916771561,0.00010493267473066226,0.0004966598353348672,0.0002563578018452972,0.0001766671339282766,0.0011528243776410818,0.000208310317248106,0.0004423694917932153,0.0024967934004962444,0.0016533774323761463,0.0014711882686242461,0.000581015832722187,0.00016266151214949787,0.0003402169968467206,0.0004901704378426075,0.00022733323567081243,0.0005997995031066239,0.0003335157234687358,4.677375181927346e-05,6.955338176339865e-05,0.00010929454583674669,0.00021123868646100163,0.0003759213723242283,6.26708279014565e-05,4.444459773367271e-05,6.580354238394648e-05,6.0945159930270165e-05,0.0002100352430716157,0.00018630640988703817,0.00032731707324273884,0.0002549458877183497,0.0002496481465641409,0.00014699000166729093,0.00039122343878261745,0.00014086179726291448,0.00036907425965182483,0.00042865329305641353,4.754754263558425e-05,0.00011432504834374413,6.957766163395718e-05,0.00037187355337664485,8.77749189385213e-05,8.02398135419935e-05,0.0004473894077818841,0.00016841079923324287,0.0001732573437038809,0.00010586575808702037,0.00026707325014285743,0.00022063015785533935,7.053915032884106e-05,0.00012913894897792488,0.00019417655130382627,0.00023870961740612984,0.0001247050240635872,5.001030513085425e-05,6.0691516409860924e-05,7.392658153548837e-05,0.0002148688945453614,0.00011366970284143463,0.00024205751833505929,0.00023329003306571394,0.0007432759157381952,0.0014658005675300956,0.001296189846470952,0.0029350293334573507,0.0008255695574916899,0.0009732671896927059,0.001652745297178626,0.0023071961477398872,0.00019429140957072377,1.3915027921029832e-05,0.00011789517884608358,0.00022957861074246466,0.00047432081191800535,0.0010256629902869463,0.00019498953770380467,0.000348797591868788,0.0002923415449913591,0.0004906451795250177,0.0007193806231953204,0.00017128800391219556,0.0006961174658499658,0.0004639946564566344,0.0006702782120555639,0.002196089830249548,0.0010438765166327357,0.0005122139700688422,0.002434422494843602,0.002387070329859853,0.002011555712670088,0.0023557953536510468,0.0014300522161647677,0.001963305054232478,0.006660417653620243,0.0008693091804161668,0.0029112461488693953,0.011027295142412186,0.04009751230478287,0.047043487429618835,0.020694702863693237,0.026120351627469063,0.025821197777986526,0.05071484297513962,0.03152552992105484,0.11632279306650162,0.13180652260780334
0.42715689539909363,9.460165165364742e-05,9.024189785122871e-05,5.931390114710666e-05,0.0005192973767407238,0.0002946508175227791,0.00035485875559970737,0.003373129526153207,0.002603732282295823,0.00022669541067443788,0.00010870156984310597,0.0009309494635090232,0.0005126938340254128,0.0005402241367846727,0.0025426591746509075,0.00040147636900655925,0.0007396854343824089,0.004849664401262999,0.001534565119072795,0.0016463606152683496,0.0013585151173174381,0.00028641833341680467,0.0005401192465797067,0.001059945672750473,0.00024698482593521476,0.0007316349074244499,0.0009429225465282798,9.987362136598676e-05,0.00018922965682577342,0.00020941988623235375,0.0007368135848082602,0.0008985622553154826,0.0002661065082065761,0.0001544723636470735,0.0003370653139427304,0.00016423068882431835,0.0008513134671375155,0.0005527899484150112,0.0015412296634167433,0.0005622445023618639,0.0011154094245284796,0.0008460545795969665,0.0018300851806998253,0.00040570320561528206,0.0012295707128942013,0.0011203052708879113,8.733508730074391e-05,0.00011725688091246411,0.00026561791310086846,0.00034672257606871426,0.0003138431056868285,0.00032287000794894993,0.0016030104598030448,0.0007521883235312998,0.0005003575352020562,0.00036652912967838347,0.0003789611510001123,0.00041459998465143144,0.00033815146889537573,0.0005201962776482105,0.0010109152644872665,0.0008975546807050705,0.00028100376948714256,7.352142711170018e-05,5.955196320428513e-05,0.0002002943365368992,0.0005576441180892289,0.0002913898497354239,0.000866167712956667,0.0008680933387950063,0.001360732363536954,0.002560142893344164,0.00133516697678715,0.005170146469026804,0.0013122032396495342,0.0006846473552286625,0.0031968934927135706,0.0037747726310044527,0.00040755842928774655,2.6127863748115487e-05,0.0002686516963876784,0.00029610845376737416,0.0014568888582289219,0.0036761504597961903,0.0004834370338357985,0.0011838353238999844,0.0006058831932023168,0.0013492117868736386,0.002065058797597885,0.0005010520690120757,0.0017958515090867877,0.0009525542263872921,0.0011662115575745702,0.0012507293140515685,0.00273049995303154,0.0008451211615465581,0.002703022211790085,0.0012617638567462564,0.004321624059230089,0.003493943251669407,0.0018727869028225541,0.0020662860479205847,0.003702429123222828,0.0005095498636364937,0.003300000447779894,0.007691189181059599,0.02057185210287571,0.03362193703651428,0.016622694209218025,0.014596203342080116,0.014825538732111454,0.03450902923941612,0.01211844477802515,0.07591861486434937,0.0750156044960022,0.15253068506717682
0.427868515253067,4.360237289802171e-05,1.404517752234824e-05,1.595205867488403e-05,7.99503832240589e-05,3.301314063719474e-05,4.999012526241131e-05,0.0013259905390441418,0.0012111112009733915,9.503800538368523e-05,5.147247065906413e-05,0.00018270516011398286,0.00024074374232441187,0.00015110481763258576,0.001226340769790113,0.00025008892407640815,0.0005616214475594461,0.0015802128473296762,0.0004953175666742027,0.0007251672213897109,0.0009063229663297534,0.00012427012552507222,0.00037417764542624354,0.0003987117379438132,0.00012708226859103888,0.00020796539320144802,0.00025611621094867587,3.256467607570812e-05,7.928319973871112e-05,0.00011895134230144322,0.0003046631463803351,0.0004148147127125412,5.818416684633121e-05,6.460324948420748e-05,0.00012737516954075545,9.265600965591148e-05,0.00024078805290628225,0.00013732303341384977,0.00040629267459735274,0.00014725347864441574,0.00021995676797814667,0.0002544549643062055,0.00046924760681577027,2.6162182621192187e-05,0.00019856425933539867,0.00041057338239625096,2.7627054805634543e-05,0.00014787245891056955,4.935653487336822e-05,0.00019421274191699922,4.6526562073267996e-05,7.991066377144307e-05,0.0010199006646871567,0.0003973628336098045,0.0001830677647376433,8.051875192904845e-05,8.273006096715108e-05,0.0002166872436646372,0.00012156368757132441,0.00042819094960577786,0.0007463368237949908,0.0003139516047667712,7.61601550038904e-05,4.821955826628255e-06,1.3489194316207431e-05,1.941786649695132e-05,0.0001336391142103821,4.8877067456487566e-05,9.593167487764731e-05,0.00013131965533830225,0.0002418307849438861,0.00176831369753927,0.002999505028128624,0.0026548735331743956,0.0005622425815090537,0.0005927940947003663,0.0013253306970000267,0.0019038169411942363,0.00020054403285030276,1.1324364095344208e-05,4.0213693864643574e-05,5.483899803948589e-05,8.91747695277445e-05,0.0002933408541139215,0.00010338673746446148,0.0004320697917137295,0.0001810883404687047,0.00015079250442795455,0.00024352545733563602,9.909408254316077e-05,0.000562305620405823,0.0004394881543703377,0.0006436430849134922,0.0008281231275759637,0.0007148037548176944,0.0002431696921121329,0.0030525121837854385,0.0032665873877704144,0.0011479876702651381,0.0010510376887395978,0.0002911694173235446,0.00034209375735372305,0.002266610274091363,0.0007141189998947084,0.0011259628226980567,0.003348093945533037,0.013241339474916458,0.009877169504761696,0.00631502503529191,0.011469428427517414,0.007284586317837238,0.020230313763022423,0.0027085908222943544,0.02987447939813137,0.04455006867647171,0.2324107438325882,0.14099255204200745
0.3602634370326996,5.9440400946186855e-05,4.563407492241822e-05,7.222250133054331e-05,0.00023565352603327483,5.489422255777754e-05,4.2698859033407643e-05,0.0013784945476800203,0.002960475627332926,4.029371484648436e-05,4.084157262695953e-05,0.00012892689846921712,0.0003685657575260848,0.00012324027193244547,0.0008291701669804752,0.00040739146061241627,0.0013173018814995885,0.0076108407229185104,0.0029858043417334557,0.0015141575131565332,0.002272967714816332,0.0006153173162601888,0.0005060344701632857,0.0014816607581451535,0.00018369087774772197,0.0004602994886226952,0.002187923062592745,2.494243744877167e-05,6.552508421009406e-05,9.633280569687486e-05,0.0002735023736022413,0.0007613749476149678,0.00010072559234686196,0.00015381128469016403,0.00026444776449352503,0.0001455290475860238,0.0011563405860215425,0.00048458584933541715,0.0017202104208990932,0.0005895812064409256,0.00042857025982812047,0.0005270727560855448,0.0005058851675130427,1.390529541822616e-05,0.0002646846987772733,0.0019569266587495804,2.7211801352677867e-05,4.515846012509428e-05,0.000102680001873523,0.00013295137614477426,7.23221673979424e-05,0.00012771636829711497,0.0012927546631544828,0.0001317536662099883,0.00011283249477855861,0.000245997856836766,4.6416145778493956e-05,0.0002843557158485055,0.00020204417523927987,0.003267472144216299,0.0013388083316385746,0.002154912566766143,0.0032444586977362633,0.00010913168080151081,6.188414408825338e-05,0.00014274644490797073,0.00018411671044304967,0.0005090592312626541,0.001062576426193118,0.00012526832870207727,0.0006782127311453223,0.002239432418718934,0.0022222211118787527,0.010437626391649246,0.0027855809312313795,0.0010023684008046985,0.003871656721457839,0.013348893262445927,0.0007510815048590302,8.44477690407075e-05,0.00026713000261224806,0.00037854284164495766,0.000583978311624378,0.002995483111590147,0.00017769733676686883,0.001207977649755776,0.0006183515070006251,0.0003759594983421266,0.001513148657977581,0.00016161614621523768,0.0017716044094413519,0.006146686151623726,0.00328166875988245,0.0025599130894988775,0.007048358675092459,0.0031084383372217417,0.04798675701022148,0.015735020861029625,0.01482732966542244,0.012921981513500214,0.0015531040262430906,0.002063032239675522,0.01474714558571577,0.0020586710888892412,0.005575698334723711,0.017830628901720047,0.03485747426748276,0.01696678064763546,0.01708812266588211,0.009609752334654331,0.0015287272399291396,0.015629693865776062,0.00027735147159546614,0.0101386196911335,0.004758632741868496,0.008789866231381893,0.016061151400208473,0.24663029611110687
0.2654819190502167,8.265685028163716e-05,6.0182414927112404e-06,3.3409192838007584e-05,4.416848605615087e-05,1.4597650078940205e-05,4.765949142893078e-06,0.0012235495960339904,0.00020544046128634363,9.096000576391816e-05,2.9205004466348328e-05,0.0002702282799873501,8.295100269606337e-05,0.0001556617207825184,0.0005617879214696586,5.4454372730106115e-05,0.0006219794740900397,0.004132779780775309,0.0004961426602676511,0.00115114520303905,0.0016806249041110277,8.181557495845482e-05,0.00026139133842661977,0.0018295906484127045,9.799100371310487e-05,0.000656879274174571,0.0001618283858988434,4.569788870867342e-05,6.615455640712753e-05,5.479496030602604e-05,5.4637217544950545e-05,4.949222056893632e-05,2.70218588411808e-05,1.4237972209230065e-05,0.00011515212099766359,7.172891491791233e-05,0.00011075924703618512,0.00032670990913175046,0.0009055628324858844,0.00011770459241233766,0.0002822086971718818,0.0006394144147634506,5.9883132053073496e-05,1.0029077202489134e-05,0.0002510955964680761,0.00016907010285649449,3.8342932384693995e-05,7.407722296193242e-05,7.141193782445043e-05,0.00018476712284609675,4.275905303074978e-05,8.133068331517279e-05,7.128286233637482e-05,0.0003460647421889007,0.0002864637353923172,0.0009564284700900316,0.0002564623428042978,0.0006773070199415088,0.0001750390511006117,4.379969686851837e-05,0.00022984565293882042,0.0019732152577489614,0.0003228514106012881,2.607089299999643e-05,0.00010722548904595897,3.360879418323748e-05,6.748147279722616e-05,0.0005852950853295624,3.5037650377489626e-05,0.00011807351984316483,0.00034158508060500026,2.8262682462809607e-05,0.00033916966640390456,0.00934645626693964,0.00018179912876803428,0.000125959501019679,0.009820898994803429,0.0021720349323004484,0.00045195932034403086,4.9084217607742175e-05,0.00012149532994953915,0.0003588419931475073,0.00021250762802083045,6.558992754435167e-05,0.0018856798997148871,0.0014215701958164573,0.0005422844551503658,0.0004888413823209703,7.142263348214328e-05,0.00011671873653540388,0.0008781410870142281,0.00115202646702528,0.0006901376182213426,0.001142886932939291,0.007931089028716087,0.0027505422476679087,0.0010998275829479098,0.0031670581083744764,0.10181688517332077,0.01718197762966156,0.002585746580734849,0.006463970057666302,0.0012860704446211457,0.0004031988210044801,0.012811991386115551,0.09365391731262207,0.038845207542181015,0.0034235704224556684,0.026475228369235992,0.0073885307647287846,0.00024370718165300786,0.011876306496560574,0.0004905071691609919,0.006969050969928503,0.002163553610444069,0.0012135411379858851,0.009698372334241867,0.03632781654596329,0.2820374667644501
0.3130638301372528,9.155615407507867e-05,1.698326741461642e-05,8.289082325063646e-05,0.0001525265834061429,0.0001747537316987291,3.273045513196848e-05,0.0019311892101541162,0.0005178157589398324,0.00010256140376441181,0.00014549886691384017,0.0003735015052370727,0.0002884990826714784,0.00037313910434022546,0.0006831915816292167,0.000131120381411165,0.00043799547711387277,0.0027986662462353706,0.0009883963502943516,0.0008481865515932441,0.0009505043271929026,9.85837250482291e-05,0.00012224607053212821,0.000977185438387096,0.00021088693756610155,0.0004908746923319995,0.00045437036897055805,3.780615588766523e-05,0.0001620073599042371,0.00020549412874970585,0.00019208727462682873,0.000241067711613141,0.00015565792273264378,0.00010509014100534841,0.00022402558533940464,0.0005771514261141419,0.0003472805256024003,0.0004608448361977935,0.0014143892331048846,8.957525278674439e-05,0.00020850339205935597,0.000578640028834343,0.0002481828851159662,3.658509376691654e-05,0.00047333454131148756,0.0003702208341564983,4.986169369658455e-05,0.00034168880665674806,0.00015826184244360775,0.0002864022389985621,0.00016796017007436603,0.00022077799076214433,0.00020331885025370866,0.00045447133015841246,0.0004559929948300123,0.0012162817874923348,0.00039467724855057895,0.0007602765108458698,0.0003543979546520859,0.00016649581084493548,0.000377344258595258,0.002606104826554656,0.0010791702661663294,0.00013369080261327326,0.00018251925939694047,0.00011657061259029433,0.0001658704422879964,0.0007189666503109038,0.00017347467655781657,0.0003853592206723988,0.0005271799163892865,9.134892752626911e-05,0.00022348359925672412,0.005699986591935158,0.0005982716102153063,0.00032110235770232975,0.004582483787089586,0.0030514600221067667,0.0005098528927192092,0.00019110096036456525,0.00029988944879733026,0.0007063291850499809,0.0004718823474831879,0.00010609978926368058,0.0008420334779657423,0.0007308733183890581,0.000559833541046828,0.0005733704310841858,0.00025807280326262116,0.0006454205140471458,0.0009596471791155636,0.0022664484567940235,0.002265886403620243,0.0015218215994536877,0.00740667013451457,0.004066544119268656,0.001762002008035779,0.0016841721953824162,0.03882686048746109,0.04999532178044319,0.006395050790160894,0.012810295447707176,0.0023850686848163605,0.00027044067974202335,0.011167408898472786,0.059394754469394684,0.03966551646590233,0.005627981387078762,0.01633133925497532,0.005328834056854248,0.0005643153563141823,0.009958120062947273,0.0004838592722080648,0.005846010986715555,0.0037217617500573397,0.0017881977837532759,0.00877443514764309,0.027904948219656944,0.1712879091501236,0.13471083343029022
0.36548668146133423,5.4583852033829316e-05,1.753127435222268e-05,7.49725368223153e-05,0.00029228031053207815,0.00023451418383046985,0.0002178172580897808,0.004498491995036602,0.0013767819618806243,0.00013322249287739396,5.146780313225463e-05,0.00010727159678936005,0.00040399201679974794,0.0013686626916751266,0.0005282407510094345,0.0005927454330958426,0.0006555383442901075,0.0062918514013290405,0.0013699111295863986,0.001150675700046122,0.0020182472653687,0.0003550611436367035,0.0005332704749889672,0.002677390817552805,0.00020582193974405527,0.0009735265048220754,0.0010160974925383925,7.551214366685599e-05,9.332440822618082e-05,0.00016863449127413332,0.00022682601411361247,0.0004906488466076553,0.0006388300680555403,0.00015050380898173898,0.0011973724467679858,0.0012713699834421277,0.0017456989735364914,0.0029347657691687346,0.0009700141381472349,0.00027673030854202807,0.0007500328938476741,0.00020245065388735384,0.0004314795369282365,0.00018790939066093415,0.00042605711496435106,0.0004720175638794899,3.2047548302216455e-05,0.00010691209172364324,8.30723947728984e-05,0.0002402500540483743,0.000276914332062006,0.0003501117753330618,0.001046104240231216,0.0023221292067319155,0.0011020138626918197,0.0003749127499759197,0.0009999236790463328,0.00024018625845201313,0.00016929289267864078,0.0002150759391952306,0.0010721933795139194,0.001326309284195304,0.0010417322628200054,0.00014281582843977958,0.0002504028961993754,0.0002815073530655354,0.0007199295796453953,0.00018764812557492405,0.00012312074250075966,0.0009042177116498351,0.0002594032557681203,0.0002993603702634573,0.0004083814565092325,0.006897849962115288,0.0010052575962617993,0.000865405541844666,0.008707809261977673,0.0020212791860103607,0.0002017604565480724,4.0172562876250595e-05,0.00019629330199677497,0.0006452096276916564,0.0006408611661754549,0.0005969852209091187,0.0007990742451511323,0.0004879968473687768,0.0004245734016876668,0.0011119978735223413,0.0008355380268767476,0.002389530884101987,0.0039226217195391655,0.0027913451194763184,0.005153588484972715,0.0033865682780742645,0.016090011224150658,0.0022229228634387255,0.0033950668293982744,0.0020352157298475504,0.014385698363184929,0.015519737266004086,0.01349599752575159,0.003356626722961664,0.007841067388653755,0.0005893507623113692,0.00508462218567729,0.016817288473248482,0.03148895502090454,0.01951892487704754,0.004067957401275635,0.0034052582923322916,0.0022189163137227297,0.002409265609458089,0.0019076108001172543,0.003055028384551406,0.0032274930272251368,0.00626398716121912,0.0037773270159959793,0.08066380769014359,0.06235949322581291,0.08164198696613312,0.1300659328699112
0.27570652961730957,0.00018741452367976308,4.735254333354533e-05,0.0001435340818716213,0.000298823113553226,0.0001591179461684078,0.0004303118330426514,0.009175851941108704,0.00282219797372818,6.652100273640826e-05,3.5081156966043636e-05,5.6491076975362375e-05,0.0007939067436382174,0.0013565049739554524,0.0008989332709461451,0.005437564104795456,0.0035082115791738033,0.013241032138466835,0.0031945493537932634,0.0036803840193897486,0.0027645465452224016,0.002528258366510272,0.0017187008634209633,0.002769667422398925,0.00027652413700707257,0.002393866889178753,0.002234315499663353,9.665092511568218e-05,4.4837233872385696e-05,5.178151332074776e-05,0.00013302805018611252,0.0004861154011450708,0.00038624770240858197,0.0001520478108432144,0.0011363993398845196,0.0012087278300896287,0.003783178050071001,0.0060448069125413895,0.002540244720876217,0.0011945039732381701,0.0016280334675684571,0.00037040901952423155,0.001314495108090341,0.00022360688308253884,0.0008473690832033753,0.0011050363536924124,4.8082460125442594e-05,8.316829917021096e-05,5.7523848226992413e-05,0.0002662300830706954,0.00019060849444940686,0.0004044651868753135,0.0028192659374326468,0.0019957157783210278,0.0006004280876368284,0.000548976007848978,0.0009173548896797001,0.0006333778728730977,0.0002398050419287756,0.0015104812337085605,0.0024524149484932423,0.0017602433217689395,0.001946222153492272,0.0003448739880695939,0.00044625072041526437,0.00024398199457209557,0.0003065511118620634,0.000126760482089594,0.0001350950333289802,0.0004070265858899802,0.00021940986334811896,0.0008204664336517453,0.0010859182802960277,0.011045390740036964,0.0013630569446831942,0.002493160543963313,0.0099736787378788,0.0019384828628972173,0.0001615588116692379,4.188518869341351e-05,0.00015604203508701175,0.0016452992567792535,0.0010285127209499478,0.0037205545231699944,0.0036953489761799574,0.0009297187207266688,0.000802334863692522,0.0012712015304714441,0.0013476735912263393,0.0033106731716543436,0.008906240575015545,0.0028981692157685757,0.0032554178033024073,0.004432241432368755,0.01433468982577324,0.0017071189358830452,0.007151869125664234,0.006299872417002916,0.014630874618887901,0.006224027834832668,0.006540592759847641,0.003433442208915949,0.04481620341539383,0.004149775020778179,0.0043519409373402596,0.02791995368897915,0.06057494506239891,0.02736206352710724,0.011662164703011513,0.015372256748378277,0.0036248075775802135,0.008051111362874508,0.0028073147404938936,0.01144427340477705,0.006278634071350098,0.006420668680220842,0.006590635981410742,0.06911991536617279,0.05111793801188469,0.031453028321266174,0.05094854533672333,0.05191026255488396
0.4290448725223541,3.353701686137356e-05,1.802866972866468e-05,5.814655378344469e-05,0.00028378679417073727,0.00010250051855109632,0.0003324001736473292,0.009562264196574688,0.002583044581115246,5.505084845935926e-05,2.054647120530717e-05,3.0602182960137725e-05,0.0004064736422151327,0.0005262949853204191,0.00021831062622368336,0.00245811534114182,0.002726020524278283,0.013867028057575226,0.0037127621471881866,0.0017902144463732839,0.002004272071644664,0.0020093305502086878,0.002042436972260475,0.0037228420842438936,0.0003396107640583068,0.0014258500887081027,0.001490397728048265,5.6020249758148566e-05,7.016034942353144e-05,0.00011645453923847526,0.0001844186190282926,0.0007043746882118285,0.00036016685771755874,0.00016099427011795342,0.0017042105318978429,0.001503888750448823,0.006620822940021753,0.007117406465113163,0.0017958178650587797,0.0007968194549903274,0.0011598686687648296,0.00020137857063673437,0.0007218903047032654,0.000177327761775814,0.00017634188407100737,0.0002308266266481951,9.033229616761673e-06,1.5238204468914773e-05,2.5808629288803786e-05,7.854573777876794e-05,0.00011436842760303989,0.0001886474492494017,0.0034066387452185154,0.0018953856779262424,0.0017217440763488412,0.00023531554325018078,0.0007281324942596257,0.0001510583533672616,0.00011671080574160442,0.0018643809016793966,0.0015413271030411124,0.0005644538905471563,0.00042200356256216764,7.390633982140571e-05,7.825809734640643e-05,0.00024321420642081648,0.0005862733814865351,9.404523734701797e-05,0.0001902090007206425,0.00036025411100126803,0.00012641937064472586,0.0021935401018708944,0.002343075117096305,0.007073021959513426,0.0014500708784908056,0.0019497853936627507,0.003514853771775961,0.0005057343514636159,4.0060233004624024e-05,7.288834694918478e-06,3.92969413951505e-05,0.00021134989219717681,0.0003280776727478951,0.00383483967743814,0.0003902563767042011,0.00036659129546023905,0.0001803863706300035,0.0004576713836286217,0.0009124731295742095,0.0009253136813640594,0.004372512921690941,0.000992309651337564,0.003662640694528818,0.005390108097344637,0.010809260420501232,0.0008206773200072348,0.004027538932859898,0.01043851487338543,0.0033885228913277388,0.00288777076639235,0.004975426942110062,0.0005166305927559733,0.04482860118150711,0.003884130623191595,0.0017282963963225484,0.003246653126552701,0.010719354264438152,0.01562531664967537,0.0012592332204803824,0.0025014893617480993,0.005114097148180008,0.0015589263057336211,0.0017563396831974387,0.001825974090024829,0.0016569002764299512,0.009555904194712639,0.002347671426832676,0.039444148540496826,0.003881207201629877,0.008568822406232357,0.04143181070685387,0.01993771642446518,0.18056632578372955
0.4540245831012726,4.946645276504569e-05,6.231824045244139e-06,1.691967190708965e-05,4.93541665491648e-05,3.1688916351413354e-05,1.283154506381834e-05,0.0018231869908049703,0.00023112304916139692,2.306084024894517e-05,1.7381771613145247e-05,3.052615647902712e-05,3.999987166025676e-05,0.00014885656128171831,0.0003291559696663171,0.0003253876056987792,0.0029079942032694817,0.009235519915819168,0.0017406190745532513,0.0020593979861587286,0.0019055875018239021,0.0003043266187887639,0.0016276208916679025,0.004412676673382521,0.0003228449495509267,0.002059702528640628,0.0005271100671961904,5.036427319282666e-05,3.741477121366188e-05,3.0358904041349888e-05,0.00012526004866231233,5.0447339162928984e-05,6.263023533392698e-05,3.1900319299893454e-05,0.0005005186540074646,0.0005685352953150868,0.0009312892216257751,0.0022878784220665693,0.002440901705995202,0.00015103945042937994,0.00044206183520145714,0.0006367281312122941,0.0003746274160221219,0.00010479910997673869,0.0004133741313125938,0.00032620038837194443,1.8682523659663275e-05,7.072388689266518e-05,6.158096221042797e-05,6.84303740854375e-05,5.7107219618046656e-05,0.00019998944480903447,0.0002522840804886073,0.0010217934614047408,0.001273831003345549,0.001684454269707203,0.00045424565905705094,0.0013187665026634932,0.00027876553940586746,0.0005556766991503537,0.003955111373215914,0.0020970399491488934,0.0005496728699654341,8.24002709123306e-05,0.00017708032100927085,0.0002040363906417042,0.0003949080710299313,0.00035156524972990155,2.9764583814539947e-05,8.981425344245508e-05,0.0001324939075857401,0.00010929898417089134,0.0008041662513278425,0.009496375918388367,0.00011823765089502558,0.00027447406318970025,0.005881961435079575,0.0005128447082825005,6.60146470181644e-05,2.3185080863186158e-05,8.243296906584874e-05,0.00018201883358415216,0.00024321135424543172,0.0007981106173247099,0.0016746876062825322,0.002236121566966176,0.00043490377720445395,0.00044247182086110115,0.00040810840437188745,0.0004482890944927931,0.004044263623654842,0.001627123448997736,0.0017701371107250452,0.0010806018253788352,0.007251155097037554,0.0018517576390877366,0.0016230110777541995,0.004513012245297432,0.010223533026874065,0.0024050569627434015,0.00250978278927505,0.0023857741616666317,0.0030706897377967834,0.002745260251685977,0.004847555886954069,0.007964655756950378,0.00629009772092104,0.005670470651239157,0.004929527640342712,0.0025056598242372274,0.0021190354600548744,0.015622708015143871,0.0005013169138692319,0.007566401269286871,0.001846667262725532,0.002496450673788786,0.01235142257064581,0.025936707854270935,0.02889016643166542,0.025579247623682022,0.0238022580742836,0.07658655196428299,0.035707030445337296,0.1282382309436798
0.5520597696304321,4.681303835241124e-05,5.920149487792514e-05,5.5980548495426774e-05,0.00028269673930481076,5.311856511980295e-05,0.00014916078362148255,0.0009663121309131384,0.0012991932453587651,3.140490662190132e-05,1.773798794602044e-05,4.5312815927900374e-05,0.00017785832460504025,5.631446038023569e-05,9.462537855142727e-05,0.0002634794800542295,0.0011170951183885336,0.0036175281275063753,0.003198710735887289,0.0009098515729419887,0.0004957218770869076,0.0005151630030013621,0.0005014435737393796,0.0009629254345782101,0.0004399334720801562,0.0007702154107391834,0.0019951907452195883,8.002334652701393e-05,0.00018936819105874747,0.0003232857561670244,0.0005355672910809517,0.0007890116539783776,0.00017638015560805798,0.00010538881906541064,0.0003390131168998778,0.0003698945220094174,0.002182099036872387,0.0012054017279297113,0.0033635690342634916,0.0004645504814106971,0.0005644423654302955,0.0007568395230919123,0.000656415126286447,9.59194585448131e-05,0.00027856449014507234,0.00038607188616879284,1.1412175808800384e-05,9.566033440933097e-06,4.242523937136866e-05,6.654590833932161e-05,0.00012335780775174499,0.0001013227374642156,0.002313653938472271,0.0002021843974944204,0.0003129605029243976,0.00038472097367048264,0.00027327309362590313,0.0002721478813327849,0.00014749767433386296,0.0034560791682451963,0.001025669276714325,0.0008221555617637932,0.000993868219666183,0.00011092471686424688,3.061737879761495e-05,0.00021446341997943819,0.00045169080840423703,0.00021940901933703572,0.0012990186223760247,0.00023026992857921869,0.00029613793594762683,0.0016521241050213575,0.0016874839784577489,0.0043449969962239265,0.0010352595709264278,0.0010996974306181073,0.0012180408230051398,0.0010466789826750755,8.940650877775624e-05,1.5275796613423154e-05,0.00013607056462205946,0.00023439456708729267,0.0011702534975484014,0.016394486650824547,0.0004147698055021465,0.0016292845830321312,0.0006902398890815675,0.002293739467859268,0.007912801578640938,0.00031178927747532725,0.0020933900959789753,0.0014998061815276742,0.0024448500480502844,0.0014524459838867188,0.003495264332741499,0.00097535306122154,0.005221141967922449,0.0029006481636315584,0.0027464355807751417,0.0024962679017335176,0.0006975122378207743,0.0002821001980919391,0.007027074228972197,0.0005908586899749935,0.0007060796488076448,0.0013541526859626174,0.0028672099579125643,0.004490217659622431,0.0009798697428777814,0.0007889025146141648,0.0014144795713946223,0.002756707835942507,0.0008174661779776216,0.0035842726938426495,0.0025026716757565737,0.007201840169727802,0.004587595351040363,0.0886688232421875,0.004056960344314575,0.005575432907789946,0.005406518466770649,0.005477857775986195,0.019314460456371307,0.023029372096061707,0.14066317677497864
0.42690911889076233,7.099497452145442e-05,4.677852484746836e-05,4.925985922454856e-05,0.00019023199274670333,6.814756488893181e-05,5.8863184676738456e-05,0.003576975781470537,0.0007022529607638717,5.1694787543965504e-05,1.7720785763231106e-05,9.689371654530987e-05,0.00010707854380598292,0.00028508767718449235,0.0002478269161656499,9.743096597958356e-05,0.0019032889977097511,0.008668508380651474,0.0030490923672914505,0.003677962115034461,0.0017690763343125582,0.00024537171702831984,0.001053446321748197,0.004155708942562342,0.0005210885428823531,0.00399524113163352,0.001120661268942058,9.564293577568606e-05,8.510529005434364e-05,0.00012521090684458613,0.00024170665710698813,0.0002715727314352989,0.0001909773563966155,8.093032374745235e-05,0.00030567453359253705,9.922053141053766e-05,0.0009576103766448796,0.002676058793440461,0.004570876248180866,0.0004373961128294468,0.0008169480715878308,0.002185216872021556,0.00046231821761466563,0.0003724693087860942,0.0007112552993930876,0.00019298517145216465,1.1718076166289393e-05,5.498424343386432e-06,2.857913750631269e-05,3.107764132437296e-05,0.00011001747770933434,0.00017535500228405,0.0007629148894920945,0.0005417799693532288,0.0005620692390948534,0.0008874863269738853,0.00032990722684189677,0.0009307319996878505,0.00027674526791088283,0.0014256424037739635,0.003693503560498357,0.0031931595876812935,0.00040576979517936707,5.146074545336887e-05,1.6367726857424714e-05,7.2779759648256e-05,0.0002870448515750468,0.00028113380540162325,0.0007292775553651154,0.0012364115100353956,0.000616883859038353,0.0009534208802506328,0.0030631974805146456,0.008678823709487915,0.0003524493076838553,0.001841234159655869,0.003193308599293232,0.0003907366772182286,3.269562512286939e-05,3.996254235971719e-06,2.2927086320123635e-05,5.516553210327402e-05,0.0004941188381053507,0.006617008242756128,0.0002855209750123322,0.0011175875551998615,0.00017724175995681435,0.0013987855054438114,0.0046493373811244965,0.0002976943796966225,0.0029159323312342167,0.0006584004731848836,0.0016399164451286197,0.003691408084705472,0.004557142034173012,0.001032668398693204,0.0021897375117987394,0.008814889937639236,0.004965854808688164,0.0032184033188968897,0.002493514446541667,0.0005571561050601304,0.004803341347724199,0.0010865121148526669,0.00102901179343462,0.0006689875735901296,0.001639076042920351,0.00560563150793314,0.0019812893588095903,0.0008016990614123642,0.0009844073792919517,0.003403612645342946,0.0013756777625530958,0.004652002826333046,0.0023807340767234564,0.0064026229083538055,0.010497631505131721,0.06239458546042442,0.004676518961787224,0.004441466182470322,0.008104424923658371,0.004798613954335451,0.011391600593924522,0.03464449942111969,0.07316857576370239,0.18442867696285248
0.3192662000656128,7.565331907244399e-05,1.82136118382914e-05,3.7401143345050514e-05,3.223580279154703e-05,8.062771485128906e-06,3.5115438095090212e-06,0.000382258411264047,6.248769204830751e-05,1.6755882825236768e-05,2.814147364915698e-06,1.0468058462720364e-05,1.6236177543760277e-05,1.3494181985151954e-05,2.5365010515088215e-05,2.431404936942272e-05,0.0005417974898591638,0.0009733808692544699,0.00022715312661603093,0.0003946900542359799,0.00022886812803335488,0.00014646496856585145,0.00039686899981461465,0.00028169024153612554,4.8032259655883536e-05,0.00032100683893077075,0.0001422017376171425,6.05228851782158e-05,7.529932190664113e-05,6.321180262602866e-05,2.9920056476839818e-05,2.397287062194664e-05,1.4519204341922887e-05,6.916826805536402e-06,2.4504746761522256e-05,2.931354902102612e-05,8.192721725208685e-05,0.00032932881731539965,0.0005969954654574394,0.00011373937013559043,0.0005331807769834995,0.00031306318123824894,6.897141429362819e-05,1.8133659978047945e-05,4.3278472730889916e-05,1.5741534298285842e-05,6.290608780545881e-06,2.2867513962410158e-06,3.0701955893164268e-06,4.128645014134236e-05,1.215345946548041e-05,2.0224371837684885e-05,8.498164243064821e-05,4.35670226579532e-05,3.570067201508209e-05,8.371775766136125e-05,6.179686897667125e-05,0.0001534476614324376,3.074768028454855e-05,0.00015867032925598323,0.00016174798656720668,0.00032461504451930523,6.687788845738396e-05,2.1598239982267842e-05,4.051910582347773e-05,3.15118049911689e-05,9.127116936724633e-05,4.966086271451786e-05,3.859371645376086e-05,5.355698522180319e-05,4.5383054384728894e-05,3.477240898064338e-05,0.0002802358358167112,0.0009299126104451716,2.237404441984836e-05,0.00010545880650170147,0.0003662490635178983,5.8079196605831385e-05,1.9681967387441546e-05,4.132203685003333e-06,7.966785233293194e-06,0.00015279214130714536,6.257410859689116e-05,0.0002908222668338567,0.0007696610991843045,0.0002877202641684562,0.00014975422527641058,0.00047907073167152703,0.000406266946811229,0.0003474638797342777,0.0005218884325586259,0.0001324765762547031,0.00017106588347814977,0.00024595414288342,0.0006689514848403633,0.00019066614913754165,0.0003202023799531162,0.001623342977836728,0.0035047174897044897,0.0009624678059481084,0.00019119528587907553,0.00011313646245980635,0.0011539919069036841,0.0003715457860380411,0.0002167190978070721,0.0013507986441254616,0.006839321460574865,0.0022611438762396574,0.001968675758689642,0.006277595646679401,0.0010557699715718627,0.0019775857217609882,0.002180954907089472,0.002680766163393855,0.0010760665172711015,0.004900659434497356,0.003043331438675523,0.011722059920430183,0.007971642538905144,0.0025941478088498116,0.0013840139145031571,0.004710081033408642,0.008759320713579655,0.020903494209051132,0.12365008890628815,0.034846775233745575,0.40487900376319885
0.2354566603899002,4.060810533701442e-05,2.3502549083787017e-05,3.3501706639071926e-05,3.7979458284098655e-05,7.387165169348009e-06,3.5462430787447374e-06,0.00030281816725619137,0.00010348826617700979,9.437116204935592e-06,7.987810022314079e-06,1.4873352483846247e-05,2.4702607333892956e-05,2.106457577610854e-05,5.20436697115656e-05,4.241086935508065e-05,0.000314580014673993,0.0007883893558755517,0.0003144723305013031,0.00021507659403141588,0.00030654200236313045,0.00015096261631697416,0.00021814605861436576,0.00027059359126724303,3.7036530557088554e-05,0.00018319040827918798,0.00018735587946139276,2.8383843527990393e-05,0.00010434411524329334,0.00012005410098936409,4.6154334995662794e-05,3.590347114368342e-05,4.5020377001492307e-05,2.516271524655167e-05,8.003293623914942e-05,9.420602873433381e-05,0.00010224387369817123,0.00028008612571284175,0.0010608098236843944,0.00023626814072486013,0.0009243799140676856,0.0005411265301518142,0.00011987540347035974,1.5507032003370114e-05,5.8443332818569615e-05,3.341969204484485e-05,4.2780307012435514e-06,6.38210531178629e-06,3.0778548989474075e-06,2.3343571228906512e-05,7.97087159298826e-06,1.9149394574924372e-05,8.829883154248819e-05,4.6134307922329754e-05,3.2024181564338505e-05,8.165022154571488e-05,4.266986434231512e-05,0.00022719864500686526,6.495837442344055e-05,0.0003125790390186012,0.00022889369574841112,0.0003034445981029421,0.00010346843191655353,3.029945037269499e-05,5.533979128813371e-05,6.909482908667997e-05,0.00012335283099673688,7.708997145527974e-05,5.8715904742712155e-05,7.325300248339772e-05,0.00011434315092628822,6.377448880812153e-05,0.00022818469733465463,0.0016591136809438467,3.0845796572975814e-05,8.336780592799187e-05,0.0006727816653437912,0.0001900781353469938,2.840924571501091e-05,6.86986641085241e-06,1.355567746941233e-05,0.00017520273104310036,5.583859820035286e-05,0.00023152667563408613,0.0005400913069024682,0.00038282101741060615,0.00011061252735089511,0.0001960952067747712,0.0002326164540136233,0.0006382422288879752,0.0007698473054915667,0.00022838913719169796,0.00022851265384815633,9.032521484186873e-05,0.001038560178130865,0.00061056885169819,0.000547463889233768,0.0015510419616475701,0.005289116874337196,0.0035812868736684322,0.0006433342350646853,0.0005740771302953362,0.002538041677325964,0.0005517287645488977,0.0005328054539859295,0.0017507754964753985,0.011138026602566242,0.0031804165337234735,0.004777019377797842,0.0058860452845692635,0.0009756709332577884,0.0024051133077591658,0.000771924911532551,0.003874983871355653,0.0024731780868023634,0.005691167898476124,0.005920752417296171,0.015441790223121643,0.006460337899625301,0.006817744579166174,0.005045759025961161,0.013388145714998245,0.012865526601672173,0.02703247033059597,0.09615379571914673,0.023334307596087456,0.21375834941864014,0.26122477650642395
0.46489107608795166,0.00014282936172094196,0.00011075694055762142,0.0001302166492678225,0.00025573422317393124,3.6882469430565834e-05,3.417126936255954e-05,0.0008481022669002414,0.0004084664979018271,2.253260390716605e-05,5.580338893196313e-06,2.0658433641074225e-05,3.814164301729761e-05,1.3404537639871705e-05,0.00012196354509796947,6.931680400157347e-05,0.00033272444852627814,0.0013501208741217852,0.000574409612454474,0.0003557013114914298,0.00037345782038755715,0.00030939062708057463,0.0005572625086642802,0.0004667147877626121,0.00025902624474838376,0.00045687201782129705,0.000634977244772017,0.00010381171887274832,8.986340253613889e-05,8.579569839639589e-05,9.957146539818496e-05,7.427407399518415e-05,4.410660039866343e-05,3.2173327781492844e-05,5.801198858534917e-05,5.3040803322801366e-05,0.00015201684436760843,0.00021677165932487696,0.0010446595260873437,0.00017558755644131452,0.0005979124107398093,0.0009721310343593359,0.00030394180794246495,7.986284617800266e-05,0.0003684170951601118,0.00012675310426857322,1.7477359506301582e-05,1.0172505426453426e-05,1.8218488548882306e-05,7.298085984075442e-05,3.764644134207629e-05,8.69228460942395e-05,0.0005170463118702173,7.634132634848356e-05,2.6508378141443245e-05,0.00014725634537171572,2.820494592015166e-05,0.00016426715592388064,7.685214950470254e-05,0.0005276133306324482,0.0003436973784118891,0.0005997645203024149,0.00022219611855689436,5.1681388868018985e-05,6.095348362578079e-05,0.00010970926086883992,0.00014939224638510495,9.82485362328589e-05,0.00017340664635412395,6.255971675273031e-05,0.0001783297921065241,0.00047509593423455954,0.0009547572699375451,0.0023373402655124664,0.0001147000803030096,0.00015532010002061725,0.0004957447526976466,0.00014127160829957575,3.951511098421179e-05,1.0620580724207684e-05,2.236381988041103e-05,0.00016099947970360518,8.899757085600868e-05,0.0005807935376651585,0.0004365077766124159,0.0008838094072416425,0.00018934633408207446,0.00031160449725575745,0.0014630105579271913,0.0009404424345120788,0.004856128711253405,0.0008998492849059403,0.00043755577644333243,0.00031035844585858285,0.0008437889628112316,0.0005488733877427876,0.0007817918085493147,0.001415445003658533,0.0036720570642501116,0.0015281098894774914,0.0002378296194365248,0.0004314667312428355,0.0016078850021585822,0.0004668835026677698,0.00040810302016325295,0.00062875373987481,0.0021070074290037155,0.003599167102947831,0.0032478466164320707,0.0034585166722536087,0.0011710476828739047,0.004428982734680176,0.0009681005612947047,0.005610028747469187,0.003683917922899127,0.004838880151510239,0.005421527195721865,0.01909889653325081,0.0034822733141481876,0.002605925314128399,0.0015533550176769495,0.006998592521995306,0.007656071335077286,0.011436773464083672,0.03657251223921776,0.009178676642477512,0.07715167850255966,0.05719546228647232,0.2183009386062622
0.4506644308567047,9.953966946341097e-05,0.00014403597742784768,8.674820855958387e-05,0.0004529808647930622,0.00010385440691607073,6.543759809574112e-05,0.0010901665082201362,0.0004871250130236149,2.876574217225425e-05,6.134090199338971e-06,2.339746970392298e-05,5.517659883480519e-05,5.708428579964675e-05,0.00025477149756625295,0.00020772803691215813,0.000656863849144429,0.0022917038295418024,0.0005989726632833481,0.0003086600627284497,0.0002932999050244689,0.00020560811390168965,0.0005117861437611282,0.00037991770659573376,0.00017005414701998234,0.0002405928389634937,0.0005975852836854756,6.667893467238173e-05,0.00010643776477081701,8.112879004329443e-05,0.00023131950001697987,0.00023986831365618855,0.00011609088687691838,0.00010391048272140324,0.0002527452015783638,0.00016431276162620634,0.00042322478839196265,0.00019035582954529673,0.0014253280824050307,0.00013691249478142709,0.0012425662716850638,0.0018331707688048482,0.000956533127464354,0.00020995430531911552,0.0008449027081951499,0.00012639013584703207,1.6080904970294796e-05,5.763323315477464e-06,2.807340024446603e-05,3.100225512753241e-05,4.1953531763283536e-05,9.016558760777116e-05,0.0010134776821359992,0.0003319589013699442,0.00012622751819435507,0.00026240735314786434,4.720220385934226e-05,0.00020370476704556495,0.00023134420916903764,0.0020405875984579325,0.0011747692478820682,0.0013062467332929373,0.00024477558326907456,3.741276668733917e-05,1.1009418813046068e-05,8.486404112773016e-05,0.00013505092647392303,6.581818888662383e-05,0.0004503483942244202,0.00017219624714925885,0.00023405269894283265,0.0011137883411720395,0.0015618788311257958,0.0024920697323977947,0.00017222942551597953,0.0002817492058966309,0.0004274730454199016,0.00014299782924354076,2.688761924218852e-05,3.627298838182469e-06,1.2278615031391382e-05,5.271987174637616e-05,0.0001499855425208807,0.001771058770827949,0.0002936175442300737,0.0005847607390023768,0.00018270360305905342,0.0005995818646624684,0.002577263629063964,0.0007979419315233827,0.0048905047588050365,0.0008947637397795916,0.0009054089314304292,0.0003499356680549681,0.0009947926737368107,0.0003027043421752751,0.000865532667376101,0.0011629468062892556,0.002388186752796173,0.0015627250541001558,0.0003367528261151165,0.00042722158832475543,0.0032274990808218718,0.0007673922809772193,0.0004711448564194143,0.0004590083262883127,0.001093554776161909,0.0025383559986948967,0.000684745900798589,0.0012273950269445777,0.0010054248850792646,0.0019516393076628447,0.00042762249358929694,0.001701248693279922,0.0020700690802186728,0.00974366720765829,0.007859213277697563,0.024220896884799004,0.0019333753734827042,0.0017889728769659996,0.0015437206020578742,0.002195493783801794,0.007112110964953899,0.006333897355943918,0.040872201323509216,0.013990434817969799,0.023722371086478233,0.01981756091117859,0.13084085285663605,0.18485340476036072
0.4756954610347748,0.0001596966467332095,0.00013372607645578682,7.111403101589531e-05,0.00044745721970684826,0.0001650591875659302,5.089090336696245e-05,0.0007010337430983782,0.0003313162596896291,5.715213774237782e-05,1.3172033504815772e-05,2.3873089958215132e-05,2.8233733246452175e-05,0.00010230990301351994,0.00013473030412569642,8.529330079909414e-05,0.000600683968514204,0.0018371586920693517,0.0007094972534105182,0.00016188218432944268,0.0001772123359842226,7.502404332626611e-05,0.00048367155250161886,0.00032441309303976595,0.0002468228340148926,0.0001443362416466698,0.00034902183688245714,9.471418161410838e-05,0.0001723175955703482,0.0001705604954622686,0.00042118303827010095,0.00016515058814547956,0.00015203522343654186,9.670013241702691e-05,0.00045792118180543184,0.000425025966251269,0.0005829264991916716,0.0001725650072330609,0.0009840618586167693,6.608081457670778e-05,0.0008609542855992913,0.0015276221092790365,0.0009763005655258894,0.0004903782973997295,0.0008748568361625075,9.691570448921993e-05,2.5891984478221275e-05,1.2253716704435647e-05,3.472139724181034e-05,1.9265269656898454e-05,2.3242893803399056e-05,3.456769627518952e-05,0.00021816111984662712,0.0004770954546984285,0.0001695262035354972,0.00019330465875100344,6.0442911490099505e-05,0.0001414935104548931,0.00015165653894655406,0.0008461062679998577,0.0017140229465439916,0.0011916772928088903,0.00020541322010103613,3.810349517152645e-05,1.7136993847088888e-05,0.00012409640476107597,0.00042278249748051167,8.528280886821449e-05,0.00036994219408370554,0.0005397693603299558,0.0001726594055071473,0.00043425121111795306,0.0012518104631453753,0.003298221156001091,0.00021452512010000646,0.0003005937032867223,0.000568402698263526,8.084646833594888e-05,2.258763379359152e-05,5.221231731411535e-06,8.311895726365037e-06,2.7592855985858478e-05,5.759813211625442e-05,0.00041847984539344907,0.0001864358055172488,0.00043515683501027524,0.0001267277984879911,0.00040684040868654847,0.0015140408650040627,0.000437493494246155,0.0025987857952713966,0.0006155242444947362,0.0019090961432084441,0.00032499388908036053,0.0007866600062698126,0.00016352810780517757,0.00032401751377619803,0.0006302664405666292,0.0016906583914533257,0.002054680837318301,0.0006339538958854973,0.0005298161413520575,0.001475724158808589,0.0008561435388401151,0.0006452666711993515,0.000273881945759058,0.0004227454192005098,0.0012400697451084852,0.00017517672677058727,0.00022549279674421996,0.0004960867809131742,0.0005661076866090298,0.000317109253956005,0.000632583920378238,0.0012356664519757032,0.004129037261009216,0.005688818637281656,0.0126426937058568,0.0019791845697909594,0.0025966083630919456,0.00401770556345582,0.001832872978411615,0.005335826892405748,0.008458396419882774,0.021836835891008377,0.017830781638622284,0.009804725646972656,0.010113121941685677,0.08970868587493896,0.15121428668498993,0.12280412018299103
0.374060720205307,9.648895502323285e-05,2.4287468477268703e-05,5.495279765455052e-05,0.0001652389910304919,5.660636816173792e-05,5.2325376600492746e-05,0.0010094116441905499,0.00026011266163550317,3.5376735468162224e-05,5.6054091146506835e-06,1.2438623343768995e-05,1.3242776731203776e-05,4.860881290369434e-06,2.39531509578228e-05,8.240879651566502e-06,0.00016862036136444658,0.0010929163545370102,0.00014596656546927989,0.0002115302049787715,8.094571967376396e-05,2.0849993234151043e-05,0.0001388399105053395,0.00035165579174645245,0.00011587169137783349,0.0004221167473588139,0.00028088243561796844,8.183883619494736e-05,0.00014064682181924582,0.00015200182679109275,0.00017471867613494396,9.576354932505637e-05,2.1944515538052656e-05,2.118784686899744e-05,2.5788816856220365e-05,3.7113022699486464e-05,9.509182564215735e-05,8.62485685502179e-05,0.0013425459619611502,1.710054675641004e-05,4.8424179112771526e-05,0.000630373484455049,0.00020895528723485768,0.00011598180572036654,0.0007887844694778323,9.34119161684066e-05,2.137754017894622e-05,1.436266211385373e-05,1.7676487914286554e-05,3.16516452585347e-05,1.2236720067448914e-05,1.7900294551509432e-05,0.00010645687143551186,3.738031955435872e-05,2.1891570213483647e-05,0.00018749636365100741,2.2400521629606374e-05,0.0001927066477946937,4.7212070057867095e-05,8.767055987846106e-05,0.0001555658527649939,0.0009037932613864541,0.00020902763935737312,2.8717722670990042e-05,3.716214996529743e-05,3.8606936868745834e-05,7.245541928568855e-05,0.00012941339809913188,0.0002118585689458996,0.00014023296535015106,0.0002150492073269561,0.00023155978124123067,0.0017840928630903363,0.004844722803682089,0.00022061563504394144,0.0005477717495523393,0.0009507895447313786,8.180465374607593e-05,1.95616485143546e-05,2.8734966690535657e-06,3.934768756153062e-06,3.4418830182403326e-05,1.782736217137426e-05,6.897089042467996e-05,0.0002032452030107379,0.00031072917045094073,7.59233589633368e-05,0.0001980835950234905,0.0004391080292407423,0.00020293686247896403,0.0015972713008522987,0.0005189632065594196,0.0008007515571080148,0.0008171814261004329,0.000774639833252877,0.0004870791162829846,0.00019903619249816984,0.00029127500602044165,0.0014696764992550015,0.0022935408633202314,0.000174933738890104,0.0006750303437002003,0.0002604518667794764,8.783994417171925e-05,0.0004576031642500311,0.0006270278827287257,0.000792697595898062,0.0007743502501398325,0.0005141233559697866,0.0005022017285227776,0.00038533646147698164,0.0023435393813997507,0.0009600285557098687,0.004000616725534201,0.0027273993473500013,0.0019224646966904402,0.007768129929900169,0.004280289635062218,0.004580714739859104,0.0022832381073385477,0.0005732712452299893,0.002098016208037734,0.0008537058020010591,0.007148802746087313,0.007810270879417658,0.0028881074395030737,0.03687571361660957,0.022609300911426544,0.08942282199859619,0.038006365299224854,0.03192691504955292,0.31812795996665955
0.3255453109741211,0.0001797429722500965,0.0001127577488659881,0.0005858557997271419,0.00034573752782307565,0.0001369071687804535,5.4181251471163705e-05,0.002472648397088051,0.0002510541526135057,8.527500904165208e-05,1.555774906591978e-05,8.329341653734446e-05,0.00010157551150768995,5.501758641912602e-05,8.185995102394372e-05,4.1457511542830616e-05,0.000272307574050501,0.0016550474101677537,0.0001434638543287292,0.0004970844020135701,0.0003587816026993096,0.00014057281077839434,0.00040740749682299793,0.0003780938859563321,5.056064765085466e-05,0.0002512505743652582,0.0001485766697442159,7.915598689578474e-05,0.00011741506023099646,0.00013895971642341465,7.658362301299348e-05,0.00010773532994790003,4.970471854903735e-05,5.5439257266698405e-05,6.144612416392192e-05,9.69504690147005e-05,0.00023773331486154348,0.00041785414214245975,0.0016345888143405318,0.0001513612805865705,0.0008563155424781144,0.0010343079920858145,0.00025331354117952287,7.763222674839199e-05,0.00047775974962860346,5.513281939784065e-05,4.0642702515469864e-05,2.18692312046187e-05,0.00010400414612377062,0.0006723993574269116,0.00010146629938390106,0.00014861075032968074,0.0001526326814200729,0.00014978638500906527,0.00010549608123255894,0.0002415232447674498,0.00015613704454153776,0.00041673152009025216,0.00028941137134097517,0.00017513538477942348,0.00017499583191238344,0.00217169220559299,0.00011388449638616294,0.00011969416664214805,0.00030996985151432455,9.826144378166646e-05,0.0001817902084439993,0.0003175017482135445,0.0002546750765759498,0.0003834417730104178,0.0002119793207384646,0.000135505004436709,0.00043927913065999746,0.0030565252527594566,0.0003519297461025417,0.0004792656982317567,0.002247808501124382,0.00018917418492492288,7.67020319472067e-05,1.87101868505124e-05,1.3454444342642091e-05,0.0004416423907969147,5.700261317542754e-05,8.419059304287657e-05,0.0013290444621816278,0.0003091131802648306,0.00030140092712827027,0.0007300969446077943,0.0004012739227619022,0.0013621016405522823,0.0029026689007878304,0.0001795091520762071,0.00030312876333482563,0.0007354604895226657,0.001917739398777485,0.0004884052323177457,0.0001292716624448076,0.0006518059526570141,0.005912125576287508,0.0017915974603965878,0.0002736045862548053,0.0007474463782273233,0.0007454244187101722,0.00026910967426374555,0.001817808486521244,0.008913712576031685,0.021656552329659462,0.0034669518936425447,0.00373513693921268,0.01414322480559349,0.001480399863794446,0.0019027246162295341,0.0065455990843474865,0.0035071251913905144,0.0023830500431358814,0.003357221372425556,0.0031165690161287785,0.0034600701183080673,0.01174729224294424,0.001976127503439784,0.0008929218165576458,0.0029527039732784033,0.004212780389934778,0.011526161804795265,0.013035360723733902,0.003638799302279949,0.09735042601823807,0.014914200641214848,0.0327698178589344,0.012685497291386127,0.00692041264846921,0.04011763632297516,0.28915753960609436
0.391098290681839,6.777960516046733e-05,9.489898366155103e-05,7.924926467239857e-05,0.0007123658433556557,0.00036660933983512223,0.0002961940481327474,0.006082360167056322,0.0009770969627425075,6.003674934618175e-05,1.725478796288371e-05,5.3787091019330546e-05,8.39239583001472e-05,0.0001386595395160839,0.00011964044824708253,0.00012815999798476696,0.0003740606480278075,0.0032798326574265957,0.00039787532296031713,0.0008127245819196105,0.0006900089210830629,0.000219192894292064,0.0005868611624464393,0.001281624543480575,0.00010909012780757621,0.00047346187056973577,0.0005097262328490615,4.01204961235635e-05,4.465310848900117e-05,4.846688170800917e-05,0.00020363320072647184,0.0006275838823057711,0.00022017590526957065,0.00022585921396967024,0.0002956649987027049,0.00027022373978979886,0.0009596435120329261,0.0010468612890690565,0.002924693748354912,0.00023872475139796734,0.00163482956122607,0.0006808568723499775,0.0002334700693609193,0.00021302136883605272,0.0005980280111543834,0.00014141944120638072,1.864209298219066e-05,1.7914921045303345e-05,9.302044054493308e-05,7.995153282536194e-05,0.00017177923291455954,0.00017994885274674743,0.0007764321635477245,0.0004924240638501942,0.0005993140512146056,0.00041525388951413333,0.00028781098080798984,0.00036692782305181026,0.00016228112508542836,0.00031265607685782015,0.0002941308484878391,0.0015591398114338517,0.00030633664573542774,8.81637679412961e-05,4.947407069266774e-05,0.00020616879919543862,0.0004247945616953075,0.00021119196026120335,0.0006199721829034388,0.000684659113176167,0.00045067601604387164,0.0007919127820059657,0.0008890241151675582,0.00239951373077929,0.0006008033524267375,0.001460584462620318,0.0022002835758030415,0.0005289699765853584,4.0627000998938456e-05,5.814836185891181e-06,1.4149531125440262e-05,4.542178430710919e-05,0.00012015042011626065,0.00044294295366853476,0.00041602645069360733,0.00023122831771615893,0.00014030365855433047,0.0008689046371728182,0.0008708250825293362,0.001608026446774602,0.0031415396369993687,0.0005753897712565958,0.0014591226354241371,0.001990985358133912,0.006422577425837517,0.0011539759580045938,0.0008675367571413517,0.0013122264062985778,0.004175412468612194,0.0035661745350807905,0.0014476502547040582,0.0009437538683414459,0.0031241450924426317,0.00041124780545942485,0.002433902584016323,0.0038720187731087208,0.009362144395709038,0.0067448397167027,0.001493177143856883,0.0025187297724187374,0.00348848314024508,0.0018270682776346803,0.0025749285705387592,0.0019005254143849015,0.0011746629606932402,0.010392184369266033,0.0026030668523162603,0.008805973455309868,0.0035163210704922676,0.0029207372572273016,0.003477665828540921,0.0030308146961033344,0.010491175577044487,0.02346763014793396,0.02467939630150795,0.008203382603824139,0.018700581043958664,0.005373144056648016,0.007612991612404585,0.022432630881667137,0.011401847936213017,0.02131592482328415,0.06094495579600334,0.24034401774406433
0.3877479135990143,0.00013626278087031096,9.163775393972173e-05,0.00011099743278464302,0.00026671579689718783,6.820643466198817e-05,0.0002362932573305443,0.0024174079298973083,0.0007265854510478675,6.256193591980264e-05,1.4204120816430077e-05,2.5444045604672283e-05,3.397258115001023e-05,1.8149561583413742e-05,3.0797837098361924e-05,2.540607238188386e-05,7.937002374092117e-05,0.000405916478484869,9.97326715150848e-05,0.00023898216022644192,0.00017042725812643766,6.373960786731914e-05,0.0002294957375852391,0.00017089126049540937,4.270876161172055e-05,0.0001471715804655105,0.00019885614165104926,6.446211773436517e-05,4.6780507545918226e-05,5.424590199254453e-05,0.00010285506141372025,0.000153764383867383,4.258707122062333e-05,7.905832899268717e-05,4.0588838601252064e-05,4.967445784131996e-05,0.00014080585970077664,0.00016485690139234066,0.0012225429527461529,9.259043872589245e-05,0.00019250265904702246,0.00040716331568546593,7.597362127853557e-05,6.085969289415516e-05,0.00049239193322137,0.00012002942821709439,3.977471715188585e-05,3.41465201927349e-05,5.69066614843905e-05,8.675782009959221e-05,2.907960515585728e-05,3.3236090530408546e-05,0.0001374476996716112,4.694206654676236e-05,3.488637594273314e-05,7.968484715092927e-05,5.738444087910466e-05,0.0002443370467517525,5.799662176286802e-05,7.560521771665663e-05,4.789248123415746e-05,0.0002793686289805919,0.00010157042561331764,3.193764132447541e-05,6.646328256465495e-05,5.8148867537966e-05,0.00012843207514379174,9.162403148366138e-05,0.00014573302178177983,0.00017498321540188044,0.00016294821398332715,0.00039845274295657873,0.0011327050160616636,0.0009285390842705965,0.0003072932013310492,0.0018437547842040658,0.0016207204898819327,0.00021738583745900542,3.454530451563187e-05,4.960697424394311e-06,1.9513454390107654e-06,2.1497136913239956e-05,5.6094463616318535e-06,2.2860156605020165e-05,0.00024756707716733217,7.664137956453487e-05,4.8785452236188576e-05,0.00016233368660323322,9.812356438487768e-05,0.00044685276225209236,0.0012005181051790714,0.00020565197337418795,0.0003486032073851675,0.0008994432282634079,0.001142482040449977,0.0006439971621148288,0.0003601300122682005,0.0004911500727757812,0.0007031167624518275,0.0006823354051448405,0.0001601000694790855,0.00020880148804280907,0.0005493060452863574,0.00021842613932676613,0.0007498091435991228,0.00103737972676754,0.0016609957674518228,0.0007882844074629247,0.00041045929538086057,0.0005344838718883693,0.0005016875802539289,0.000549385673366487,0.0008528062608093023,0.0013991616433486342,0.0023084133863449097,0.004660028498619795,0.0029512287583202124,0.0013920464552938938,0.001338144880719483,0.0005447159637697041,0.00048032839549705386,0.001428376417607069,0.002875842386856675,0.006328805349767208,0.0036147625651210546,0.0012778156669810414,0.015981260687112808,0.005015476606786251,0.00895651150494814,0.008942386135458946,0.005064468830823898,0.0335884727537632,0.0717708021402359,0.11166982352733612,0.286124587059021
0.35698917508125305,0.0001336536806775257,2.7386893634684384e-05,0.0004784197953995317,0.00021586724324151874,4.893574077868834e-05,6.08536101935897e-05,0.001106369774788618,0.0002676600415725261,0.000233934071729891,2.0578629118972458e-05,6.768457387806848e-05,5.9582140238489956e-05,1.3635711184178945e-05,2.3308282834477723e-05,1.7495829524705186e-05,0.00010592057515168563,0.0003536276053637266,3.9270413253689185e-05,6.01631763856858e-05,0.0001341125025646761,8.205532503779978e-05,0.0002201949682785198,0.00024161474721040577,3.1394978577736765e-05,4.7854959120741114e-05,7.620896940352395e-05,0.0001350193633697927,0.00019337311096023768,0.00017611750809010118,5.8760022511705756e-05,7.105483382474631e-05,2.4366470825043507e-05,4.4756914576282725e-05,6.159025360830128e-05,8.718406752450392e-05,9.569984104018658e-05,0.00014608008495997638,0.0014271172694861889,0.00017133794608525932,0.000726293888874352,0.0007957721827551723,0.00011961635755142197,2.9617263862746768e-05,0.00019008431991096586,5.216544741415419e-05,6.719218799844384e-05,4.969167275703512e-05,0.00012381568376440555,0.0008768692496232688,4.7900441131787375e-05,7.302356971194968e-05,0.00015200952475424856,0.000198043228010647,0.00014249487139750272,0.00012162618077127263,0.00011139363778056577,0.00011778849875554442,4.574459308059886e-05,6.153512367745861e-05,8.383522799704224e-05,0.0005478695384226739,7.907123654149473e-05,4.555713167064823e-05,0.00033433662611059844,7.150197779992595e-05,0.00017908777226693928,0.00018332115723751485,0.00017469013982918113,0.00019651403999887407,9.47844673646614e-05,0.00022160421940498054,0.0008744591614231467,0.0010207939194515347,0.0005363116506487131,0.00019258339307270944,0.0009609038825146854,0.00020349107217043638,0.00014148491027299315,3.7939229514449835e-05,1.3600955753645394e-05,0.000171122228493914,5.929449343966553e-06,1.1925716535188258e-05,0.0006483432953245938,7.146673306124285e-05,6.448782369261608e-05,0.00015340080426540226,2.829645382007584e-05,0.00044447529944591224,0.0008247245568782091,0.00012196151510579512,0.00020777923054993153,0.00031320081325247884,0.000911967596039176,0.00034068169770762324,0.000148876613820903,0.00048091908684000373,0.0027825208380818367,0.0012176341842859983,0.00016343740571755916,0.00022213159536477178,0.0001689496566541493,8.181512384908274e-05,0.001134358230046928,0.011370296590030193,0.016007548198103905,0.0008488147868774831,0.0014309543184936047,0.009349941276013851,0.0017824104288592935,0.0010740506695583463,0.004976596683263779,0.0008503878489136696,0.0004881625063717365,0.0030648561660200357,0.0012598686153069139,0.0017091248882934451,0.007866992615163326,0.0008854009211063385,0.0004573912301566452,0.001391486614011228,0.003386199939996004,0.007395664695650339,0.011164846830070019,0.0010362007888033986,0.06378509849309921,0.019890375435352325,0.009083894081413746,0.007261672057211399,0.00320491218008101,0.007974212057888508,0.2167736440896988,0.042981188744306564,0.0620945580303669,0.09428710490465164
