0.00909423828125,-0.3753511607646942,-0.5606285929679871,-0.48906832933425903,-0.4826144576072693,-0.4288220703601837,-0.1588524878025055,-0.4120640456676483,-0.20056679844856262,0.03661862015724182,0.17832642793655396,0.9659061431884766,0.9510120153427124,0.38646259903907776,0.6840620040893555,0.8867653608322144,1.1210439205169678,0.8846341371536255,-0.274999737739563,-2.4875078201293945,-2.331231117248535,-1.6332459449768066,1.0939545631408691,-2.357611656188965,-3.1325182914733887,-4.080463886260986,-3.778242826461792,-4.970966339111328,-1.4127540588378906
-0.05078125,0.6304829716682434,0.9345746040344238,0.7972166538238525,0.8781067132949829,1.223968744277954,1.462040662765503,1.690505027770996,2.1592063903808594,2.863595724105835,3.0721230506896973,4.067479610443115,4.078551292419434,4.443027496337891,4.86717414855957,5.39595365524292,6.004887580871582,7.636076927185059,9.442506790161133,12.439603805541992,12.048876762390137,12.201793670654297,7.762731552124023,5.674084186553955,5.931394577026367,3.4938554763793945,6.828612804412842,-0.08798694610595703,-5.115936279296875
0.01324462890625,-0.028516024351119995,-0.2778639495372772,-0.18311767280101776,-0.2367124855518341,-0.2342078536748886,-0.28155604004859924,-0.3283134400844574,-0.37737420201301575,-0.6502189636230469,-0.24816125631332397,0.41894400119781494,-0.09942173957824707,-0.17474237084388733,0.26964250206947327,0.6043820381164551,0.26733124256134033,2.3745245933532715,4.731858730316162,6.613026142120361,12.169715881347656,20.172283172607422,29.290241241455078,45.32771301269531,56.844383239746094,95.74600219726562,132.47222900390625,208.9925537109375,-1.181748628616333
-0.01373291015625,-0.5620290040969849,-0.7667790651321411,-1.2682697772979736,-1.247970461845398,-1.646765112876892,-1.7561752796173096,-2.029064655303955,-1.8506948947906494,-1.4211236238479614,-2.701847553253174,-2.837761640548706,-3.812572956085205,-3.9446840286254883,-4.170547008514404,-3.1499764919281006,-3.010078191757202,-4.4395976066589355,-5.7474894523620605,-7.3692426681518555,-7.435922622680664,-9.847707748413086,-14.212776184082031,-14.532804489135742,-17.89374351501465,-22.824962615966797,-27.408052444458008,-24.08324432373047,3.2774572372436523
0.0279541015625,0.11104275286197662,0.2696031332015991,0.25193464756011963,0.3242383301258087,0.5233729481697083,0.12023213505744934,0.43332719802856445,0.5028892159461975,0.7474462389945984,0.9653739929199219,1.2947056293487549,0.9854835867881775,1.5950452089309692,1.4642595052719116,1.7098957300186157,2.088931083679199,2.8293850421905518,4.98405647277832,6.427367687225342,6.666966438293457,5.882206916809082,4.208789348602295,3.6756160259246826,3.458256721496582,4.1201653480529785,6.016148567199707,9.808591842651367,1.6312363147735596
0.0264892578125,-0.11634939163923264,0.1383299082517624,0.6589853763580322,0.9386018514633179,1.027138590812683,1.6458715200424194,2.4498798847198486,2.7622358798980713,3.213334083557129,4.196229457855225,5.3812785148620605,6.502222061157227,6.930545330047607,7.424362659454346,7.37897253036499,8.068078994750977,8.693078994750977,9.833539962768555,13.735958099365234,17.208580017089844,22.77244758605957,25.661664962768555,28.994850158691406,32.0909423828125,36.13460922241211,39.85867691040039,36.0557861328125,3.673092842102051
0.02099609375,-0.06953628361225128,0.0029383525252342224,-0.10973656177520752,-0.14312615990638733,-0.15319561958312988,-0.4038293957710266,-0.5570290088653564,-0.3781265318393707,-0.3870745897293091,-0.7989372611045837,-1.0618277788162231,-1.1457358598709106,-0.7784274816513062,-1.0514028072357178,-0.8381484746932983,-1.4928100109100342,-1.2432432174682617,-2.236262798309326,-2.0980172157287598,-1.2622153759002686,0.5684963464736938,-0.7623544931411743,1.1542870998382568,0.27302539348602295,-0.5353999137878418,0.8915485143661499,4.528690338134766,5.31821870803833
-0.007171630859375,-0.3993946313858032,-0.4571135342121124,-0.7704570293426514,-0.8415062427520752,-0.8670885562896729,-0.9387075304985046,-1.030290126800537,-0.9448664784431458,-0.887022852897644,-1.0385997295379639,-1.064713478088379,-1.4974632263183594,-1.449902057647705,-1.8706575632095337,-2.187321901321411,-3.1938538551330566,-6.44731330871582,-8.3960599899292,-14.36170768737793,-19.820892333984375,-30.0200252532959,-37.54624938964844,-43.841434478759766,-50.61210632324219,-63.60601043701172,-71.98126983642578,-75.31331634521484,-42.5875358581543
0.002655029296875,0.4976026713848114,0.9456450343132019,1.64949369430542,2.3095099925994873,2.703866481781006,2.9996907711029053,3.3705358505249023,3.5210397243499756,3.981081008911133,4.030399799346924,3.6826119422912598,3.7290170192718506,4.76271915435791,4.91188383102417,5.079413890838623,6.182257175445557,5.446743965148926,4.8935418128967285,6.862567901611328,6.409518718719482,9.477362632751465,7.929572105407715,9.91346549987793,12.456052780151367,11.138930320739746,15.27832317352295,12.296225547790527,-6.342662334442139
-0.051513671875,0.22152797877788544,0.44427013397216797,0.4223511219024658,0.36172133684158325,0.36568981409072876,0.26224058866500854,0.040356457233428955,0.3296322226524353,0.11229497194290161,0.3147311210632324,0.8377227783203125,1.561030387878418,1.5908567905426025,2.377737283706665,2.9501473903656006,3.2129933834075928,3.667592763900757,4.145233154296875,4.31181001663208,4.95419454574585,5.160876274108887,4.972311973571777,6.593238830566406,7.511380672454834,7.409648418426514,8.057323455810547,8.033963203430176,15.157004356384277
0.01458740234375,-0.08234398812055588,-0.31026405096054077,-0.4332351088523865,-0.6175622940063477,-0.7101368308067322,-0.8749956488609314,-0.9687570333480835,-1.4602582454681396,-1.6946465969085693,-1.821442723274231,-3.6334149837493896,-3.9087579250335693,-4.331333160400391,-5.193655014038086,-5.941414833068848,-7.285624980926514,-10.183927536010742,-15.238706588745117,-17.463600158691406,-17.64375877380371,-18.97308921813965,-18.539112091064453,-19.555883407592773,-19.392578125,-19.110984802246094,-18.959232330322266,-4.96002721786499,-2.358091115951538
-0.01104736328125,0.27380114793777466,0.14756561815738678,0.006019942462444305,-0.055570654571056366,-0.13579271733760834,-0.19445106387138367,-0.29896998405456543,-0.09576001763343811,-0.18673798441886902,-0.9998355507850647,-1.131864070892334,-2.039271354675293,-2.117250680923462,-2.7617316246032715,-3.1510121822357178,-2.5792856216430664,-3.4657819271087646,-3.5406322479248047,-3.464318037033081,-4.770622253417969,-6.599483966827393,-6.659245491027832,-6.6877760887146,-10.397706031799316,-10.188485145568848,-13.897504806518555,-13.653576850891113,-3.501278877258301
0.0419921875,0.7664189338684082,1.2956129312515259,1.416935920715332,1.4420148134231567,1.769441843032837,1.6554787158966064,1.5195269584655762,1.6573292016983032,1.6556564569473267,1.9887259006500244,2.0446269512176514,1.6614933013916016,1.834583044052124,1.8274502754211426,1.6614705324172974,1.5292680263519287,-0.041079163551330566,0.09155917167663574,1.0868093967437744,0.7121484279632568,0.5946491360664368,-0.9607430100440979,-3.0450639724731445,-3.5503010749816895,-1.609201192855835,-3.0880231857299805,-8.408137321472168,9.555866241455078
-0.003936767578125,-0.07233142107725143,-0.7623623609542847,-0.8703657984733582,-1.4739679098129272,-1.9763355255126953,-2.4099225997924805,-2.351034164428711,-2.890906810760498,-3.042051315307617,-3.9339826107025146,-4.998027324676514,-6.033987522125244,-6.543506145477295,-7.172114372253418,-7.917724132537842,-8.841901779174805,-10.031490325927734,-9.716330528259277,-5.845046520233154,12.391153335571289,30.16497039794922,67.54605865478516,107.4520263671875,130.80369567871094,189.692626953125,230.99293518066406,313.92645263671875,-1.2204920053482056
-0.0262451171875,-0.31965094804763794,-0.2498963177204132,-0.2798921763896942,-0.15695852041244507,-0.18885745108127594,-0.39542078971862793,-0.3289470672607422,-0.15565544366836548,-0.5827547311782837,-0.4713309407234192,-0.897461473941803,-0.9582586288452148,-0.7345252633094788,-0.5714653730392456,-0.8064544200897217,-0.3687121868133545,-2.1795494556427,-4.332264423370361,-4.80804967880249,-9.384296417236328,-11.628717422485352,-12.990489959716797,-12.853025436401367,-13.013137817382812,-13.223583221435547,-11.7584867477417,-10.132817268371582,-3.205993413925171
-0.0400390625,-0.0759374350309372,-0.2555059790611267,-0.7040586471557617,-0.9832429885864258,-1.0263928174972534,-1.3647054433822632,-1.5235246419906616,-1.7683848142623901,-1.8524315357208252,-2.166779041290283,-2.799849510192871,-3.4184610843658447,-3.319780111312866,-3.643044948577881,-3.923983573913574,-4.53496789932251,-5.8645830154418945,-7.127950191497803,-9.565366744995117,-13.54214096069336,-13.836037635803223,-16.03921890258789,-15.033723831176758,-14.363059043884277,-12.36678409576416,-14.44900131225586,-13.340728759765625,-0.25623273849487305
0.00921630859375,-0.24602922797203064,-0.3754750192165375,-0.7707740068435669,-1.070539951324463,-0.8397802710533142,-1.0527262687683105,-1.3065719604492188,-1.8543119430541992,-1.556752324104309,-2.134094715118408,-2.0854148864746094,-2.6908230781555176,-2.609849452972412,-2.8864386081695557,-3.0124447345733643,-2.551657199859619,-3.007232666015625,-3.4980831146240234,-5.526739597320557,-6.432150840759277,-9.85971450805664,-11.688651084899902,-13.71602725982666,-14.06587028503418,-14.850417137145996,-19.271284103393555,-19.467222213745117,7.83381462097168
0.004974365234375,-0.008453898131847382,-0.0896565169095993,0.0015975534915924072,-0.24049055576324463,-0.13392037153244019,-0.057160571217536926,-0.11644931137561798,-0.3473469614982605,-0.015769153833389282,-0.31890785694122314,0.04266148805618286,0.36694082617759705,0.7162182331085205,1.0844199657440186,1.421401023864746,1.5792239904403687,1.4215493202209473,0.8353245258331299,0.3592125177383423,0.4294227361679077,-2.201759099960327,-0.09102344512939453,0.38720428943634033,1.421105980873108,2.2457199096679688,3.3771772384643555,5.699063301086426,-2.2824573516845703
-0.08056640625,-0.011820852756500244,-0.1526326835155487,-0.1766044795513153,-0.2631034255027771,0.002901330590248108,0.20699602365493774,0.3710131049156189,0.42087188363075256,0.4939928352832794,0.1960430145263672,0.07125702500343323,-0.5617596507072449,-0.8269514441490173,-0.5343579053878784,-0.8284417390823364,-0.5914475321769714,-1.7183012962341309,-3.112576723098755,-3.8571791648864746,-5.479192733764648,-9.483428955078125,-12.12907886505127,-12.920764923095703,-15.646121978759766,-14.821183204650879,-16.760454177856445,-15.191078186035156,-20.909923553466797
-0.047607421875,0.03924950957298279,-0.0219736248254776,0.07723814249038696,0.3037160038948059,0.46825581789016724,0.5790874361991882,0.36338937282562256,0.24963843822479248,0.2912309169769287,0.5321120023727417,0.6349702477455139,0.24519364535808563,0.3062746226787567,0.621856689453125,0.07636934518814087,0.002579405903816223,-0.9590073227882385,-1.7443102598190308,-2.132216691970825,-2.1833460330963135,-2.6148667335510254,-2.3615150451660156,-2.3100852966308594,-3.0615973472595215,-1.840798020362854,-0.9677128791809082,2.230236530303955,-3.1615140438079834
0.0223388671875,-0.20020028948783875,-0.11401776969432831,-0.377486914396286,-0.4195792078971863,-0.06156635284423828,-0.13878075778484344,-0.518444299697876,-0.831027626991272,-0.5892762541770935,-0.7575968503952026,-0.014115393161773682,0.7051457762718201,0.49771806597709656,0.6420050859451294,0.3645607829093933,-0.12277042865753174,-0.6600066423416138,0.09994882345199585,-1.2056126594543457,0.21339106559753418,-3.938549041748047,-2.251976490020752,-3.6083755493164062,-0.7074615955352783,-1.7245841026306152,-4.7199883460998535,-12.224971771240234,-2.626581907272339
-0.030517578125,0.38517922163009644,0.5297315120697021,0.5590288639068604,0.690824031829834,0.8949340581893921,0.9470096826553345,0.5028953552246094,0.7193073630332947,0.6743274927139282,0.4584241509437561,1.1049151420593262,1.0191395282745361,0.9847979545593262,0.973896861076355,0.8866144418716431,1.1675992012023926,0.5236556529998779,-0.3733280301094055,-0.655775249004364,0.06492090225219727,0.5696035623550415,2.358023166656494,3.455780029296875,2.6134355068206787,0.06221628189086914,-0.07253599166870117,-6.307788848876953,-1.5675404071807861
0.01513671875,-0.10632182657718658,-0.18412193655967712,-0.34795650839805603,-0.34852439165115356,-0.6488882303237915,-0.5492876768112183,-0.8046716451644897,-0.8401471376419067,-0.9027385711669922,-1.1844301223754883,-1.6686829328536987,-1.5010892152786255,-1.8872984647750854,-2.752223014831543,-3.1757235527038574,-3.5697901248931885,-4.696410655975342,-6.210483551025391,-6.447469234466553,-5.995162487030029,-7.3325958251953125,-10.114093780517578,-10.07910442352295,-11.472148895263672,-13.036843299865723,-13.738381385803223,-15.180631637573242,-0.9988909363746643
0.06103515625,-0.37843018770217896,-0.6317528486251831,-0.5910463333129883,-0.805971086025238,-1.2927532196044922,-1.3841155767440796,-1.2541725635528564,-1.6933765411376953,-1.655474305152893,-2.4205615520477295,-2.3390791416168213,-4.002127170562744,-4.161421775817871,-5.095976829528809,-5.797760963439941,-6.159768104553223,-8.100889205932617,-10.754955291748047,-11.78990650177002,-16.00920295715332,-18.945222854614258,-23.68842315673828,-25.933921813964844,-29.867557525634766,-34.347877502441406,-37.98585510253906,-32.76462936401367,3.6425704956054688
-0.004425048828125,-0.0008708834648132324,0.16713924705982208,0.29546433687210083,0.3642570376396179,0.04460732638835907,0.302395761013031,0.37323254346847534,-0.055813565850257874,0.09973129630088806,0.30644506216049194,0.24360543489456177,0.5606741905212402,0.609630823135376,0.8517346382141113,0.42152905464172363,-0.03458510339260101,-0.6846797466278076,-0.880068302154541,-0.462120920419693,0.8947632312774658,-0.04866623878479004,-0.4123563766479492,-4.787609577178955,-5.232998847961426,-6.548820972442627,-8.108036994934082,-9.845685005187988,-4.366436958312988
-0.0034942626953125,0.08382324129343033,0.35058313608169556,0.6485801339149475,0.7235532999038696,0.6312812566757202,0.7637909054756165,0.8531603813171387,0.7203959226608276,1.4164717197418213,1.3844765424728394,2.2030246257781982,2.0980496406555176,1.2619352340698242,1.1362502574920654,1.000145435333252,0.6297367811203003,-0.585792601108551,-2.0713512897491455,-2.1655116081237793,-6.899106502532959,-8.647088050842285,-5.729221820831299,-6.539315223693848,-5.714149475097656,-4.654585361480713,-3.8688642978668213,-5.881832122802734,-1.0015383958816528
-0.02587890625,-0.16459131240844727,-0.3058955669403076,-0.5123733878135681,-0.40688011050224304,-0.5977329611778259,-0.832003653049469,-0.7224037647247314,-0.4517597258090973,-0.4837225675582886,-0.6277368664741516,-0.3098383843898773,-1.0259376764297485,-1.276857614517212,-1.0665630102157593,-0.5820848345756531,-0.3663955330848694,-0.32985734939575195,-1.7404965162277222,-1.661638855934143,-2.43383526802063,-2.850273609161377,-0.44226551055908203,-0.7916251420974731,-1.7928587198257446,-1.093347430229187,-4.179238319396973,-2.3476901054382324,-0.18813467025756836
-0.06884765625,-0.31781095266342163,-0.06964775919914246,-0.36004745960235596,-0.20723393559455872,-0.04754894971847534,-0.35168296098709106,-0.5988708734512329,0.07719641923904419,0.5337037444114685,0.7877862453460693,1.391078233718872,1.4446237087249756,1.0546085834503174,0.793134331703186,0.4337771534919739,0.4185301661491394,-0.07091259956359863,1.1298677921295166,1.0512259006500244,-2.155879020690918,-0.7339779734611511,-3.4944770336151123,-3.548125982284546,-5.653336048126221,-8.286340713500977,-10.417828559875488,-29.754535675048828,-43.12517166137695
-0.0023345947265625,0.08088603615760803,0.1520913690328598,0.35115689039230347,0.47641193866729736,0.7724335193634033,1.1837501525878906,1.4627094268798828,1.6455729007720947,1.9022467136383057,2.28495192527771,3.1609301567077637,3.5376482009887695,3.8053553104400635,4.05876350402832,4.007829189300537,3.9378254413604736,4.869300842285156,7.007189750671387,7.332680702209473,9.817096710205078,9.370779037475586,12.139899253845215,12.961600303649902,12.588874816894531,12.15174674987793,14.031858444213867,19.89887237548828,4.574599742889404
-0.017822265625,-0.8257207870483398,-0.837219774723053,-0.9080692529678345,-0.7444027662277222,-0.8285238146781921,-0.7311289310455322,-0.5872050523757935,-0.5290484428405762,0.06385362148284912,0.156948059797287,1.0000909566879272,1.2258082628250122,1.5577298402786255,1.9036082029342651,2.4216370582580566,2.5061981678009033,3.6192400455474854,3.854724407196045,4.867354393005371,4.718278408050537,4.744852066040039,4.533033847808838,3.926778793334961,3.5752711296081543,3.8411478996276855,4.796207427978516,11.83848762512207,3.972069263458252
-0.004638671875,-0.6900485754013062,-1.0278946161270142,-1.7363489866256714,-1.857177734375,-1.9871606826782227,-1.9710028171539307,-2.4234960079193115,-2.3841638565063477,-2.483325958251953,-2.167346954345703,-1.7111732959747314,-2.07499098777771,-1.6627771854400635,-1.5246690511703491,-1.1150870323181152,0.2776173949241638,1.6622118949890137,2.986905813217163,4.856022834777832,6.965372085571289,8.7359619140625,11.561939239501953,13.535676002502441,13.966984748840332,14.30533218383789,15.367242813110352,18.459190368652344,2.112297296524048
-0.057373046875,-0.28987348079681396,-0.22556625306606293,-0.18362927436828613,-0.2938925623893738,-0.3620505630970001,-0.28370076417922974,-0.035631924867630005,-0.05896218866109848,0.5617697238922119,0.15124481916427612,-0.15529827773571014,-0.0812721848487854,0.08595045655965805,0.05206012725830078,0.2272701859474182,0.8377885818481445,1.2453677654266357,1.2132511138916016,1.1129088401794434,0.8246964812278748,2.1948485374450684,2.3681535720825195,2.5226335525512695,2.2352681159973145,2.0065958499908447,4.126711368560791,8.02500057220459,2.555471658706665
-0.0223388671875,0.0027790553867816925,-0.08119528740644455,0.1450776308774948,0.35996657609939575,0.43180856108665466,0.6615546345710754,1.042905330657959,0.8211597204208374,1.020477294921875,1.0181270837783813,-0.10195088386535645,0.10183733701705933,-0.08761028945446014,0.07962839305400848,-0.39944612979888916,-0.8016018867492676,-0.8093913793563843,-0.7765554189682007,-0.961477518081665,-1.567847490310669,-2.4417762756347656,0.5046651363372803,1.9123672246932983,3.4581263065338135,2.9816694259643555,1.6992340087890625,-1.1997475624084473,-3.6359336376190186
-0.0052490234375,-0.391838401556015,-0.42406341433525085,-0.41521844267845154,-0.5927383303642273,-0.9591301083564758,-1.3448516130447388,-1.1471405029296875,-1.26035737991333,-1.0221189260482788,-1.1580334901809692,-1.4510623216629028,-0.899185061454773,-0.8454596400260925,-1.0880934000015259,-0.9263812303543091,-1.1546951532363892,0.475391149520874,1.7993016242980957,2.2824621200561523,0.6603553891181946,0.38146770000457764,-0.4129369854927063,0.1317737102508545,-0.444821834564209,-1.854898452758789,-2.492344617843628,-5.844274520874023,-0.37010905146598816
-0.03271484375,-0.367284893989563,-0.3950445353984833,-0.3486192524433136,-0.7260236740112305,-0.3883323073387146,-0.4297126531600952,-0.30717945098876953,-0.38754788041114807,0.003273308277130127,-0.6523744463920593,-0.7904077768325806,-1.8813707828521729,-2.272230863571167,-1.908186435699463,-2.306863307952881,-3.5100555419921875,-4.391114711761475,-5.395275592803955,-5.07380485534668,-6.40013313293457,-6.452493190765381,-8.152527809143066,-3.812190055847168,-5.602175712585449,-2.0883660316467285,-4.193624496459961,-6.336246490478516,-1.892195224761963
-0.0439453125,2.4745543003082275,3.301038980484009,4.7430524826049805,6.641564846038818,8.139976501464844,9.852075576782227,9.652451515197754,13.602312088012695,13.902975082397461,18.56863021850586,23.12371063232422,30.421463012695312,30.852352142333984,34.70438003540039,34.16018295288086,40.797630310058594,49.377586364746094,61.34851837158203,71.69993591308594,81.39566802978516,112.31706237792969,147.49624633789062,182.35044860839844,200.3881072998047,238.61322021484375,259.7796936035156,336.30645751953125,-1.2532223463058472
0.0166015625,0.011433031409978867,0.10178733617067337,-0.37813800573349,-0.2101469784975052,-0.373308002948761,-0.31835678219795227,-0.26443570852279663,-0.3723278343677521,-0.35626089572906494,-0.21084380149841309,-0.07839334011077881,-0.605408251285553,-0.18123218417167664,0.03936144709587097,-0.7572047710418701,-1.3963059186935425,-2.6804330348968506,-3.336256980895996,-3.682560443878174,-4.353919982910156,-1.8286833763122559,-3.952970027923584,-4.993432521820068,-7.156661510467529,-7.127934455871582,-6.97951078414917,-4.458570957183838,-1.338304042816162
0.00011873245239257812,0.2469317615032196,0.1950298547744751,0.3694800138473511,0.3180687129497528,0.1444651484489441,0.38364291191101074,0.5005675554275513,0.5827916860580444,0.5790264010429382,0.17454314231872559,-0.25948941707611084,-0.8349694013595581,-1.1274067163467407,-0.9147489070892334,-0.5718930959701538,-0.4093061685562134,-0.8829195499420166,-1.9591050148010254,-2.041865825653076,-1.0527231693267822,0.47300875186920166,3.288947582244873,4.058042526245117,3.4242806434631348,0.04320216178894043,0.626518189907074,-1.025094985961914,-1.971630573272705
0.005859375,-0.07377150654792786,0.0846402570605278,-0.23029226064682007,-0.38470321893692017,-0.5010537505149841,-0.47849005460739136,-0.4917551279067993,-0.48382288217544556,-0.5850813388824463,-0.6569448709487915,0.08601478487253189,-0.27682337164878845,-0.6972440481185913,-1.37618088722229,-0.3397253155708313,-1.2038017511367798,-0.9424664974212646,-0.9053117632865906,0.10341417789459229,2.531891107559204,3.0420193672180176,6.248072147369385,8.037460327148438,7.554685115814209,7.201094627380371,7.853360176086426,7.26881217956543,1.1404963731765747
0.01458740234375,0.16988202929496765,0.1866312026977539,-0.17962653934955597,-0.009766042232513428,-0.1697775423526764,0.10425285995006561,-0.46153074502944946,-0.0376213863492012,0.25773176550865173,0.35493746399879456,0.8190121650695801,1.1915582418441772,1.3663972616195679,1.9454361200332642,1.677148461341858,2.9329798221588135,3.0587854385375977,2.8264994621276855,2.937304735183716,5.343930721282959,6.402166843414307,6.07480525970459,5.43529748916626,6.597616672515869,7.8868513107299805,7.966200828552246,7.600350856781006,1.6357845067977905
-0.029296875,0.053160153329372406,0.08909950405359268,0.8342214822769165,0.9475411772727966,0.39868485927581787,0.6467665433883667,1.1135993003845215,0.9518028497695923,1.0251150131225586,0.9318591356277466,1.3365299701690674,1.0784279108047485,1.298194169998169,1.4277442693710327,2.279146194458008,1.9515323638916016,2.6122312545776367,5.770621299743652,8.82621955871582,13.045321464538574,17.285228729248047,22.804908752441406,24.311372756958008,26.561119079589844,30.333152770996094,33.190147399902344,33.82162857055664,6.611348628997803
0.056640625,-0.42016565799713135,-0.7832009792327881,-1.4052410125732422,-1.7346936464309692,-2.0771498680114746,-2.0785012245178223,-2.2613587379455566,-2.48159122467041,-2.717397689819336,-2.649995803833008,-3.115067958831787,-3.724503993988037,-4.023279666900635,-4.542652130126953,-4.823733329772949,-4.191282749176025,-4.705388069152832,-4.341627597808838,-3.7298226356506348,-1.6132957935333252,-1.6393053531646729,-0.7047768831253052,-0.9124393463134766,-2.3250272274017334,-3.0335278511047363,-1.966911792755127,3.2927896976470947,-2.921104669570923
0.0021514892578125,-0.22461563348770142,-0.13741838932037354,-0.32273775339126587,-0.37122103571891785,-0.9714401960372925,-1.1600804328918457,-1.4681676626205444,-0.791896641254425,-1.0023497343063354,-1.7645899057388306,-3.014896869659424,-3.288092851638794,-3.5285894870758057,-3.830146312713623,-3.808436870574951,-3.5925986766815186,-4.527130126953125,-5.271092891693115,-5.838737964630127,-7.147085666656494,-9.541133880615234,-10.365994453430176,-10.928487777709961,-10.896265983581543,-10.471623420715332,-10.42855167388916,-8.19815731048584,-7.074927806854248
0.026611328125,0.07804957777261734,-0.08537891507148743,-0.1038312017917633,-0.12510576844215393,-0.2805812358856201,0.0685618668794632,0.005637593567371368,-0.09235824644565582,0.2633656859397888,0.14516451954841614,0.5591293573379517,0.7812698483467102,0.5049312114715576,0.5956769585609436,0.1958281397819519,-0.18095166981220245,-1.4602349996566772,-4.524971961975098,-6.390963554382324,-10.517862319946289,-11.641914367675781,-12.1239595413208,-11.220171928405762,-10.737905502319336,-9.905267715454102,-11.687440872192383,-9.176811218261719,-2.462212085723877
0.018310546875,0.09754574298858643,0.03939512372016907,-0.15794821083545685,-0.34111639857292175,-0.18797364830970764,0.030464626848697662,0.16885536909103394,0.13711866736412048,0.5573582053184509,0.7313370108604431,1.0390018224716187,0.7677512168884277,1.1309101581573486,0.2293856143951416,0.3738583028316498,0.5259592533111572,0.5200944542884827,1.7493574619293213,2.4083738327026367,2.366668701171875,1.2887840270996094,-3.5924153327941895,-4.360979080200195,-7.019668102264404,-3.7681071758270264,-4.483665466308594,-4.529148578643799,-3.8846750259399414
-0.053466796875,-0.17241963744163513,-0.22936074435710907,-0.17073184251785278,-0.23228959739208221,-0.1851840317249298,-0.1852276623249054,-0.37504321336746216,0.12689176201820374,0.4548666477203369,0.7441964149475098,0.6939182877540588,1.6055314540863037,1.432307481765747,1.9289605617523193,2.3548736572265625,4.023580551147461,5.788677215576172,8.29195499420166,14.004158973693848,20.152099609375,27.89230728149414,36.076576232910156,40.73889923095703,44.243438720703125,47.51758575439453,52.845298767089844,53.014461517333984,11.85487174987793
-0.01104736328125,0.1556164175271988,0.13157807290554047,0.1231788918375969,0.29342764616012573,0.4078245759010315,0.7667605876922607,0.8196263313293457,1.0720735788345337,0.7857791185379028,0.6184468865394592,0.7392707467079163,0.9164484143257141,0.603105902671814,0.25827735662460327,0.15083827078342438,0.0810873955488205,-0.8006726503372192,-1.363297462463379,-2.5794241428375244,-4.191858291625977,-3.9666008949279785,-8.243972778320312,-9.383108139038086,-9.328960418701172,-9.123055458068848,-11.058963775634766,-9.189349174499512,-1.3958876132965088
-0.0213623046875,0.16306708753108978,0.21896618604660034,0.05271544307470322,0.2588445544242859,0.09047583490610123,0.12043041735887527,0.18091240525245667,-0.047659628093242645,0.02080194652080536,0.6400502920150757,0.5368623733520508,0.32918310165405273,0.802985668182373,-0.3556734025478363,-0.21638652682304382,-0.48619914054870605,-0.6639294028282166,-1.5807275772094727,-2.0360121726989746,-1.6560420989990234,0.6500614881515503,0.6693584322929382,0.20516443252563477,-0.21997985243797302,1.1172122955322266,1.1002050638198853,1.284703016281128,2.133260726928711
-0.0208740234375,-0.242458775639534,-0.2770046591758728,-0.2794722318649292,0.0008936524391174316,0.02377394586801529,0.2716333270072937,0.061261147260665894,0.13163238763809204,0.16774262487888336,0.3703164756298065,0.6356337070465088,0.30473074316978455,0.302417516708374,0.36826667189598083,0.41684386134147644,0.5446161031723022,0.9701120853424072,0.6678361296653748,1.2229336500167847,-1.782975196838379,-2.9999358654022217,-4.525938034057617,-4.49721097946167,-5.999052047729492,-6.741700649261475,-8.472620010375977,-10.798809051513672,-3.639878988265991
0.01190185546875,0.03088293969631195,0.26262325048446655,0.5352421998977661,0.6072286367416382,0.7907202839851379,0.617805004119873,0.21915340423583984,0.9048852920532227,0.6737767457962036,-0.016743600368499756,-0.043872103095054626,-0.06658537685871124,-0.580199122428894,-0.1450091153383255,-0.14129415154457092,-1.185228705406189,-2.0986831188201904,-0.5062546730041504,-1.7621605396270752,-5.125476837158203,-5.119085788726807,-5.114538669586182,-5.529049873352051,-5.4913740158081055,-5.357479572296143,-5.0693511962890625,11.184224128723145,0.48619726300239563
-0.0184326171875,0.0042517781257629395,0.1131112352013588,8.694827556610107e-06,-0.1814180463552475,-0.3607479929924011,-0.26624730229377747,-0.0904993936419487,-0.5601797103881836,-0.4298550486564636,-0.28840041160583496,-0.5613216757774353,-1.0505045652389526,-0.7800877690315247,-1.5167686939239502,-1.6020854711532593,-2.147589683532715,-2.443655014038086,-3.936100959777832,-3.411449432373047,-4.00144624710083,-4.466646194458008,-3.9491729736328125,-5.055365085601807,-5.285120964050293,-5.272404193878174,-5.245858669281006,-14.225655555725098,-3.6326520442962646
0.001617431640625,0.0223153755068779,0.034126825630664825,-0.09951542317867279,-0.23268643021583557,-0.019313916563987732,0.026663154363632202,-0.2561790943145752,-0.16701188683509827,-0.04895445704460144,0.27996355295181274,0.11273691803216934,0.4067854881286621,0.24446579813957214,0.9137861132621765,0.7897733449935913,0.7952240109443665,1.1576087474822998,1.9451375007629395,3.457156181335449,1.3612014055252075,2.095519542694092,3.9776015281677246,6.277423858642578,7.403421878814697,5.425549507141113,3.5659642219543457,8.089524269104004,2.769244432449341
-0.014404296875,0.049361445009708405,0.21412953734397888,0.21959200501441956,0.21209096908569336,-0.06925135105848312,0.0288570374250412,0.16227251291275024,-0.3244311809539795,0.10373082011938095,-0.07872756570577621,0.08506247401237488,-0.26714804768562317,-0.5398921966552734,-1.0355600118637085,-0.6425995230674744,-1.135804533958435,0.46899178624153137,-0.5039827823638916,-0.6129008531570435,1.806363821029663,-0.436972439289093,1.8649295568466187,1.7244880199432373,-0.43163058161735535,-0.8003202676773071,1.4568312168121338,-3.7928054332733154,-0.5446377992630005
0.0279541015625,0.0023473501205444336,-0.17181554436683655,-0.4849393963813782,-0.40124043822288513,-0.12045116722583771,-0.06526234745979309,-0.0903363972902298,-0.12917718291282654,0.11464370787143707,0.5408847332000732,1.0723884105682373,1.0090882778167725,1.2004157304763794,1.1155719757080078,1.6046466827392578,1.131443977355957,1.1647025346755981,2.4261868000030518,3.585637331008911,3.54654598236084,5.918921947479248,10.838983535766602,10.925950050354004,11.440651893615723,9.8399076461792,8.583272933959961,0.13601303100585938,0.06753581762313843
-0.0283203125,-0.19722294807434082,-0.13466832041740417,-0.2963366210460663,-0.42524176836013794,-0.33350735902786255,0.18208718299865723,0.03334371745586395,0.2659546136856079,0.4151639938354492,-0.341431200504303,0.05714735388755798,0.8174170255661011,1.0930235385894775,0.8605785369873047,0.6893594861030579,1.9214236736297607,2.005349636077881,2.684741973876953,2.0735111236572266,1.1148706674575806,1.1112910509109497,1.6125266551971436,3.155616283416748,3.434577465057373,3.644469738006592,3.637354612350464,9.370748519897461,0.5596458911895752
-0.01708984375,-0.3009744882583618,-0.4691503643989563,-0.3082675337791443,-0.39324066042900085,-0.1633906066417694,-0.4365733861923218,-0.19504207372665405,-0.46838927268981934,-0.47406503558158875,-0.26143741607666016,-0.008769512176513672,0.07726630568504333,-0.3678021728992462,-0.35564810037612915,-1.0227184295654297,-0.812472403049469,0.3762962222099304,-0.2635955810546875,-0.18046820163726807,0.6620994210243225,1.932828426361084,1.478883981704712,3.215701103210449,3.6395998001098633,3.258441209793091,6.214667320251465,3.866657257080078,-4.7221269607543945
-0.01031494140625,0.15396517515182495,0.14069044589996338,-0.01052115112543106,-0.572812557220459,-0.47795411944389343,-0.3645203113555908,-0.2841701805591583,-0.21899206936359406,-0.2704414129257202,0.062030017375946045,-0.06895637512207031,-0.1386033594608307,0.08446408808231354,0.9164921045303345,1.3548568487167358,2.928619146347046,4.4188761711120605,6.476675510406494,8.368391990661621,12.09534740447998,12.426212310791016,9.577228546142578,8.411846160888672,9.473676681518555,9.251813888549805,8.421335220336914,-7.975511074066162,-1.6530894041061401
-0.056396484375,-0.3947499692440033,-0.27267903089523315,-0.24506452679634094,-0.27867668867111206,-0.5942720174789429,-0.32794973254203796,-0.7886686325073242,-0.6112149357795715,-0.7355766296386719,-1.408893346786499,-2.017239570617676,-3.2357559204101562,-3.3881709575653076,-3.6555848121643066,-4.193521976470947,-4.476034641265869,-6.677783012390137,-9.807912826538086,-12.05141830444336,-13.841676712036133,-16.94597053527832,-21.220035552978516,-24.887746810913086,-23.09820556640625,-25.854787826538086,-29.469432830810547,-27.5263729095459,-6.808772563934326
-0.009765625,0.0665949285030365,0.2723340392112732,0.381050705909729,0.49850255250930786,0.3789120614528656,0.37662264704704285,0.5127785205841064,0.39325493574142456,0.24230054020881653,0.632735013961792,1.1845914125442505,1.5497817993164062,2.210646152496338,2.854785203933716,3.4728522300720215,5.058801174163818,5.259584426879883,6.814097881317139,7.24416971206665,6.9161787033081055,8.988479614257812,8.229940414428711,8.554171562194824,8.83928108215332,10.280466079711914,9.761847496032715,3.2151670455932617,0.3791281580924988
-0.0223388671875,-0.09364399313926697,-0.1651075929403305,-0.1754494309425354,0.03964000940322876,-0.25433149933815,0.08571508526802063,0.1309262216091156,0.28837472200393677,0.2775186598300934,0.29310691356658936,-0.29132023453712463,-0.7284353971481323,-0.40662652254104614,0.13007384538650513,0.3193328380584717,-0.34858494997024536,-1.3057845830917358,-5.000006675720215,-6.201696872711182,-8.020956993103027,-5.581081867218018,-6.946942329406738,-6.344689846038818,-6.7479424476623535,-5.753615379333496,-6.792552947998047,-8.262725830078125,-2.6584274768829346
-0.061767578125,-0.10138996690511703,-0.16085052490234375,-0.04378026723861694,-0.18489712476730347,-0.3693498969078064,-0.41715767979621887,-0.9119756817817688,-0.5125706195831299,-0.50169438123703,-0.9299801588058472,-1.621509075164795,-2.6647019386291504,-2.8694376945495605,-2.547297954559326,-2.9788503646850586,-3.1404531002044678,-4.705041885375977,-5.9699554443359375,-7.674408435821533,-8.396921157836914,-13.206311225891113,-12.765366554260254,-13.818099975585938,-14.765475273132324,-17.878965377807617,-19.286178588867188,-20.401519775390625,-10.036197662353516
-0.046875,0.018984921276569366,0.1609652042388916,0.16185754537582397,0.302539587020874,0.5202666521072388,0.4373597502708435,0.11271306872367859,0.7321668863296509,0.3582777976989746,0.2857251763343811,0.3635726571083069,0.11614307016134262,0.28476008772850037,0.4225379526615143,0.22149944305419922,0.03152114152908325,0.0018350481986999512,1.032058596611023,1.604454517364502,4.065721035003662,6.423055648803711,9.774353981018066,8.756767272949219,11.789414405822754,15.814943313598633,18.456588745117188,20.40692901611328,2.5705337524414062
-0.014404296875,0.1605522483587265,-0.02217043936252594,0.046633027493953705,-0.14830471575260162,-0.06562775373458862,-0.306917279958725,-0.5491247177124023,-0.8668804168701172,-1.0208609104156494,-1.4484981298446655,-2.0074734687805176,-2.733142137527466,-1.8329116106033325,-2.1289961338043213,-1.9986789226531982,-2.289370059967041,-2.0289306640625,-2.2054073810577393,-3.807598352432251,-4.9710588455200195,-3.173543930053711,-5.69636869430542,-7.079509258270264,-7.8023881912231445,-4.764190196990967,-8.308517456054688,-5.996761322021484,3.857822895050049
-0.048828125,-0.06561464071273804,-0.12768061459064484,-0.001289963722229004,-0.11686300486326218,-0.05244523286819458,-0.22523286938667297,0.0731627494096756,0.29916542768478394,0.49552130699157715,0.7834782004356384,1.9461464881896973,2.7032575607299805,2.655341625213623,2.7350387573242188,2.7587730884552,3.12966251373291,4.2531819343566895,5.429080486297607,5.940286636352539,6.330278396606445,2.0389363765716553,1.8672873973846436,2.22696590423584,3.881338357925415,3.9326577186584473,3.910700798034668,4.02264404296875,1.9833755493164062
-0.0238037109375,0.14353176951408386,-0.042204804718494415,0.39500892162323,0.41586485505104065,0.1699252724647522,-0.29522523283958435,0.05549052357673645,-0.1232755184173584,0.1129627376794815,-0.09377516806125641,-0.2634602189064026,-0.17147746682167053,-0.026854097843170166,-0.12829962372779846,1.050273060798645,0.8772082328796387,1.1173202991485596,3.757946252822876,4.778316020965576,2.905660629272461,3.4108633995056152,2.044490098953247,2.7637178897857666,2.7565672397613525,2.6431498527526855,3.3680381774902344,0.5396361351013184,0.08123733103275299
-0.015869140625,-0.07721593976020813,-0.052718378603458405,-0.22542019188404083,-0.3020261526107788,-0.5261014103889465,-0.8801510334014893,-1.1186161041259766,-1.4054899215698242,-1.104141354560852,-1.541092872619629,-1.9002082347869873,-1.90741765499115,-1.9555957317352295,-2.32965087890625,-2.5101518630981445,-3.711831569671631,-4.2131428718566895,-6.689102649688721,-9.206615447998047,-12.862874984741211,-14.0238037109375,-17.624900817871094,-20.084869384765625,-21.620718002319336,-25.543180465698242,-26.214296340942383,-23.05453872680664,-7.427590847015381
-0.026123046875,-0.147013857960701,-0.08346439898014069,-0.24549931287765503,-0.0030713751912117004,-0.1990017294883728,-0.09203501045703888,0.24497300386428833,0.0073198676109313965,-0.2977280020713806,-0.3912922441959381,-0.46012213826179504,-0.704984188079834,-1.3891520500183105,-1.4382840394973755,-1.1655499935150146,-1.7437920570373535,-2.0714902877807617,-2.1336705684661865,-1.7136083841323853,-0.857455849647522,-1.7608871459960938,-3.056753635406494,-4.037600994110107,-4.569499969482422,-5.0003533363342285,-4.924496173858643,-0.3286018371582031,-0.32252004742622375
0.038818359375,0.17131969332695007,0.2364145815372467,0.7102414965629578,1.1215285062789917,1.096078872680664,1.235315203666687,1.2344027757644653,1.424817442893982,1.5678014755249023,2.0115950107574463,2.6250526905059814,3.342001438140869,3.8725852966308594,4.114098072052002,4.833120822906494,5.364011287689209,5.920889854431152,8.061016082763672,9.642476081848145,10.223016738891602,7.644336700439453,8.560882568359375,10.942124366760254,9.824905395507812,8.911554336547852,8.354708671569824,2.9527816772460938,3.092334032058716
-0.01361083984375,0.21348616480827332,-0.018335886299610138,0.016965702176094055,-0.04362598806619644,0.2964576482772827,0.19352349638938904,0.19191902875900269,0.08016008138656616,0.2338160276412964,0.05187352001667023,0.02636641263961792,0.3069770932197571,0.15187472105026245,0.5407775640487671,0.9034953713417053,-0.1581820845603943,-0.4483466148376465,-0.04165634512901306,-0.28541576862335205,3.2381439208984375,5.533328056335449,8.18654727935791,9.650890350341797,10.430671691894531,12.546533584594727,14.104165077209473,14.685583114624023,2.4178638458251953
-0.0159912109375,0.27332478761672974,0.21087248623371124,0.2138678878545761,0.04236025735735893,0.32189881801605225,0.9263337850570679,0.7791953086853027,0.9462252259254456,0.7007532119750977,0.21138370037078857,-0.21842868626117706,0.25800544023513794,-0.014718621969223022,-0.32499435544013977,-0.17921824753284454,-0.6112841367721558,-1.588948130607605,-2.6014842987060547,-4.434465408325195,-5.984037399291992,-5.523766994476318,-4.124322891235352,-4.177034378051758,-5.043656826019287,-4.942962646484375,-4.323910713195801,0.10176604986190796,0.6405003666877747
0.01080322265625,0.17482179403305054,0.17378467321395874,0.3782002627849579,0.633698582649231,0.4355870485305786,0.6917802691459656,0.5151340961456299,0.7151908874511719,0.842298150062561,0.8037109375,0.6778405904769897,-0.17380264401435852,-0.13689354062080383,-0.6396772265434265,-1.417664885520935,-1.2627182006835938,-2.6734535694122314,-5.189220428466797,-6.676886081695557,-5.026435375213623,-6.385298728942871,-6.534024715423584,-7.27672004699707,-7.655614852905273,-7.548663139343262,-7.725209712982178,-1.9151372909545898,-0.13574355840682983
-0.034912109375,0.05136237293481827,0.05672384053468704,0.158121719956398,0.07682739943265915,0.16960486769676208,0.2416847199201584,-0.08426153659820557,0.2692567706108093,-0.3864540159702301,0.6271822452545166,0.7491974234580994,0.6263413429260254,0.46394801139831543,0.3292921185493469,0.8200259208679199,1.2832826375961304,0.08897453546524048,-0.22939476370811462,-1.966331958770752,-2.2182936668395996,-4.841887474060059,-7.005845069885254,-6.104888439178467,-8.312889099121094,-8.984915733337402,-12.374037742614746,-13.920319557189941,-3.0759499073028564
0.021240234375,-0.3149052560329437,-0.26390138268470764,-0.19802123308181763,-0.3518942892551422,0.08966933190822601,0.4414162039756775,0.7084879875183105,0.6107156276702881,0.9146391749382019,1.1268439292907715,1.019960641860962,1.8098995685577393,1.553741455078125,1.197089433670044,1.3056472539901733,1.2656223773956299,-0.44075286388397217,-1.657088041305542,-2.794684648513794,-4.036708831787109,-5.322321891784668,-4.830174446105957,-6.016023635864258,-8.598514556884766,-6.189207553863525,-6.856251239776611,-4.0817413330078125,-2.6408638954162598
0.0264892578125,-0.20229801535606384,-0.036091312766075134,-0.37339141964912415,-0.4675646722316742,-0.6310185194015503,-1.2166781425476074,-1.3169052600860596,-1.6764307022094727,-1.832094669342041,-2.153782367706299,-2.334411859512329,-2.735924243927002,-3.083000898361206,-2.822781562805176,-3.083052396774292,-2.2482876777648926,-3.162137508392334,-4.270115852355957,-4.1130571365356445,-2.0501792430877686,-0.9938246011734009,0.1958829164505005,0.49469685554504395,1.8271780014038086,3.3194580078125,1.9358723163604736,-1.8170000314712524,-0.18140949308872223
0.01153564453125,0.013196319341659546,0.1601688265800476,0.0998886227607727,0.36329108476638794,0.3966204524040222,0.24669688940048218,-0.12338496744632721,-0.30103152990341187,0.09667782485485077,0.31882765889167786,0.5942407846450806,-0.19821488857269287,-1.0758607387542725,-0.8336613178253174,-1.2918533086776733,-1.1066759824752808,-1.3374539613723755,-0.09304070472717285,-0.44602760672569275,-1.8656243085861206,-2.492321491241455,-2.7236180305480957,-2.5688610076904297,-3.419755458831787,-3.582425594329834,-4.264998435974121,-0.25243568420410156,-0.316729336977005
-0.004486083984375,-0.0032293125987052917,0.0778985247015953,-0.09048449248075485,-0.039416681975126266,-0.22505292296409607,-0.09398196637630463,-0.2485046088695526,-0.3766409456729889,-0.10077843070030212,-0.0917748212814331,-0.09914843738079071,-0.10950106382369995,-0.33341696858406067,-0.4498927593231201,-1.194905161857605,-1.2935888767242432,-1.27080500125885,-3.348492383956909,-4.200636863708496,-2.770667552947998,-3.413503646850586,-2.6690127849578857,-3.3917744159698486,-5.346702575683594,-7.335760116577148,-8.491586685180664,-8.62195110321045,-2.2764265537261963
0.0062255859375,0.31149822473526,0.23803210258483887,0.5674468278884888,0.7052510380744934,0.6912919282913208,0.7230750322341919,1.1490907669067383,0.8666422367095947,0.5484879612922668,0.5037616491317749,0.48974764347076416,0.30680257081985474,0.23069243133068085,0.348111093044281,-0.13798809051513672,0.11387962102890015,0.0070490241050720215,-0.9179225564002991,-1.3106603622436523,-0.7315574884414673,-0.529022753238678,-1.1468353271484375,0.24419188499450684,-1.9450428485870361,-2.1235570907592773,-3.6961863040924072,-14.581507682800293,-2.348214864730835
0.010986328125,0.02614530175924301,0.03968016058206558,-0.01365957036614418,-0.3524603247642517,-0.34550419449806213,-0.6277432441711426,-0.7109561562538147,-0.737214982509613,-0.7391111850738525,-0.8431655764579773,-0.8270391821861267,-0.4069291949272156,-0.31795698404312134,-0.34467291831970215,-0.7436648607254028,-0.3689039945602417,-1.06862473487854,-0.5457756519317627,-0.6221193671226501,3.2905147075653076,3.9041600227355957,1.889970302581787,3.507962465286255,3.295780897140503,5.674895286560059,5.615517616271973,0.9503459930419922,1.0621076822280884
0.035888671875,0.15414005517959595,0.26554858684539795,0.5387752652168274,-0.030777037143707275,0.1126977801322937,-0.038859039545059204,0.5591956377029419,0.320418119430542,0.8472331166267395,0.5952212810516357,-0.25641724467277527,-0.3123774230480194,-0.3970271348953247,-1.1229020357131958,-0.5478907823562622,-0.9268710613250732,-1.582446575164795,-0.9446229934692383,-1.059195637702942,-3.1732192039489746,-3.193378210067749,-4.989744663238525,-4.23061990737915,-5.057371139526367,-3.998633623123169,-0.9889631271362305,-0.14558696746826172,0.5497021079063416
0.006500244140625,0.02582421898841858,0.054533347487449646,0.031100526452064514,0.08209683001041412,-0.1697903722524643,-0.25884929299354553,-0.10858996212482452,0.023019462823867798,0.4394995868206024,0.03373435139656067,0.19791704416275024,0.28971776366233826,0.009220272302627563,-0.24417155981063843,-0.6642963290214539,-1.2231706380844116,-1.5164141654968262,-1.8157916069030762,-0.32299506664276123,1.259056806564331,0.9240633249282837,3.233919858932495,2.223270893096924,1.7321250438690186,0.1313791275024414,-2.635648727416992,0.23470652103424072,3.3708486557006836
-0.0115966796875,-0.04345344752073288,-0.13605362176895142,-0.43083906173706055,-0.18631505966186523,-0.08531259000301361,-0.2791083753108978,0.12500661611557007,0.07813912630081177,-0.27663037180900574,-0.04421955347061157,0.2798861265182495,0.5337382555007935,0.41707879304885864,0.872559666633606,1.0328125953674316,1.665376901626587,2.3391005992889404,4.1982598304748535,5.949578762054443,7.603621959686279,6.635540008544922,3.789858102798462,4.256871700286865,4.724296569824219,5.5637359619140625,3.3581011295318604,10.195291519165039,3.1624462604522705
0.0224609375,-0.04355430603027344,-0.02898845076560974,-0.2866092920303345,-0.1568751037120819,-0.38607728481292725,-0.794758141040802,-0.36975646018981934,-0.22797659039497375,-0.20311926305294037,0.4476116895675659,1.085464596748352,1.159999966621399,1.307206153869629,0.6773707866668701,1.0928642749786377,2.2958297729492188,1.9306691884994507,3.060237407684326,3.7932331562042236,0.8166220188140869,2.8742706775665283,3.581033706665039,4.0032243728637695,1.742275595664978,4.878074645996094,8.421784400939941,9.233282089233398,0.36848095059394836
0.03759765625,0.10968910157680511,-0.014739945530891418,-0.2944772243499756,-0.5445547103881836,-0.286432147026062,-0.14422868192195892,-0.1348048746585846,-0.6674860119819641,-0.5658916234970093,-0.2085915356874466,-0.642011821269989,-0.7187411785125732,-0.6754924654960632,-0.11017833650112152,-0.7798391580581665,-0.6498768925666809,-0.5530345439910889,-2.1165785789489746,-0.48930585384368896,-1.3098118305206299,-4.528712272644043,-7.7966694831848145,-6.759891510009766,-3.3828530311584473,-2.5302164554595947,-1.6190677881240845,-2.8672072887420654,-3.6297085285186768
-0.053466796875,0.03437086194753647,0.08397015184164047,-0.2845926284790039,-0.5071696639060974,-0.19265925884246826,-0.15358681976795197,-0.7621443271636963,-0.8429561257362366,-1.1995149850845337,-1.2409170866012573,-1.5682584047317505,-1.8931373357772827,-2.082615375518799,-2.15378475189209,-2.0400197505950928,-2.191824197769165,-2.867464065551758,-3.7766687870025635,-4.181772708892822,-5.385014057159424,-3.863924503326416,-5.205859184265137,-3.9892265796661377,-2.4189696311950684,-2.945330858230591,1.5832149982452393,3.9198999404907227,-0.37608829140663147
-0.005889892578125,-0.2015300840139389,-0.19598692655563354,-0.1640980839729309,-0.3977147936820984,-0.30085289478302,-0.10107983648777008,-0.4592493772506714,-0.23896187543869019,-0.10124760121107101,-0.004211634397506714,0.5104511976242065,0.06910276412963867,0.13955944776535034,-0.3811330795288086,0.11926895380020142,0.44683215022087097,0.11441348493099213,0.2342047095298767,1.0913283824920654,3.6080634593963623,4.15229606628418,0.6262083053588867,0.7798333764076233,3.6999521255493164,4.470915794372559,0.8760058879852295,3.870037317276001,0.17706307768821716
0.033447265625,-0.0568966418504715,0.0899641364812851,0.012267440557479858,0.16034796833992004,0.14148098230361938,0.42220187187194824,0.19461944699287415,-0.40196746587753296,0.1322251260280609,0.18775878846645355,0.03139901161193848,-0.10719802975654602,0.11270230263471603,0.2792826294898987,1.0097534656524658,0.3808055520057678,1.60242760181427,0.5221012830734253,2.2242543697357178,3.960908889770508,6.8777384757995605,10.449502944946289,11.386819839477539,12.762752532958984,15.132942199707031,15.518780708312988,18.318992614746094,12.576693534851074
-0.04541015625,-0.2986152470111847,-0.4689982533454895,-0.05388432741165161,-0.0878698080778122,-0.4463014006614685,0.029473334550857544,0.1407555639743805,-0.01775220036506653,0.32515138387680054,0.8392349481582642,0.49185091257095337,0.45932677388191223,0.6036257147789001,0.45346859097480774,0.8599991798400879,1.2145671844482422,1.528728723526001,0.765945315361023,1.3001418113708496,-0.6456961631774902,-2.521907329559326,-2.8988707065582275,-3.4581289291381836,-4.669323921203613,-5.290799140930176,-4.895565032958984,-3.467111110687256,0.8404383063316345
-0.041015625,-0.11613504588603973,-0.09568700194358826,-0.07001933455467224,0.04991075024008751,-0.06049653887748718,0.1718215048313141,0.08933205902576447,-0.014157086610794067,0.12750107049942017,-0.004607386887073517,1.215383529663086,1.446168065071106,1.257483959197998,1.1852316856384277,1.6711429357528687,1.6819920539855957,1.559019923210144,2.3535847663879395,2.3187475204467773,5.713405609130859,5.913288593292236,8.379912376403809,7.552335739135742,10.451421737670898,15.798845291137695,17.82459259033203,19.110061645507812,3.359560251235962
-0.0224609375,-0.3054652810096741,-0.319774866104126,-0.4101465046405792,-0.8076155781745911,-0.6488914489746094,-0.6941312551498413,-0.35067957639694214,-0.6885520219802856,-0.892939567565918,-1.3812777996063232,-1.0894720554351807,-1.3000538349151611,-1.5208475589752197,-1.3730535507202148,-0.8035796880722046,-0.750731348991394,-0.8960407972335815,0.08731091022491455,-0.42168042063713074,0.15398597717285156,-1.071035623550415,0.7314202785491943,-0.1780233383178711,-0.3964424133300781,2.1520771980285645,3.4477133750915527,5.582664966583252,1.39356529712677
0.06201171875,0.16903558373451233,0.11707516014575958,0.09810690581798553,0.27079880237579346,0.29625606536865234,0.0984589010477066,0.30253422260284424,0.15269869565963745,0.24292312562465668,0.3304969370365143,0.7463581562042236,0.2998303771018982,-0.21303820610046387,-0.9023195505142212,-1.2066538333892822,-1.505823016166687,-2.1297614574432373,-1.8812546730041504,-2.556155204772949,-4.118073463439941,-3.8058552742004395,-3.836613655090332,-2.452687978744507,-4.517121315002441,-3.556110382080078,-5.38071346282959,-3.758601188659668,-1.1495672464370728
-0.03076171875,-0.18572385609149933,-0.25279900431632996,-0.43872010707855225,-0.14176511764526367,-0.1358793079853058,0.036673516035079956,0.2443723976612091,0.02454826422035694,0.25375497341156006,0.0030806362628936768,0.1884762942790985,-0.4455500841140747,-0.3860437273979187,-0.42339664697647095,-0.12158273160457611,-0.9152675867080688,-1.0733611583709717,-0.6206128597259521,-2.469142436981201,-1.1851277351379395,1.3933358192443848,1.5689938068389893,1.8396414518356323,1.7775797843933105,1.7749794721603394,0.11337065696716309,-1.0622553825378418,-0.304115891456604
0.03759765625,-0.25533410906791687,-0.33743271231651306,-0.6679081916809082,-0.30644041299819946,-0.04941722750663757,-0.11780603229999542,-0.25239062309265137,-0.21010497212409973,0.6851746439933777,0.8027305603027344,-0.21781539916992188,-1.4788262844085693,-1.4740643501281738,-2.775805950164795,-4.443154335021973,-7.033483505249023,-11.409994125366211,-15.925741195678711,-19.059932708740234,-27.047061920166016,-33.695770263671875,-39.896484375,-44.37895584106445,-47.62042999267578,-49.658607482910156,-52.37348937988281,-49.39084243774414,-8.178075790405273
-0.0311279296875,0.01569925621151924,0.13327336311340332,0.1908324956893921,0.44802403450012207,0.596137523651123,0.518323540687561,0.6652988195419312,0.44054853916168213,0.26675623655319214,-0.15530630946159363,-0.12518244981765747,-0.9059655070304871,-1.0333836078643799,-1.2694368362426758,-1.0533360242843628,-0.6238158941268921,-2.0968716144561768,-3.1337475776672363,-5.7813005447387695,-6.277925491333008,-7.895783424377441,-11.955817222595215,-12.514307022094727,-13.187187194824219,-13.71847152709961,-13.093852996826172,-12.443629264831543,-3.6672041416168213
0.01373291015625,-0.030699841678142548,-0.09424175322055817,-0.05175462365150452,-0.06525827944278717,-0.4297431409358978,-0.8506193161010742,-0.7926616072654724,-0.5056437849998474,-0.28300297260284424,0.19027821719646454,0.010000370442867279,-0.19401094317436218,-0.5061743259429932,-0.591254711151123,-1.1049124002456665,-0.8587285876274109,-1.473811149597168,-1.921044945716858,-3.0974059104919434,-3.7685189247131348,-1.3662023544311523,-1.596531629562378,-3.426687717437744,-1.6664657592773438,0.8016581535339355,-0.17181509733200073,-2.5723907947540283,0.6482696533203125
0.00823974609375,-0.034804508090019226,0.17868471145629883,0.5409486293792725,0.5386257767677307,0.32122936844825745,0.1866723597049713,0.5481716394424438,0.30352193117141724,0.6904785633087158,0.6463102102279663,0.5019453763961792,0.7789466977119446,0.6301656365394592,1.0985978841781616,1.1379331350326538,1.8490724563598633,2.693605899810791,3.1691181659698486,4.862974643707275,2.749661922454834,3.495480537414551,3.8498966693878174,2.170027732849121,3.9108164310455322,3.8246843814849854,2.044767141342163,3.3612377643585205,-0.8841754794120789
-0.00714111328125,0.1382148116827011,0.147081658244133,0.0010059773921966553,-0.07460172474384308,-0.10705722868442535,0.09426620602607727,-0.12359610199928284,0.26106780767440796,-0.24509356915950775,-0.15158267319202423,-0.518856406211853,0.1811237335205078,-0.3552272319793701,-0.2975158095359802,-0.2364497184753418,-1.022108793258667,0.35067814588546753,2.2201638221740723,2.013545513153076,5.593419075012207,8.79106330871582,10.550153732299805,12.702465057373047,14.437784194946289,14.944230079650879,15.514442443847656,8.50718879699707,2.6505630016326904
0.0517578125,-0.44710347056388855,-0.5505568385124207,-0.4815830886363983,-0.482359379529953,-0.6032221913337708,-0.7144008874893188,-0.823860764503479,-0.9068433046340942,-0.9186334013938904,-0.8607568740844727,-0.5023044943809509,-0.13069391250610352,-0.28391727805137634,-0.05877856910228729,0.3910443186759949,0.9348137378692627,0.40343427658081055,-0.5389480590820312,-0.2642859220504761,1.3365132808685303,-0.2026272416114807,0.32485514879226685,-0.6003515124320984,0.42207884788513184,-1.1928092241287231,-3.186522960662842,-0.6349771618843079,-0.30892640352249146
-0.0208740234375,-0.19668059051036835,-0.1630595624446869,-0.12017332017421722,-0.26517030596733093,-0.2647947072982788,-0.03025062382221222,-0.9330337643623352,-0.7056933045387268,-0.8871356844902039,-1.936441421508789,-2.370642900466919,-3.5618844032287598,-3.9421420097351074,-3.9488537311553955,-3.992482900619507,-3.740290403366089,-4.195618152618408,-5.249932765960693,-7.066166877746582,-13.10745620727539,-17.867450714111328,-20.5726375579834,-21.778608322143555,-23.17845344543457,-25.2867431640625,-30.67473602294922,-34.036319732666016,-9.727564811706543
0.057861328125,0.009046807885169983,-0.045511603355407715,-0.22087977826595306,-0.47998327016830444,-0.5840181112289429,-0.24125024676322937,-0.48164063692092896,-0.13534627854824066,-0.2900539040565491,0.07334041595458984,-0.14571072161197662,-0.638947069644928,-0.626484751701355,-0.9495205283164978,-0.13081014156341553,-0.22136294841766357,0.024720177054405212,-0.5339673757553101,0.8683537244796753,0.3953568935394287,-1.2274959087371826,-2.6403822898864746,-3.5025362968444824,-3.8013861179351807,-5.102730751037598,-6.7978129386901855,-2.1829674243927,-0.9747866988182068
-0.0133056640625,-0.012855632230639458,0.05902019143104553,-0.21907277405261993,-0.21164867281913757,-0.07738584280014038,0.21713298559188843,0.1301465630531311,0.34749293327331543,-0.04962736368179321,-0.08099638670682907,-0.6057085990905762,-0.23013126850128174,-1.0189039707183838,-1.082259178161621,-1.130577802658081,0.02743685245513916,1.026126742362976,2.3881845474243164,3.4700872898101807,5.061296463012695,4.5822625160217285,6.192951202392578,4.368245601654053,3.3238818645477295,2.679191827774048,1.3605953454971313,1.244407296180725,0.9148951768875122
0.0081787109375,0.14599686861038208,0.010510601103305817,0.07836348563432693,-0.36508989334106445,-0.1759641170501709,-0.0825914740562439,0.04903919994831085,0.011454761028289795,0.26992061734199524,0.454664409160614,0.1463562250137329,0.170629620552063,-0.15189751982688904,0.2699829638004303,0.29450488090515137,1.1480388641357422,0.7274379730224609,0.08895939588546753,0.7702829837799072,0.029088616371154785,1.3203349113464355,-1.0722062587738037,-2.138078212738037,-4.34150505065918,-6.1774983406066895,-7.581162929534912,-4.545509338378906,-1.6801156997680664
-0.01385498046875,-0.04517215117812157,-0.020652860403060913,-0.13038763403892517,-0.08459890633821487,-0.1725980043411255,0.3695773184299469,0.11658819019794464,0.0304623544216156,-0.13794824481010437,0.33036816120147705,0.3614497780799866,0.5589991807937622,0.36586570739746094,0.18936361372470856,-0.6561922430992126,-0.12396878004074097,0.9362226724624634,0.4575648307800293,-0.15703219175338745,1.4002844095230103,-0.45014458894729614,-1.3131134510040283,0.47395431995391846,0.020930886268615723,0.06812793016433716,-0.2821083664894104,-2.389866828918457,-1.683096170425415
0.00018024444580078125,-0.21260051429271698,0.01175275444984436,-0.07411593198776245,0.03523898124694824,-0.209776371717453,-0.22781065106391907,-0.28624075651168823,-0.2034590244293213,0.10637310147285461,-0.3822161853313446,-0.4398292899131775,-0.546560525894165,-0.5957099795341492,-1.1182355880737305,-1.3573365211486816,-1.882168173789978,-1.6255742311477661,-3.0008981227874756,-3.6537556648254395,-4.146295070648193,-5.049849510192871,-6.545170307159424,-6.320838928222656,-7.643165588378906,-9.531635284423828,-12.266154289245605,-17.275920867919922,-4.686605930328369
0.04736328125,0.2747756242752075,0.34833917021751404,0.5496894121170044,0.6601446866989136,1.0148991346359253,1.0406079292297363,1.210324764251709,1.599137306213379,1.7206593751907349,2.2342801094055176,2.933316230773926,3.9162070751190186,4.68965482711792,5.339560031890869,6.135532855987549,6.215274333953857,8.009510040283203,11.674349784851074,14.125277519226074,16.356590270996094,24.370708465576172,29.237911224365234,32.365081787109375,32.721492767333984,34.49744415283203,36.595821380615234,34.799625396728516,11.28463363647461
0.0272216796875,-0.10876180976629257,0.025273166596889496,-0.166145920753479,-0.3364548087120056,-0.12822726368904114,0.03099040314555168,0.18935827910900116,0.16688519716262817,0.4044400751590729,0.7484875917434692,1.3188490867614746,1.439366340637207,1.96855628490448,2.2278051376342773,2.6594748497009277,3.0596859455108643,3.0949506759643555,3.2692995071411133,4.517388343811035,4.22775936126709,3.8753738403320312,3.2264137268066406,2.8654661178588867,3.284119129180908,1.0787572860717773,-3.237856149673462,-11.141301155090332,-3.280269145965576
0.058349609375,0.33026736974716187,0.400713175535202,0.5014176964759827,0.6539891958236694,0.7573922276496887,1.24761962890625,1.3701540231704712,1.6801923513412476,1.706091046333313,1.762279748916626,2.9810733795166016,3.5155887603759766,3.4504170417785645,3.33392071723938,3.149278163909912,3.05025053024292,4.131975173950195,4.038079738616943,4.408573627471924,8.152103424072266,10.781532287597656,12.033352851867676,11.237509727478027,12.66515064239502,13.569275856018066,15.250819206237793,13.48171615600586,11.253396034240723
-0.000370025634765625,0.009857922792434692,0.04484502971172333,-0.10134726762771606,0.2873314917087555,0.1636660099029541,0.3830023407936096,0.32181811332702637,-0.2720046639442444,-0.27856987714767456,-0.5293834805488586,-1.0178943872451782,-0.6125171184539795,-0.18768012523651123,-0.49389803409576416,-0.5190025568008423,-0.6514119505882263,-1.9379422664642334,-2.586549997329712,-3.078355073928833,-4.118941783905029,-2.4841246604919434,-0.9568305015563965,-1.9784702062606812,-2.2159361839294434,-1.5574852228164673,-2.1815035343170166,-4.735818386077881,-7.540134429931641
-0.0040283203125,-0.05773279070854187,-0.16010597348213196,-0.20592287182807922,-0.012130945920944214,-0.495365709066391,-0.6363554000854492,-0.44637757539749146,-0.6191562414169312,-0.8813375234603882,-1.101260781288147,-1.7770284414291382,-1.3786640167236328,-1.8176209926605225,-1.107701063156128,-0.840764045715332,-0.5118163228034973,-1.357865571975708,-0.904419481754303,-1.3590848445892334,0.6106372475624084,1.4590219259262085,2.1028082370758057,2.7129554748535156,5.490095615386963,7.326938629150391,8.662718772888184,4.688321113586426,0.6647171974182129
0.01007080078125,-0.017440177500247955,-0.05029044672846794,0.1948603391647339,0.49192261695861816,0.1993391513824463,-0.07414667308330536,-0.13310866057872772,0.04448142647743225,-0.2815335988998413,-0.1776513010263443,-0.45551252365112305,-0.31371796131134033,-0.9947863817214966,-0.2804975211620331,-0.3348766267299652,-1.3950567245483398,-1.4187092781066895,-0.11303293704986572,-1.7359448671340942,0.14201974868774414,-1.344913125038147,0.011029243469238281,1.573395848274231,2.460683584213257,4.289410591125488,4.96170711517334,4.6220502853393555,1.5681926012039185
-0.00897216796875,-0.03827281296253204,0.08822005987167358,-0.27625489234924316,-0.2295718640089035,-0.026894748210906982,0.21110843122005463,0.27988144755363464,0.14762642979621887,-0.30609413981437683,-0.6347644329071045,-1.3734910488128662,-2.3494715690612793,-3.0197253227233887,-3.212700843811035,-3.9315900802612305,-4.677764892578125,-5.308859825134277,-6.926709175109863,-8.849207878112793,-9.751904487609863,-11.693486213684082,-15.69221019744873,-17.974287033081055,-17.518102645874023,-17.129270553588867,-18.24278450012207,-19.619773864746094,-4.409303665161133
-0.00775146484375,-0.0839022547006607,-0.23702919483184814,-0.298376202583313,-0.5001457929611206,-0.3969533145427704,-0.6217648983001709,-0.8427690267562866,-0.5192151069641113,-0.5953954458236694,-0.7716706991195679,-0.9140450358390808,-1.0122034549713135,-1.398728609085083,-1.4697974920272827,-1.2947256565093994,-1.4548428058624268,-1.7905137538909912,-2.1383676528930664,-2.884972095489502,-3.4614217281341553,-2.965989112854004,-3.2276248931884766,-3.3672444820404053,-2.6588196754455566,-5.7788004875183105,-9.80735969543457,-12.255306243896484,-1.8242583274841309
0.01458740234375,0.047496095299720764,-0.02386792004108429,-0.17810842394828796,-0.4263474941253662,-0.7911926507949829,-0.9236146807670593,-1.1185306310653687,-0.4682920575141907,-0.3002796173095703,-0.14855945110321045,-0.7676808834075928,-0.5800535678863525,-1.0079611539840698,-0.6106709837913513,-1.0440787076950073,-2.320711135864258,-1.9729589223861694,-2.9974286556243896,-3.213491439819336,-4.832494735717773,-4.67138671875,-1.6885077953338623,-0.14134091138839722,-0.15789145231246948,0.7600992918014526,-0.7680482864379883,6.876092433929443,2.2801904678344727
0.0087890625,0.18625527620315552,0.19725939631462097,0.2974415123462677,0.36585095524787903,0.3157929480075836,0.22038982808589935,0.39602530002593994,0.2930338382720947,0.23765252530574799,0.4479661285877228,0.5026249289512634,0.7710255980491638,0.8376510739326477,0.7599452137947083,0.47198888659477234,0.011632159352302551,-0.8580019474029541,-0.5539465546607971,-1.8754936456680298,-2.1820008754730225,-1.4896347522735596,-1.9671647548675537,-0.4543273448944092,-0.5539090037345886,-0.6539173126220703,0.9181605577468872,5.006414890289307,0.3824285566806793
0.0162353515625,0.01369580626487732,0.3789523243904114,0.3540499210357666,0.5958704352378845,0.3384835720062256,0.3970988392829895,0.4842689633369446,0.49077314138412476,0.3552814722061157,0.11400731652975082,-0.3556826710700989,-0.10103267431259155,0.07433643937110901,-0.5219733715057373,-0.34114912152290344,-0.6232434511184692,-0.36394065618515015,-1.4998700618743896,-0.2980201244354248,-0.3096095323562622,0.9092947840690613,-2.2811031341552734,-1.198365569114685,-2.4595518112182617,-0.306318998336792,3.4528307914733887,7.437679290771484,11.527658462524414
-0.006622314453125,0.034733887761831284,-0.052354224026203156,0.13377931714057922,0.01638801395893097,-0.13161003589630127,-0.09445380419492722,-0.06757931411266327,0.0211259126663208,0.2875520884990692,0.010155737400054932,-0.32151544094085693,-0.2578545808792114,-0.05302736163139343,-0.21650055050849915,-0.10271590948104858,-0.6943602561950684,-1.0110673904418945,-0.02299666404724121,-0.04444622993469238,-0.022653818130493164,-3.593120574951172,-2.3168153762817383,-2.484903335571289,-1.3194751739501953,-3.254909038543701,0.4876713752746582,2.8316967487335205,-1.176071286201477
0.047119140625,0.10437843203544617,-0.04355921968817711,0.13736051321029663,-0.15483097732067108,0.11863377690315247,-0.01609940081834793,-0.2487936019897461,0.06351348757743835,-0.41538965702056885,-0.30386656522750854,-0.9020988345146179,-1.3889851570129395,-0.8900001049041748,-0.586950957775116,-0.6367042660713196,-1.3204851150512695,-1.003632664680481,-1.680059552192688,-3.1688661575317383,-5.593231201171875,-4.406445026397705,-2.8546934127807617,-5.006523609161377,-6.875761985778809,-1.1081900596618652,-3.849701404571533,-3.926274299621582,0.058617472648620605
0.00162506103515625,0.03733578324317932,-0.02679586410522461,0.23771728575229645,0.3846631348133087,0.32769906520843506,0.9876434803009033,0.5474077463150024,0.5740941762924194,0.9653713703155518,0.5573972463607788,1.7040141820907593,2.3504631519317627,2.6537728309631348,2.8445091247558594,3.5439276695251465,3.557265043258667,4.401367664337158,5.335600852966309,5.702887058258057,6.921938896179199,8.901021957397461,7.472593307495117,9.532281875610352,9.736531257629395,10.489323616027832,12.328862190246582,12.18721866607666,1.8421356678009033
-0.01007080078125,0.025796279311180115,0.10727310180664062,-0.33136335015296936,-0.10888135433197021,-0.1681077480316162,-0.5588525533676147,-0.12726473808288574,-0.32709354162216187,-0.21422265470027924,-0.2529602348804474,-0.2983579635620117,0.6565976142883301,0.5143710374832153,0.8219170570373535,0.37854892015457153,0.9941461086273193,1.832643985748291,1.8102408647537231,2.091677665710449,1.1307687759399414,3.450432300567627,0.850704550743103,0.9561643004417419,0.21078234910964966,0.33420318365097046,0.8122854232788086,3.8438944816589355,1.3576292991638184
-0.014404296875,-0.22791987657546997,-0.43809011578559875,-0.6807068586349487,-0.6328648924827576,-0.5412865877151489,-0.31963813304901123,-0.2667931020259857,-0.47622185945510864,-1.187116265296936,-0.5610307455062866,-0.7391009330749512,-1.2429636716842651,-0.7080678939819336,-0.18079480528831482,-0.7462692260742188,-1.1283204555511475,-2.0183451175689697,-2.0705528259277344,-3.259559392929077,-0.5381672382354736,-1.355365514755249,-1.277881383895874,-0.9782719612121582,-0.9697496891021729,0.0324481725692749,-3.531843423843384,-2.707634925842285,0.6744314432144165
0.01165771484375,0.8596521615982056,1.0775470733642578,1.1365399360656738,1.5430023670196533,1.6133440732955933,1.9991817474365234,2.096590757369995,2.1285400390625,2.301193952560425,2.4832043647766113,2.5605273246765137,4.586539268493652,4.801122665405273,4.836745262145996,4.886147499084473,4.577000617980957,7.103874206542969,7.275299549102783,7.974120140075684,8.859058380126953,12.57691478729248,13.950929641723633,13.306379318237305,13.779272079467773,15.5754976272583,16.350723266601562,3.154899835586548,1.1168893575668335
0.05712890625,0.04524284601211548,-0.005716986954212189,-0.16057926416397095,-0.13347762823104858,-0.12174644321203232,0.4436596632003784,-0.17742598056793213,0.3779270052909851,-0.1659402847290039,0.007712654769420624,0.2491142451763153,0.013946011662483215,0.38646984100341797,0.06286311149597168,-0.45439979434013367,-1.0290673971176147,-1.857192039489746,-2.2489449977874756,-1.461249828338623,0.41366100311279297,1.4694023132324219,4.090124607086182,3.0745668411254883,1.2526224851608276,4.0669169425964355,2.7484402656555176,0.2763625383377075,1.1106696128845215
0.0225830078125,0.19293197989463806,-0.007058426737785339,-0.3246992230415344,-0.3571370542049408,-0.07133802771568298,-0.3874138295650482,0.06413891911506653,-0.16872477531433105,0.10133686661720276,0.8243215084075928,0.4261082112789154,0.2929835319519043,-0.07130828499794006,0.15465803444385529,-0.3810667395591736,-0.9986265301704407,-1.851881742477417,-1.6180040836334229,-2.0027880668640137,-4.609246253967285,-4.623380661010742,-2.9655120372772217,-0.41127777099609375,1.8400551080703735,1.449202537536621,1.0672376155853271,8.524807929992676,5.1294264793396
-0.0155029296875,-0.20762288570404053,-0.06274204701185226,-0.1590147316455841,-0.5424941182136536,-0.6818268895149231,-0.9688030481338501,-1.0677573680877686,-1.1385769844055176,-1.25819993019104,-1.5109833478927612,-1.8402118682861328,-3.9837026596069336,-3.852452039718628,-4.002103805541992,-4.240035533905029,-4.117033004760742,-5.737163066864014,-5.459033966064453,-5.854185581207275,-11.478622436523438,-12.492589950561523,-11.458198547363281,-10.315909385681152,-11.042259216308594,-9.867737770080566,-9.620427131652832,-9.250720977783203,-2.7117908000946045
0.0220947265625,0.01097109168767929,-0.16166558861732483,-0.3009183406829834,-0.13505497574806213,0.17953315377235413,0.15105119347572327,-0.05824436992406845,-0.05391179025173187,-0.4374315142631531,0.14728116989135742,-0.1307002305984497,0.07648462057113647,0.2984977960586548,-0.33472394943237305,0.18460828065872192,2.7220208644866943,2.56404447555542,5.935397624969482,6.631755828857422,10.337411880493164,13.420313835144043,12.362028121948242,11.339043617248535,11.556699752807617,10.172012329101562,8.331303596496582,-9.888391494750977,-1.6517268419265747
0.023193359375,0.07650604844093323,-0.019761383533477783,0.07473187893629074,0.12315437197685242,0.5253771543502808,0.2982226312160492,0.6931537985801697,0.9658471345901489,1.563581109046936,2.165354013442993,3.1588547229766846,4.214651584625244,4.4929962158203125,4.897274971008301,5.292957305908203,5.59424352645874,6.835299015045166,7.294864654541016,8.40230655670166,6.700573921203613,6.2926177978515625,4.507180213928223,3.97166109085083,0.4602351188659668,-1.9367595911026,-3.162900447845459,-1.0042178630828857,-1.5748738050460815
-0.0037689208984375,-0.06547846645116806,0.023037374019622803,0.05353569984436035,-0.00767449289560318,0.04459613561630249,-0.11533835530281067,-0.09371915459632874,-0.31272584199905396,-0.23024135828018188,-0.21241343021392822,-0.5142728090286255,-0.12656468152999878,-0.11611408740282059,-0.30415624380111694,-0.49272313714027405,-0.6319976449012756,-1.069156527519226,-0.8311170339584351,-0.8609199523925781,-0.8565304279327393,0.12016773223876953,2.9130842685699463,2.2603728771209717,3.4740114212036133,3.6655709743499756,5.927852153778076,3.2914066314697266,0.4800337553024292
-0.02490234375,0.19273388385772705,0.17400550842285156,0.36997726559638977,0.2665765881538391,0.12327278405427933,-0.02379196137189865,0.21180199086666107,0.09565213322639465,0.16967032849788666,-0.05367147922515869,-0.23013749718666077,-0.7794434428215027,-0.6147515773773193,-0.7176373600959778,-0.9280627965927124,-0.9509956240653992,-3.2776010036468506,-2.720834732055664,-2.8590643405914307,-2.5586206912994385,-4.632866859436035,-7.970012664794922,-6.801133632659912,-6.346029758453369,-8.589497566223145,-10.143702507019043,-9.142837524414062,-2.9965102672576904
-0.0091552734375,-0.23312941193580627,-0.4029439687728882,-0.5789592862129211,-0.7004300355911255,-0.6868385076522827,-0.8304459452629089,-0.9739863276481628,-0.8052641153335571,-0.7164310812950134,-0.8355026245117188,-0.4455159306526184,-0.3854427933692932,-0.2311478853225708,0.08669069409370422,0.28538787364959717,0.5878857374191284,1.0850335359573364,1.6933460235595703,0.6921664476394653,0.23936396837234497,2.724525213241577,4.332179069519043,4.299732208251953,2.91926646232605,3.1662073135375977,2.108044147491455,-0.6317567825317383,-0.9824660420417786
-0.0012054443359375,0.35544103384017944,0.24345748126506805,0.6214550137519836,0.2990225851535797,0.3201984763145447,0.8129148483276367,0.6196271181106567,0.4276553988456726,0.529052734375,0.22287386655807495,0.19319747388362885,0.5627279281616211,0.6759133338928223,0.3686356842517853,0.16473162174224854,0.5319840908050537,0.9109891653060913,0.1766793429851532,-0.09342060983181,-0.23763525485992432,-0.12577581405639648,-0.5912384986877441,-0.12008798122406006,-1.0338752269744873,-1.798628568649292,0.706537127494812,-1.2938435077667236,0.1318238377571106
0.0142822265625,0.716032087802887,0.7693121433258057,1.1065917015075684,1.2465678453445435,1.2073214054107666,1.3787343502044678,1.4912097454071045,1.3259092569351196,1.2154728174209595,1.3969594240188599,1.5395609140396118,2.3014426231384277,2.209028482437134,2.2947142124176025,2.3062644004821777,2.4501094818115234,3.6422739028930664,3.9304823875427246,6.804685592651367,8.715545654296875,10.568792343139648,8.392033576965332,8.873090744018555,7.20651912689209,8.542623519897461,7.48180627822876,2.4090638160705566,0.7109195590019226
0.0284423828125,0.06629234552383423,0.03878932446241379,-0.08760131895542145,-0.16203844547271729,-0.14948523044586182,-0.599498450756073,-0.3791041970252991,-0.22767403721809387,-0.25672647356987,0.15684083104133606,-0.0004612654447555542,0.009686365723609924,0.4464224576950073,0.3675423860549927,0.16010639071464539,0.3560533821582794,0.31737059354782104,-1.1036643981933594,-0.7302170395851135,0.20306706428527832,-0.4659248888492584,-1.6114521026611328,-1.307823896408081,-1.765724539756775,-3.4226014614105225,-6.93953275680542,-10.068979263305664,-2.6752660274505615
-0.0201416015625,0.043757908046245575,0.0073333680629730225,0.09252884984016418,-0.022472597658634186,-0.48910388350486755,-0.5618049502372742,-0.17735037207603455,-0.28919345140457153,-0.16932570934295654,-1.450779676437378,-1.8994321823120117,-2.412247657775879,-2.651930809020996,-2.521829605102539,-2.978492498397827,-3.211966037750244,-3.8040590286254883,-2.703258514404297,-2.5436737537384033,-4.023681640625,-7.231693267822266,-7.9413042068481445,-8.775199890136719,-6.4183149337768555,-6.695023536682129,-7.685141563415527,-9.951123237609863,-6.21594762802124
-0.00714111328125,0.8649712800979614,0.8813362717628479,1.0501450300216675,1.3429172039031982,1.4389371871948242,2.0928990840911865,2.2593014240264893,2.328583002090454,2.4614832401275635,2.3534698486328125,2.7758755683898926,4.949399948120117,4.998415946960449,4.925268650054932,4.926736354827881,4.706690311431885,9.608297348022461,10.946819305419922,13.308379173278809,13.590951919555664,18.695125579833984,19.541921615600586,19.112722396850586,17.06241798400879,17.188899993896484,16.32274055480957,2.0227303504943848,-0.3043668270111084
0.03369140625,-0.08251606673002243,-0.029439330101013184,-0.0017074719071388245,0.09972291439771652,-0.18620571494102478,-0.16607721149921417,0.4237256944179535,0.27975088357925415,0.08577978610992432,-0.35201966762542725,-0.1643395572900772,-0.17497065663337708,-0.7360149621963501,-0.9372813105583191,-1.0534613132476807,-1.8789973258972168,-2.5530269145965576,-3.778068780899048,-3.7939720153808594,-3.6120834350585938,-1.3511979579925537,-4.2868828773498535,-3.5888845920562744,-6.586212158203125,-5.515933990478516,-7.069531440734863,-5.295225620269775,-1.3252034187316895
0.021484375,-0.17009758949279785,-0.19151267409324646,-0.14118506014347076,-0.32912927865982056,-0.2967710494995117,-0.3501025140285492,-0.32791566848754883,-0.7087503671646118,-0.6142668724060059,-0.6654641032218933,-0.562152087688446,-1.0332822799682617,-0.932110071182251,-1.1312824487686157,-1.2611770629882812,-1.3321526050567627,-1.8892086744308472,-1.294663429260254,-3.2314422130584717,-2.7865681648254395,-1.6149327754974365,-3.302700996398926,-1.662449836730957,-2.275193214416504,-2.9626824855804443,-3.314854145050049,0.8403476476669312,1.1067416667938232
0.027587890625,0.05204806476831436,7.780641317367554e-05,0.10469365864992142,0.2903985381126404,0.22810512781143188,0.08619043231010437,0.16394895315170288,0.24312928318977356,0.2671709656715393,0.10941347479820251,0.21878324449062347,-0.14410905539989471,0.1325616091489792,-0.32165640592575073,0.25394174456596375,-0.5238407850265503,-0.497141033411026,-1.7640612125396729,-3.9507369995117188,-3.8339009284973145,-3.6178805828094482,-6.615706443786621,-7.075160980224609,-6.209096431732178,-6.989709377288818,-8.712899208068848,-9.27215576171875,-2.3256990909576416
-0.0220947265625,0.3585166335105896,0.458157479763031,0.4596896469593048,0.35352158546447754,0.14240121841430664,0.0802704244852066,-0.4470033347606659,-0.2462666928768158,-0.13422811031341553,-0.16378653049468994,0.05095580220222473,0.7837420105934143,0.593196451663971,0.326943576335907,0.9707821607589722,0.4089593291282654,1.093576431274414,1.9580109119415283,1.7405396699905396,-0.3736311197280884,0.4852038025856018,1.9800927639007568,0.2900052070617676,-1.8995540142059326,-5.084959506988525,-4.846024513244629,-6.254598140716553,-0.8414869904518127
-0.0274658203125,0.4616411030292511,0.4631127417087555,0.6995525360107422,0.8264626264572144,0.5193536281585693,0.8553346991539001,0.9259598255157471,0.9569710493087769,0.8861051201820374,1.3154592514038086,1.6058030128479004,2.196195363998413,2.361853837966919,2.7555794715881348,2.9178531169891357,3.408834218978882,5.588295936584473,6.835393905639648,6.13278341293335,7.9612555503845215,9.032509803771973,8.651422500610352,7.405177116394043,7.534244060516357,9.711446762084961,10.288718223571777,8.541763305664062,2.183652400970459
0.0023345947265625,0.06491115689277649,0.17436277866363525,0.047579891979694366,0.07448993623256683,-0.002208065241575241,-0.07457956671714783,-0.08922329545021057,-0.1732887327671051,-0.273647665977478,-0.5251604318618774,-0.31383633613586426,-0.6957970857620239,-0.8088356256484985,-0.5323764681816101,-0.6285256147384644,-0.5474381446838379,-0.08493101596832275,0.07295481860637665,1.687389612197876,0.9082748889923096,5.392261981964111,5.484480857849121,6.125906467437744,5.621885299682617,5.302294731140137,6.28602933883667,3.070908308029175,1.0531212091445923
0.057373046875,0.055526137351989746,0.12447842210531235,0.42246776819229126,0.4160093665122986,0.3404696583747864,0.3436654508113861,0.3254825174808502,0.42195287346839905,0.3657383918762207,0.4995781183242798,0.6996974349021912,0.21296678483486176,0.0035417377948760986,-0.0932236984372139,0.07442016899585724,-0.4120894968509674,0.21742981672286987,-0.32064685225486755,0.5218125581741333,1.2156829833984375,1.1899003982543945,-0.8504759073257446,-1.555290937423706,-2.9123151302337646,-3.6597707271575928,-1.674254059791565,3.214289665222168,1.3747751712799072
-0.047119140625,-0.28026965260505676,-0.3646365702152252,-0.7802414298057556,-0.5667300820350647,-0.5302164554595947,-0.37882664799690247,-0.46337273716926575,-0.20268651843070984,-0.4886065125465393,-0.17773067951202393,-0.11087456345558167,-0.0699460357427597,-0.21613547205924988,0.15599721670150757,0.5830088257789612,1.3731712102890015,1.6537342071533203,3.1988821029663086,2.6341986656188965,3.800546646118164,3.946373462677002,3.592514991760254,3.749535083770752,3.513355016708374,6.8507585525512695,7.830755233764648,10.403757095336914,2.7257773876190186
0.003631591796875,0.3158516585826874,0.24501678347587585,0.10465699434280396,0.2010122388601303,0.01490829885005951,-0.0672963410615921,0.03755579888820648,0.07675150781869888,-0.0400271862745285,-0.0504455640912056,0.3424798250198364,0.3580724000930786,0.514756441116333,0.7887611389160156,0.7441502213478088,0.6144953370094299,0.8379306197166443,0.21470671892166138,0.655197024345398,1.4991247653961182,0.3129686117172241,-0.9976528882980347,0.795998215675354,0.2736419439315796,-1.5240329504013062,-4.365314483642578,-6.168855667114258,-0.740561842918396
0.052978515625,-0.16683988273143768,-0.1899002194404602,0.066395103931427,-0.042350802570581436,0.07726649194955826,-0.04429560899734497,0.08529765903949738,0.04066935181617737,-0.12534543871879578,-0.40940678119659424,-0.6743446588516235,0.23187950253486633,-0.12722769379615784,-0.2968958020210266,-0.32845473289489746,-0.410142183303833,-0.5458739995956421,-1.7140421867370605,-2.9898393154144287,0.16016793251037598,-0.3022881746292114,0.25672781467437744,1.3701155185699463,0.50791335105896,-1.4038817882537842,-4.334662437438965,-10.999399185180664,-3.021826982498169
-0.002471923828125,0.0918484777212143,-0.10144900530576706,-0.32000088691711426,-0.2939227223396301,-0.3791258633136749,-0.5121968388557434,-0.4987674057483673,-0.740818977355957,-0.6113027334213257,-0.7982165813446045,-1.0337445735931396,-1.494505763053894,-1.2727793455123901,-1.2650851011276245,-1.2952312231063843,-1.3481186628341675,-1.5350794792175293,-0.988393247127533,-0.4031926393508911,-3.008056879043579,-1.4073400497436523,-2.142712116241455,-2.371575355529785,-1.02012300491333,-1.6755605936050415,-2.72585391998291,-0.09425735473632812,-0.0033446974121034145
-0.01953125,0.3546806573867798,0.469713419675827,0.47489649057388306,0.5782456994056702,0.7550201416015625,1.03362238407135,1.1535027027130127,0.9474804401397705,1.0307015180587769,0.6700245141983032,0.7313967347145081,1.2801764011383057,1.2225465774536133,1.257522463798523,1.441058874130249,1.727482557296753,2.0337982177734375,1.5050773620605469,3.2460880279541016,3.8178508281707764,3.850475311279297,0.9354662895202637,1.0969948768615723,-0.06934046745300293,2.2634477615356445,2.257690906524658,-1.778080701828003,-2.0341854095458984
-0.01263427734375,-0.45167437195777893,-0.5875594615936279,-0.6788414120674133,-0.9922811985015869,-1.0316559076309204,-0.9935756921768188,-1.1753756999969482,-1.3069835901260376,-1.4245327711105347,-1.5947771072387695,-2.005601644515991,-3.3554415702819824,-3.439871072769165,-3.4514029026031494,-3.4736547470092773,-3.384906530380249,-7.767827033996582,-8.366992950439453,-7.0841474533081055,-9.045738220214844,-13.153566360473633,-14.762961387634277,-14.826395988464355,-16.05571746826172,-14.995224952697754,-13.6803560256958,-7.545556545257568,-2.8917782306671143
0.0125732421875,0.28088974952697754,0.1809656023979187,0.29987484216690063,0.4991520643234253,0.6204012036323547,0.9263333082199097,0.910606861114502,0.7919440269470215,0.7719520330429077,0.7733371257781982,0.4948735237121582,0.41546228528022766,0.2998698353767395,0.19474942982196808,0.2901076674461365,-0.3076678216457367,0.22119027376174927,-0.5361025333404541,-1.0763049125671387,-0.19365203380584717,-0.25014030933380127,-2.7933883666992188,-1.082160472869873,-1.5398958921432495,-1.7096967697143555,-2.5281660556793213,-3.248363733291626,-1.6872578859329224
-0.0208740234375,-0.6647600531578064,-0.68919837474823,-0.7785569429397583,-0.9817455410957336,-0.8871381878852844,-0.9951040148735046,-0.6696172952651978,-1.0062731504440308,-0.9836710691452026,-0.6083763837814331,-0.7953464984893799,-1.572041392326355,-1.355370283126831,-1.2791109085083008,-1.337575912475586,-0.9516390562057495,-1.5085914134979248,-1.142450213432312,-2.9086804389953613,-4.376312255859375,-5.230044364929199,-2.662895917892456,-4.159834861755371,-2.983431339263916,-2.9429774284362793,-2.131807804107666,-0.09872490167617798,-0.07039949297904968
0.0233154296875,-0.7726142406463623,-0.8402784466743469,-1.137965440750122,-1.15863037109375,-1.3130120038986206,-1.8161413669586182,-1.8533172607421875,-1.8330351114273071,-1.826905608177185,-1.7146161794662476,-1.7281135320663452,-3.33724045753479,-2.9903690814971924,-3.053086757659912,-3.1106677055358887,-3.377619743347168,-5.486430644989014,-5.295134544372559,-5.0227274894714355,-9.567896842956543,-7.362469673156738,-7.945361137390137,-6.502058029174805,-6.766163349151611,-8.46145248413086,-8.477714538574219,-0.7110966444015503,0.5192475914955139
-0.004669189453125,-0.11780820041894913,-0.15783703327178955,-0.21227659285068512,-0.8982023000717163,-0.9379187822341919,-1.0889519453048706,-1.4962570667266846,-1.8498247861862183,-2.1296188831329346,-2.7306740283966064,-3.3534483909606934,-4.075127601623535,-3.7749533653259277,-4.528895378112793,-5.003772258758545,-5.186516284942627,-6.679797172546387,-8.149991035461426,-9.301316261291504,-11.736615180969238,-15.470830917358398,-14.254125595092773,-17.342756271362305,-18.597381591796875,-19.23586654663086,-20.064476013183594,-17.642194747924805,-6.428279876708984
-0.0361328125,-0.03499313443899155,0.11267607659101486,0.054519906640052795,-0.028677016496658325,0.19335612654685974,0.13900437951087952,0.12683731317520142,0.617504358291626,0.29444172978401184,-0.00020240247249603271,-0.18309623003005981,-0.0540907084941864,-0.69517982006073,-0.3869284987449646,-0.593879222869873,-0.3342193067073822,-0.030506044626235962,-1.0102494955062866,0.30119723081588745,-1.9790070056915283,0.662104606628418,0.9997987747192383,4.5312700271606445,3.616168737411499,4.656459808349609,5.522608757019043,-2.359585762023926,-0.5583887100219727
0.005523681640625,-0.21378591656684875,-0.3019183278083801,-0.2108575850725174,-0.461938738822937,-0.3267171382904053,-0.3350813388824463,-0.321048766374588,-0.1629151701927185,0.01170194149017334,-0.10878446698188782,0.1385871171951294,0.05614656209945679,0.4606377184391022,0.5140359401702881,0.8706525564193726,0.5163784027099609,0.44510018825531006,1.0588860511779785,0.915850043296814,1.4704596996307373,1.2686785459518433,3.616539478302002,1.6386775970458984,1.748905897140503,1.7999351024627686,0.42924702167510986,3.2782862186431885,-0.3196534216403961
0.0238037109375,0.01886395364999771,0.04637499153614044,0.03872136399149895,-0.00863143801689148,0.043224625289440155,0.026134103536605835,-0.015233814716339111,0.07848592102527618,-0.06035465747117996,-0.6470230221748352,-0.4797549843788147,-0.13836437463760376,-0.2965731918811798,-0.14917179942131042,-0.3248906135559082,-0.4690406918525696,-1.5323004722595215,-2.4263434410095215,-2.9100985527038574,0.0420832633972168,0.15581315755844116,0.9359215497970581,-3.2615010738372803,-2.4983105659484863,-2.454106569290161,0.44576478004455566,4.65482234954834,-0.08661148697137833
0.0167236328125,-0.2590387165546417,-0.2284456193447113,-0.06063652038574219,0.08321699500083923,0.08225323259830475,-0.08087675273418427,-0.49882614612579346,-0.8196929693222046,-0.8709831237792969,-0.8513128757476807,-0.7097301483154297,-0.8892425894737244,-0.8254048228263855,-1.039762020111084,-0.915270209312439,-0.5822672843933105,-0.7511540055274963,-1.5169177055358887,-1.8754844665527344,-2.5949182510375977,-2.665034532546997,-3.794574737548828,-2.1362833976745605,-2.478571653366089,-3.8310601711273193,-1.988792061805725,2.144016981124878,1.6243431568145752
0.0498046875,0.04536856338381767,-0.26307108998298645,-0.11200767755508423,0.0722363218665123,-0.36622390151023865,-0.6999372243881226,-0.3780186176300049,-0.8553043603897095,-0.822083055973053,-0.5026524662971497,-0.87068772315979,-1.0710670948028564,-0.5422216057777405,-0.020619213581085205,0.08937397599220276,0.18845976889133453,0.6410850286483765,1.152552843093872,0.4222531318664551,1.7073743343353271,2.498609781265259,2.53629207611084,4.50691032409668,4.3667097091674805,3.377851724624634,-1.646904706954956,-8.121493339538574,-1.2913117408752441
0.0615234375,-0.021270155906677246,0.20234069228172302,0.13232682645320892,0.5391139984130859,0.4989214539527893,0.4684616029262543,0.8948239088058472,1.0232826471328735,0.625540554523468,0.7213902473449707,1.0804551839828491,1.3064789772033691,1.3675642013549805,1.819530963897705,2.1490447521209717,2.911454677581787,2.8015408515930176,3.202763557434082,2.411442279815674,5.867807865142822,5.279501914978027,-0.08671903610229492,-3.6670026779174805,-4.707803726196289,-4.809534072875977,-4.349584579467773,0.576897144317627,0.8863798379898071
-0.010986328125,1.1865769624710083,1.1736148595809937,1.5264153480529785,1.7944087982177734,1.9086430072784424,2.401120185852051,2.512974739074707,2.653937578201294,2.844895362854004,3.131538152694702,3.1033809185028076,5.916867256164551,6.081392765045166,6.139535903930664,6.323727607727051,6.3254547119140625,9.887553215026855,9.830772399902344,12.65427017211914,17.316486358642578,18.268024444580078,16.544519424438477,15.386000633239746,16.606534957885742,17.767852783203125,19.816028594970703,7.416654109954834,2.2933361530303955
-0.02587890625,-0.42213261127471924,-0.3842300772666931,-0.3097057044506073,-0.605796217918396,-0.6696997284889221,-0.9866713881492615,-1.20589280128479,-1.134381890296936,-1.2763513326644897,-1.3279656171798706,-1.2963507175445557,-1.377331018447876,-1.4054982662200928,-1.3056989908218384,-0.8827075958251953,-0.9893633127212524,-2.1983938217163086,-2.255636692047119,-1.1051942110061646,-1.2044373750686646,-1.1749279499053955,-2.386261224746704,-3.265573263168335,-3.002930164337158,0.28542423248291016,0.3863183856010437,2.4636027812957764,0.6410260796546936
-0.037353515625,0.12606483697891235,0.07651353627443314,0.21715456247329712,-0.0856160819530487,-0.340819776058197,-0.3336189389228821,0.05709713697433472,0.11009696125984192,0.083169125020504,0.281436026096344,0.5240240097045898,0.9580678343772888,1.0965368747711182,1.2528072595596313,0.8991007804870605,0.7877658605575562,1.7985461950302124,1.7022955417633057,-0.2540808916091919,-0.8785055875778198,-4.584803104400635,-5.816676139831543,-4.1831769943237305,-3.538802146911621,-4.8689045906066895,-6.714056491851807,-1.4968799352645874,-0.35254761576652527
-0.046875,-0.759782612323761,-0.8571414947509766,-0.894466757774353,-0.9079373478889465,-0.780299186706543,-0.7969804406166077,-0.9611408114433289,-1.2492854595184326,-1.339310646057129,-1.2709267139434814,-1.2220293283462524,-2.4586119651794434,-2.312114953994751,-2.505784273147583,-2.7476675510406494,-2.8421003818511963,-4.177402019500732,-5.316719055175781,-6.394296169281006,-8.312498092651367,-7.587614059448242,-11.99630355834961,-13.84956169128418,-14.20886516571045,-13.757295608520508,-15.181156158447266,-3.3484911918640137,-2.096320390701294
0.04345703125,0.6008810997009277,0.6261336207389832,0.7293287515640259,0.8663809299468994,0.8493342995643616,1.1488252878189087,1.2927805185317993,1.16805899143219,1.3461580276489258,1.4495664834976196,1.3765047788619995,2.3151028156280518,2.178654432296753,2.2079200744628906,2.2090821266174316,2.2590126991271973,3.361917734146118,3.1484341621398926,1.9925029277801514,5.467182159423828,2.872246265411377,3.234072685241699,5.201712608337402,6.065781593322754,5.9537434577941895,4.367049694061279,0.5561919212341309,-0.999726414680481
0.025390625,0.18803688883781433,0.37386736273765564,0.7015228271484375,0.6116804480552673,0.5538672208786011,0.6806713342666626,0.6443829536437988,0.7337987422943115,0.8743190169334412,0.81109219789505,0.7996245622634888,2.091057062149048,2.083296298980713,2.0510427951812744,2.0526976585388184,1.9761003255844116,3.9167251586914062,3.7713751792907715,4.547152519226074,5.1354289054870605,6.4895172119140625,9.262777328491211,9.344327926635742,8.89036750793457,8.565019607543945,8.476442337036133,2.752159595489502,-0.14851798117160797
0.0020294189453125,-0.32226723432540894,-0.3997400104999542,-0.5753020644187927,-0.9723884463310242,-0.7346530556678772,-1.1286357641220093,-1.166250467300415,-1.1364511251449585,-1.0975151062011719,-1.1003464460372925,-1.0850483179092407,-1.9565333127975464,-1.9842123985290527,-1.6439942121505737,-1.9320058822631836,-1.8933274745941162,-3.75540828704834,-4.093486785888672,-5.641090393066406,-4.777286529541016,-9.86086654663086,-10.111333847045898,-11.798310279846191,-13.265138626098633,-14.315855979919434,-12.983196258544922,2.333221912384033,1.3653008937835693
-0.054443359375,-0.3134864568710327,-0.508468747138977,-0.14921045303344727,-0.08389262109994888,0.03621193766593933,0.19884061813354492,0.18984611332416534,-0.12713134288787842,0.19829577207565308,0.024473607540130615,-0.22685813903808594,-0.4822847247123718,-0.4143892824649811,-0.5261142253875732,-0.15502741932868958,-0.298877090215683,-1.764112949371338,-2.581810235977173,-3.1692397594451904,-4.0190887451171875,-6.958308696746826,-6.098467826843262,-8.88137149810791,-11.459473609924316,-10.97493839263916,-11.71334457397461,-6.764988422393799,-1.4789165258407593
-0.0145263671875,0.767333984375,1.014674186706543,1.1578961610794067,1.4190436601638794,1.8148679733276367,2.172840118408203,2.1013314723968506,2.1253745555877686,2.1490843296051025,2.169795274734497,1.68549382686615,2.3589868545532227,2.2874603271484375,1.9668705463409424,1.9392606019973755,1.8050730228424072,3.502451181411743,3.806497812271118,4.6909050941467285,6.26845645904541,11.129687309265137,15.502948760986328,14.66772174835205,15.434349060058594,15.447646141052246,15.248027801513672,2.622939348220825,-0.8414726853370667
0.0439453125,0.001376807689666748,0.18356408178806305,0.21758469939231873,0.07333120703697205,0.08857616782188416,0.05512649938464165,0.21361878514289856,0.6310694217681885,0.9465596675872803,1.059341549873352,1.9029550552368164,2.212460994720459,2.277069330215454,3.19464111328125,3.1245644092559814,3.7089767456054688,4.803031921386719,7.976535797119141,8.906705856323242,10.380599021911621,11.274807929992676,15.359600067138672,15.845932006835938,14.140290260314941,15.537321090698242,16.423782348632812,17.42130470275879,6.641873836517334
-0.053466796875,-0.36432480812072754,-0.3398140072822571,-0.41802161931991577,-0.31584566831588745,-0.5337768793106079,-0.7285162806510925,-0.6675046682357788,-0.9919359683990479,-1.139691948890686,-1.290974736213684,-2.5681371688842773,-2.795491933822632,-2.927124500274658,-3.183384418487549,-3.7673678398132324,-4.1287946701049805,-4.624242782592773,-7.012711524963379,-10.12997817993164,-13.994064331054688,-15.2650728225708,-18.326385498046875,-21.125350952148438,-21.418651580810547,-25.588394165039062,-25.892488479614258,-26.972036361694336,-7.945547103881836
0.029052734375,0.008812367916107178,0.0928446352481842,0.038946427404880524,-0.09655137360095978,-0.20679041743278503,-0.2898499071598053,-0.2913971543312073,-0.42107337713241577,-0.4955052137374878,-0.3769957423210144,-0.4027642607688904,-0.48507386445999146,-0.44623392820358276,-0.5830385088920593,-0.1472177505493164,-0.17189094424247742,-0.46486103534698486,-0.9100829362869263,-1.7372742891311646,-2.343575954437256,-3.930563449859619,-4.78806734085083,-5.293680191040039,-5.147411823272705,-5.6635894775390625,-5.707387924194336,-4.614470958709717,-1.9998139142990112
-0.00811767578125,-0.27898409962654114,-0.41670265793800354,-0.48560115694999695,-0.4835151433944702,-0.21703723073005676,-0.24614134430885315,-0.06876105070114136,-0.7303785085678101,-0.4284594655036926,-0.3049503564834595,-0.8812977075576782,-0.7229682803153992,-0.491138219833374,-0.3457229435443878,0.09978029131889343,-0.10952909290790558,-0.37375181913375854,0.13055956363677979,-1.362385869026184,-1.8225840330123901,-3.4893388748168945,-7.416299819946289,-7.0974507331848145,-7.794867992401123,-10.908914566040039,-7.235299110412598,-5.443708896636963,-2.6249537467956543
0.023193359375,0.033191993832588196,0.010021954774856567,-0.030368410050868988,0.11723475158214569,0.07129386067390442,-0.08512111008167267,0.035108134150505066,0.03164702653884888,0.19098211824893951,-0.24102193117141724,-0.18968209624290466,-0.048716962337493896,0.1312696933746338,-0.33908534049987793,-0.5299441814422607,-0.9935643672943115,-1.443041205406189,-2.1404571533203125,-1.908273458480835,-2.263939619064331,0.04973602294921875,-1.2429739236831665,-1.860600471496582,-0.06376224756240845,1.3371999263763428,5.772300720214844,1.8754100799560547,-0.6599640846252441
-0.006195068359375,-0.2791176438331604,-0.20743724703788757,-0.5114814043045044,-0.682455837726593,-0.7649702429771423,-0.962868869304657,-0.7241585850715637,-0.7787028551101685,-0.8606248497962952,-0.49889472126960754,-0.5088441371917725,-1.9194834232330322,-2.146754503250122,-2.1883440017700195,-1.8503055572509766,-2.0028727054595947,-3.0436747074127197,-3.172903537750244,-3.978036880493164,-4.464704513549805,-6.931150436401367,-8.485660552978516,-9.22697925567627,-8.542662620544434,-6.279388904571533,-5.361856460571289,-4.374701023101807,-1.4342255592346191
-0.0498046875,-0.12748347222805023,-0.029707513749599457,-0.15905806422233582,-0.12217555195093155,0.09178762137889862,0.10610668361186981,0.22684431076049805,0.3401893675327301,0.4962618947029114,0.24085140228271484,0.20292282104492188,0.3321591913700104,0.0598369836807251,-0.08296163380146027,-0.41881000995635986,-0.5982295274734497,-0.6976693272590637,0.1500048041343689,0.7857356071472168,-1.2866690158843994,-1.027113914489746,-3.0688817501068115,-1.5614714622497559,-1.385176658630371,-0.39758262038230896,1.9941942691802979,4.5095953941345215,0.10918007791042328
-0.020263671875,0.4795921742916107,0.4402252435684204,0.6112438440322876,0.6411042809486389,0.41024288535118103,0.8653004169464111,1.0729961395263672,0.9023288488388062,1.0897241830825806,1.5099480152130127,2.027894973754883,3.388502359390259,3.259281635284424,3.5492749214172363,3.1544320583343506,3.3295609951019287,5.567814350128174,5.053103923797607,5.298962593078613,7.6022491455078125,10.605127334594727,9.061458587646484,10.16540241241455,10.997773170471191,11.253581047058105,12.289019584655762,2.6151697635650635,2.1612071990966797
-0.0111083984375,0.08134787529706955,-0.05352059751749039,-0.13918152451515198,0.13349464535713196,-0.3562929034233093,-0.5813015699386597,-0.6314403414726257,-1.015418529510498,-0.7645769119262695,-0.7902265787124634,-1.4598519802093506,-1.6611326932907104,-1.6527678966522217,-1.8567230701446533,-2.003718137741089,-1.5516126155853271,-2.5478084087371826,-2.053189516067505,-2.2774124145507812,-1.29640531539917,-3.567014217376709,0.7921299934387207,1.6572339534759521,1.054891586303711,-0.4344356060028076,0.16760480403900146,2.8243210315704346,0.7835544943809509
0.0032806396484375,-0.10909637808799744,-0.16570687294006348,0.0516606867313385,-0.06929202377796173,0.03887207806110382,0.028916552662849426,-0.024663768708705902,0.12096534669399261,0.07280335575342178,0.06108716130256653,-0.06927657872438431,0.39232301712036133,0.4559630751609802,0.42746615409851074,0.20107896625995636,0.15050622820854187,0.6790386438369751,0.49145540595054626,1.012648582458496,1.0026220083236694,2.729095458984375,1.4107848405838013,0.7042922973632812,1.2787542343139648,2.638840913772583,4.535419464111328,4.579685211181641,1.24257493019104
-0.057373046875,0.3079701364040375,0.46231934428215027,0.6384589076042175,0.7745873928070068,1.1117174625396729,1.5827577114105225,1.8060863018035889,1.1853973865509033,0.825695276260376,1.3008798360824585,2.129542112350464,2.340927839279175,2.6136817932128906,2.2147483825683594,2.3115029335021973,2.566164493560791,3.177597999572754,3.6321258544921875,4.835361003875732,5.117138862609863,4.138040542602539,3.531440496444702,6.458627223968506,6.389596939086914,7.76776647567749,10.383517265319824,13.821102142333984,2.741844892501831
-0.048828125,0.2986519932746887,0.4221647381782532,0.4028034508228302,0.2893545627593994,0.35933631658554077,0.31189262866973877,0.1447712481021881,0.08233620226383209,0.33027058839797974,0.3468013107776642,0.2537205219268799,0.8594426512718201,0.7340798377990723,0.40611737966537476,0.21976366639137268,0.12257921695709229,0.46248048543930054,1.230431318283081,0.6718457341194153,3.949265480041504,2.8977246284484863,4.205573558807373,6.002918243408203,7.511739253997803,7.9287638664245605,10.14601993560791,1.712232232093811,-0.3704591393470764
-0.001434326171875,0.323026180267334,0.45060133934020996,0.5466957092285156,0.5573362112045288,0.39847037196159363,0.31402838230133057,0.20373588800430298,-0.02501605451107025,-0.46972858905792236,-0.31198281049728394,-0.9973392486572266,-1.415976643562317,-1.4574540853500366,-1.8926918506622314,-1.906197190284729,-2.6150968074798584,-2.4724233150482178,-4.836137294769287,-6.715850830078125,-9.54867172241211,-11.08597183227539,-12.748366355895996,-13.879193305969238,-18.074247360229492,-21.41630744934082,-25.299571990966797,-25.810518264770508,-8.247547149658203
0.025390625,0.06198887154459953,-0.05703501030802727,-0.1655382215976715,-0.16043421626091003,-0.36768922209739685,-0.467462420463562,-0.34058070182800293,-0.6836013793945312,-0.37932634353637695,-0.5476149320602417,-0.4902607500553131,-0.6151151657104492,-0.5580683350563049,-0.2730613052845001,-0.5733383893966675,-0.8097371459007263,-0.5416746139526367,-0.8033767938613892,-1.2426269054412842,0.8124836683273315,-1.8009787797927856,-1.3379244804382324,-3.2021641731262207,-0.9762628078460693,-0.7915570139884949,-1.2981045246124268,-5.316632270812988,-1.1056486368179321
0.0277099609375,0.05491895228624344,-0.053550004959106445,0.046879515051841736,-0.04982258006930351,-0.03444806486368179,0.01996290683746338,0.14996516704559326,0.04847174137830734,0.36964088678359985,0.26848962903022766,0.1263338178396225,0.7612242102622986,0.6490367650985718,1.0087177753448486,0.5474008321762085,2.1263413429260254,1.3469610214233398,2.431471347808838,1.5763227939605713,2.7307653427124023,3.2747104167938232,2.240950345993042,1.4733848571777344,3.490115165710449,4.873645782470703,4.905964374542236,5.672730922698975,1.145500659942627
0.02294921875,-0.3565463721752167,-0.36491814255714417,-0.4677218198776245,-0.7517687082290649,-0.8152531981468201,-0.9731988310813904,-0.8674038648605347,-1.0183035135269165,-0.9361234903335571,-0.917143702507019,-0.9843737483024597,-2.34714937210083,-2.132180690765381,-2.470599412918091,-2.325599193572998,-2.4057321548461914,-5.781991958618164,-4.612838268280029,-6.039893627166748,-7.193269729614258,-10.897796630859375,-15.236495971679688,-13.906851768493652,-13.542071342468262,-16.494882583618164,-18.38654327392578,-4.247094631195068,-0.437142014503479
-0.0031585693359375,-0.6207290887832642,-0.6138787865638733,-0.6183799505233765,-1.1123909950256348,-1.1667383909225464,-1.471430778503418,-1.7109606266021729,-1.672436237335205,-1.6961212158203125,-1.9190704822540283,-1.5309072732925415,-2.4040231704711914,-2.1848320960998535,-2.1071834564208984,-1.7917848825454712,-1.9569083452224731,-1.9235618114471436,-0.46645867824554443,-1.4440021514892578,-2.759835720062256,-4.688608169555664,-4.952938079833984,-8.39352798461914,-9.57290267944336,-11.201591491699219,-10.521476745605469,-9.002421379089355,-2.8533103466033936
-0.01556396484375,-0.474163293838501,-0.5147739052772522,-0.6019272804260254,-0.9142146110534668,-1.2102571725845337,-1.620851755142212,-1.763162612915039,-1.9694236516952515,-2.0366158485412598,-2.3565115928649902,-1.9146647453308105,-3.514979839324951,-3.800050735473633,-3.621079444885254,-3.706878662109375,-3.8946712017059326,-6.510298252105713,-6.516821384429932,-7.348100185394287,-9.604646682739258,-10.981354713439941,-9.766319274902344,-10.079604148864746,-9.50046443939209,-9.913131713867188,-6.911867618560791,1.9948759078979492,0.2719116806983948
-0.0224609375,0.1441580057144165,0.4710678458213806,0.6525760293006897,0.7967811822891235,0.9147274494171143,1.0238094329833984,1.3369524478912354,1.7690633535385132,1.6610980033874512,1.6722955703735352,1.8487629890441895,2.224071502685547,2.321150541305542,2.1515309810638428,2.2516043186187744,2.6612548828125,3.5482118129730225,3.217337131500244,4.527351379394531,6.70144510269165,8.627119064331055,7.1881794929504395,7.114320755004883,6.652717590332031,7.171440601348877,6.898554801940918,-0.4801371097564697,0.6755089163780212
-0.01153564453125,0.41453173756599426,0.4765244722366333,0.6294888257980347,0.7162224054336548,0.6759269833564758,1.3580143451690674,1.4320309162139893,1.4881234169006348,1.3630743026733398,1.4019498825073242,1.3566303253173828,2.504948377609253,2.319415330886841,2.393894672393799,2.5241332054138184,2.664353609085083,2.8168225288391113,3.317427635192871,3.3287880420684814,3.4715516567230225,4.166732311248779,5.266078472137451,6.003923416137695,5.887221336364746,6.0693864822387695,6.566260814666748,2.3968772888183594,1.009770154953003
0.01611328125,0.018794067203998566,0.0017543956637382507,-0.0317179337143898,0.1868373155593872,0.10124731063842773,0.28362536430358887,0.570425271987915,0.788143515586853,0.4711192846298218,0.6737816333770752,0.6534477472305298,0.9639098644256592,0.1286989450454712,0.622948408126831,0.635816216468811,1.3543779850006104,0.7967424988746643,0.07928997278213501,1.8255926370620728,2.014488458633423,4.1870527267456055,9.738821029663086,11.689887046813965,12.3511381149292,11.784153938293457,12.693885803222656,14.96829891204834,4.363133907318115
-0.0341796875,0.037921737879514694,-0.011178988963365555,0.16302675008773804,0.1437339037656784,-0.0008022412657737732,-0.09829145669937134,-0.15218964219093323,-0.21633851528167725,-0.08843106031417847,0.04873839020729065,-0.05139385536313057,0.5187753438949585,0.46589410305023193,0.2791970372200012,0.14003750681877136,0.31880393624305725,1.3687965869903564,1.67315673828125,2.696270704269409,2.103754997253418,3.190099000930786,0.21598505973815918,0.8274331092834473,1.1858924627304077,1.683807134628296,2.941523313522339,1.8521169424057007,2.8567392826080322
-0.042236328125,0.22849586606025696,0.19160808622837067,0.4428258538246155,0.5586951375007629,0.30913233757019043,0.5110256671905518,0.7854484915733337,0.9260213971138,1.092514157295227,1.282872200012207,1.5914089679718018,1.0220603942871094,0.7937762141227722,0.5330466628074646,1.0394272804260254,1.437708854675293,2.364630699157715,1.225675344467163,1.7080729007720947,2.1644444465637207,4.112725734710693,3.8436574935913086,5.323415756225586,6.100037097930908,6.389825344085693,13.44336223602295,14.526090621948242,3.0238113403320312
0.017333984375,0.33026349544525146,0.41894450783729553,0.4627261161804199,0.6523390412330627,0.8196336030960083,0.8980426788330078,1.1247646808624268,1.2619335651397705,1.4504631757736206,1.4606064558029175,1.9974586963653564,3.865889072418213,4.249594211578369,3.913156509399414,4.120734691619873,3.646146059036255,5.112605094909668,5.120510101318359,4.380161762237549,8.131632804870605,8.867403030395508,9.088809967041016,9.442497253417969,7.938810348510742,8.624462127685547,8.559911727905273,4.4794392585754395,1.384774088859558
-0.06103515625,-0.17890608310699463,-0.20415925979614258,-0.49031418561935425,-0.4649830758571625,-0.5244647860527039,-0.43739819526672363,-0.5599879026412964,-0.6381222009658813,-0.6966861486434937,-1.1353192329406738,-0.5142573714256287,-0.9593144655227661,-1.56255304813385,-1.5619921684265137,-1.506995439529419,-1.2476377487182617,-0.1961146593093872,-0.6748213768005371,-1.6662709712982178,-2.6081151962280273,-2.5234694480895996,-1.160905122756958,0.3094160556793213,1.5457911491394043,0.09112882614135742,3.840733051300049,-1.068193793296814,-0.2513701021671295
0.0025177001953125,0.3242229223251343,0.19930987060070038,0.38343891501426697,0.31635159254074097,0.4887734055519104,0.3883868455886841,1.051841378211975,0.7446694374084473,1.3195428848266602,1.565265417098999,1.077542781829834,1.3460969924926758,1.0981407165527344,1.5011460781097412,1.4153773784637451,1.4948043823242188,3.2058730125427246,4.579559326171875,5.2094950675964355,5.146661758422852,9.918218612670898,9.522553443908691,11.994380950927734,10.892682075500488,12.295193672180176,13.130833625793457,11.776020050048828,2.6322250366210938
0.0277099609375,-0.0908643901348114,-0.06164573132991791,0.17387494444847107,0.016226723790168762,0.2831743061542511,0.6338505744934082,0.8676924705505371,0.9728942513465881,0.9990017414093018,1.4150406122207642,1.7515175342559814,1.8818508386611938,2.4915852546691895,2.7549242973327637,3.114135265350342,3.0179810523986816,4.809647083282471,5.67060661315918,5.763411521911621,6.01870584487915,6.087143898010254,5.351941108703613,3.841796398162842,3.6746253967285156,3.1749510765075684,2.5013625621795654,3.314232587814331,-0.5027961730957031
0.031494140625,-0.01245034858584404,-0.05552992969751358,-0.1519595980644226,-0.5790108442306519,-0.6740254163742065,-0.5505729913711548,-0.34409743547439575,-1.032357931137085,-0.7810744047164917,-1.314658284187317,-1.1447820663452148,-1.8052822351455688,-1.7120064496994019,-1.82709538936615,-1.6747143268585205,-2.009884834289551,-2.2185592651367188,-2.9141781330108643,-3.267158269882202,-6.964098930358887,-7.936950206756592,-8.67627239227295,-8.19128131866455,-10.717120170593262,-12.574068069458008,-12.433958053588867,-15.35723876953125,-5.650681495666504
-0.001739501953125,-0.2119613140821457,-0.367164671421051,-0.5932027697563171,-0.831713080406189,-0.8626965284347534,-1.2566752433776855,-1.1894431114196777,-1.234124779701233,-1.04287588596344,-1.0250251293182373,-1.0494434833526611,-1.6167677640914917,-1.626822829246521,-2.0590152740478516,-2.1390271186828613,-2.3277435302734375,-2.6932504177093506,-2.9007728099823,-4.378523826599121,-6.059323310852051,-8.05012321472168,-9.150514602661133,-9.281962394714355,-9.416532516479492,-10.011066436767578,-10.093753814697266,-1.5258803367614746,-1.0260628461837769
0.0089111328125,1.0474854707717896,1.204854130744934,1.5656075477600098,1.7342017889022827,1.4616578817367554,1.8600077629089355,1.776300072669983,2.0153400897979736,1.9150582551956177,1.9577503204345703,2.148860216140747,3.4507739543914795,3.4532830715179443,3.5613889694213867,3.4116952419281006,3.1059937477111816,4.738347053527832,4.689057350158691,4.835755348205566,5.761573314666748,8.098466873168945,8.813040733337402,9.28249454498291,8.241454124450684,9.114948272705078,9.233390808105469,2.3402485847473145,-0.07452110201120377
-0.01031494140625,-0.009126100689172745,-0.10289384424686432,-0.1623188704252243,-0.2312624156475067,-0.13907521963119507,-0.03186517953872681,-0.12497806549072266,-0.3852554261684418,-0.5026562213897705,-0.35627302527427673,-0.4227873980998993,-1.0791957378387451,-1.159446358680725,-1.4132970571517944,-1.1315343379974365,-1.1071922779083252,-1.671482801437378,-1.431317687034607,-3.281259536743164,-4.359086990356445,-6.792220115661621,-4.974564075469971,-4.397436618804932,-3.306884288787842,-0.11006665229797363,-2.56314754486084,1.6253817081451416,0.8414661288261414
-0.000537872314453125,0.1295081377029419,0.15219882130622864,-0.04926086217164993,0.09469511359930038,0.24511414766311646,-0.24744530022144318,-0.37646275758743286,-0.4360807240009308,-0.8057034015655518,-1.1065787076950073,-1.3628205060958862,-1.1768591403961182,-0.8148514032363892,-0.9753642082214355,-1.0459506511688232,-0.6973105669021606,-0.49920201301574707,0.3366358280181885,-0.33859002590179443,1.574775218963623,1.7285337448120117,3.439976453781128,2.7223753929138184,4.695367813110352,4.245449542999268,5.39957332611084,5.533510684967041,2.506803512573242
-0.00604248046875,-0.5958677530288696,-0.5272606611251831,-0.5635984539985657,-0.8949335813522339,-1.050877571105957,-1.0158103704452515,-0.9751689434051514,-1.0395383834838867,-1.0408079624176025,-0.7350139021873474,-0.8065443634986877,-1.6698273420333862,-1.4759140014648438,-1.189019799232483,-0.9678547382354736,-1.0318387746810913,-2.14284086227417,-1.463997721672058,-3.6494877338409424,-0.7253541946411133,-6.080593109130859,-4.515745639801025,-8.084650039672852,-7.792909622192383,-7.914793491363525,-7.322577476501465,4.303997039794922,1.4181444644927979
-0.006072998046875,-0.5122221112251282,-0.543777585029602,-0.8170518279075623,-1.2419459819793701,-1.503525733947754,-1.9057196378707886,-2.0792083740234375,-2.4436371326446533,-2.4982221126556396,-2.4667913913726807,-3.750943422317505,-4.387914657592773,-4.911351680755615,-4.901998996734619,-5.010547161102295,-5.689398288726807,-8.822372436523438,-8.597972869873047,-7.9357218742370605,-11.0877685546875,-9.672224044799805,-11.572735786437988,-12.745351791381836,-11.812214851379395,-11.133176803588867,-9.906899452209473,-1.5727049112319946,-1.066550612449646
-0.003997802734375,-0.11795254796743393,-0.09758112579584122,-0.07994937896728516,-0.16128554940223694,0.06993934512138367,-0.0370892733335495,0.06477314233779907,0.2537792921066284,0.36096692085266113,-0.12461867928504944,0.24086222052574158,-0.05132349580526352,-0.15717017650604248,-0.18663059175014496,0.10196846723556519,0.06927181035280228,0.4014526605606079,0.7722804546356201,2.0211353302001953,-0.8306276798248291,1.4658266305923462,2.1487479209899902,1.453082799911499,1.3298475742340088,1.4326567649841309,0.6918872594833374,-2.188354015350342,-0.05864714831113815
0.01806640625,0.0446171797811985,0.021389491856098175,-0.17784276604652405,-0.13431982696056366,0.03528305143117905,0.41093939542770386,0.2344755083322525,0.3724842667579651,-0.04312717169523239,0.10437394678592682,0.04722893238067627,-0.5436055660247803,-0.5283262729644775,-0.9543232321739197,-0.920458972454071,-0.04457545280456543,0.05701249837875366,0.11191964149475098,1.7198783159255981,1.400890588760376,3.088508367538452,3.5920581817626953,2.3597464561462402,2.7268857955932617,0.9727329015731812,-1.1081860065460205,1.1998542547225952,-0.02097184956073761
0.007659912109375,0.12774980068206787,0.225540429353714,0.33015936613082886,0.10906803607940674,-0.16034096479415894,-0.5640572905540466,-0.31554898619651794,-0.7711917161941528,0.03995823860168457,-0.6304516792297363,-0.9286900162696838,-1.2169501781463623,-1.3749840259552002,-1.411755084991455,-0.9887797832489014,-1.4763894081115723,-2.430032253265381,-1.944140076637268,-3.6581544876098633,-5.0417160987854,-7.874250411987305,-11.226551055908203,-9.361648559570312,-11.165116310119629,-11.63650131225586,-11.997135162353516,-13.819636344909668,-4.254675388336182
-0.000308990478515625,-0.10770319402217865,-0.15343868732452393,-0.28934773802757263,-0.3503474295139313,-0.34253090620040894,-0.3686080873012543,-0.5855201482772827,-0.5507822632789612,-0.5745752453804016,-0.8116289973258972,-0.7349326014518738,-1.0564314126968384,-0.9723130464553833,-0.7843190431594849,-0.8586727380752563,-0.9081931114196777,-1.1191153526306152,0.23809313774108887,0.5909919142723083,1.1865551471710205,-0.43763256072998047,-0.22415250539779663,0.35054850578308105,0.25580263137817383,-1.6184014081954956,-2.141683578491211,-7.287896633148193,0.08500511944293976
-0.0081787109375,0.7394473552703857,0.9550375938415527,1.160498023033142,1.7536354064941406,2.174478769302368,2.936429738998413,2.7089760303497314,2.845428943634033,2.8092174530029297,3.119837522506714,2.8415424823760986,4.285536766052246,4.478383541107178,4.363777160644531,4.446228504180908,4.545961856842041,8.065814018249512,8.450693130493164,10.020820617675781,9.687445640563965,16.178970336914062,15.404540061950684,14.82637882232666,15.650918006896973,15.525351524353027,18.261350631713867,1.5949831008911133,0.8384435772895813
-0.01080322265625,-0.3639335036277771,-0.3462797999382019,-0.722748875617981,-0.6763430833816528,-0.5672813653945923,-0.5936804413795471,-0.8382233381271362,-1.15924870967865,-1.045881986618042,-1.1110554933547974,-1.2007054090499878,-1.843492031097412,-1.6218278408050537,-2.139272689819336,-2.3080015182495117,-2.377134084701538,-4.410984039306641,-4.832898139953613,-4.351694107055664,-5.427285671234131,-6.599921703338623,-9.551136016845703,-7.85709810256958,-8.639471054077148,-7.131659507751465,-5.592861652374268,-2.745504856109619,-0.979153573513031
-0.0194091796875,0.07036710530519485,0.20380863547325134,-0.08514438569545746,-0.22188252210617065,-0.24315613508224487,-0.25381243228912354,-0.5610273480415344,-0.7565300464630127,-0.6662791967391968,-0.6430262327194214,-0.22030043601989746,-0.37715038657188416,-0.10004442930221558,-0.1657389998435974,-0.22595205903053284,-0.15642580389976501,-0.010632485151290894,-0.7084624767303467,-1.000257134437561,2.063352108001709,2.297346353530884,3.5563580989837646,4.302674770355225,1.288387656211853,1.0030646324157715,-0.03120243549346924,-0.2945976257324219,-0.43518853187561035
-0.00567626953125,-0.42383459210395813,-0.4364125728607178,-0.3220553398132324,-0.3614361882209778,-0.5143550038337708,-0.7983381152153015,-1.390546202659607,-1.0624723434448242,-0.8227365612983704,-1.4915540218353271,-1.2308868169784546,-1.2983219623565674,-1.4246258735656738,-1.4347560405731201,-1.8134993314743042,-1.5206483602523804,-2.2976584434509277,-4.138142108917236,-5.241836071014404,-3.558290958404541,-5.344225883483887,-2.9561026096343994,-8.364534378051758,-8.756678581237793,-7.580327033996582,-2.981651782989502,8.069265365600586,2.3417305946350098
-0.03857421875,-0.04387804865837097,-0.03328835591673851,0.1486208438873291,0.28528714179992676,0.41037237644195557,0.2782272696495056,0.2661767899990082,0.27649226784706116,0.23381119966506958,0.038028642535209656,-0.11819461733102798,-0.6734731197357178,-0.9935309886932373,-0.946690022945404,-0.800192654132843,-0.538661777973175,-1.4134869575500488,-1.6461106538772583,-2.318004608154297,-6.25560188293457,-4.2055745124816895,-2.655703067779541,-4.200776100158691,-4.323081970214844,-2.1534276008605957,-3.3594298362731934,0.3173086643218994,0.006769458297640085
0.0311279296875,0.45671164989471436,0.446542352437973,0.4613580107688904,0.4663451313972473,0.6124132871627808,1.176660418510437,0.859079122543335,1.067069411277771,0.8663613796234131,1.1928322315216064,1.171286940574646,1.6473140716552734,1.874791145324707,1.6904044151306152,1.9548275470733643,1.677269697189331,2.246683120727539,2.230398178100586,2.8205618858337402,2.229522228240967,1.9601131677627563,1.7679164409637451,0.28156137466430664,1.5511891841888428,2.723461627960205,2.548314332962036,-6.479256629943848,-1.3547791242599487
0.011962890625,0.04120023548603058,0.06648905575275421,-0.03432007133960724,-0.0528298020362854,-0.06387912482023239,0.10139162838459015,-0.21020761132240295,-0.26770126819610596,0.23457175493240356,0.323316752910614,-0.44469231367111206,-1.1595141887664795,-0.5761226415634155,-0.8000621795654297,-0.7352657318115234,-1.1470074653625488,-2.6454336643218994,-3.1009163856506348,-4.413872718811035,-6.222869873046875,-9.334114074707031,-11.83743667602539,-10.853002548217773,-9.979785919189453,-8.417022705078125,-8.03697681427002,-0.4009823799133301,0.365262895822525
0.0203857421875,-0.09092603623867035,-0.13735148310661316,0.04089266061782837,-0.01713770627975464,-0.35504692792892456,0.1996520459651947,-0.5033547282218933,-1.0373027324676514,-1.0975011587142944,-0.7406293153762817,-0.3325369358062744,-0.6918562054634094,-0.6989405155181885,-0.6863793134689331,-0.4999178647994995,0.1566091775894165,-0.24487505853176117,0.37297677993774414,-0.12708479166030884,-2.60668683052063,-4.876533508300781,-7.126760005950928,-8.425568580627441,-8.12321662902832,-10.19049072265625,-8.750127792358398,-2.9994213581085205,-0.7871208786964417
0.0108642578125,0.033550553023815155,0.16732220351696014,0.2829354405403137,0.10358619689941406,0.015611961483955383,0.04375255107879639,0.16702888906002045,0.3898633122444153,0.4677729904651642,0.8239963054656982,0.4944407343864441,1.065024495124817,1.209681510925293,1.509143590927124,2.077706813812256,2.7648847103118896,3.1327521800994873,4.969839096069336,6.633892059326172,7.342491626739502,7.653855800628662,8.101015090942383,10.114870071411133,9.318449974060059,9.155841827392578,5.147092819213867,2.265410900115967,0.25903233885765076
-0.002288818359375,0.011534757912158966,0.059202890843153,0.15634483098983765,0.15403330326080322,-0.10356074571609497,0.10780244320631027,-0.08949355781078339,0.6051591634750366,0.4142531454563141,-0.10077041387557983,-0.23701944947242737,-1.0050586462020874,-0.8827336430549622,-0.8891351222991943,-1.2504477500915527,-1.1797467470169067,-2.325875997543335,-3.433805227279663,-1.5749702453613281,-5.6136956214904785,-6.827579975128174,-11.06540298461914,-14.44867992401123,-15.907234191894531,-14.083342552185059,-16.368995666503906,-15.508244514465332,-2.8726966381073
-0.041015625,-0.0844094306230545,-0.06642700731754303,0.14694467186927795,0.36957430839538574,0.04831749200820923,0.05701112002134323,-0.21668919920921326,0.09575791656970978,-0.1709366887807846,-0.34860244393348694,-0.5822473764419556,-0.914253830909729,-1.1085381507873535,-1.152941107749939,-1.256331205368042,-1.4929876327514648,-2.1247124671936035,-2.628117322921753,-3.6236257553100586,-4.7168288230896,-3.8024561405181885,-3.9786229133605957,-3.6450023651123047,-3.9207301139831543,-0.9758667945861816,-3.6060538291931152,-5.727883815765381,-2.037625551223755
-0.0234375,0.7212631106376648,1.064315915107727,1.2370685338974,1.5480320453643799,1.5694328546524048,2.0184383392333984,1.9125573635101318,1.5703282356262207,1.7983046770095825,1.824872612953186,1.8567451238632202,3.1713597774505615,2.9285292625427246,2.9336140155792236,3.016122817993164,2.607686758041382,3.583777904510498,4.450707912445068,5.625576019287109,6.8241987228393555,8.4705171585083,9.998689651489258,11.388093948364258,12.480748176574707,12.81840705871582,14.557754516601562,0.7493720054626465,-0.2843758761882782
0.0150146484375,0.11152277886867523,-0.01759473979473114,-0.21835453808307648,0.05797451734542847,0.25680017471313477,0.492788702249527,0.3352935314178467,0.001035541296005249,-0.16810394823551178,-0.3013443350791931,0.16982489824295044,0.1081799566745758,-0.09018302708864212,0.06271414458751678,0.27312934398651123,-0.4673970937728882,-0.49932610988616943,-0.9834452867507935,-1.2775847911834717,-2.2612156867980957,-1.4103648662567139,0.18487930297851562,-0.792732834815979,-2.0462446212768555,-4.115318298339844,-5.447306156158447,-8.299516677856445,-3.204735517501831
-0.01043701171875,0.16585612297058105,0.1340605914592743,0.3211267292499542,0.12969490885734558,0.25878942012786865,0.43105900287628174,0.4178708791732788,0.1383885145187378,0.5497838854789734,0.5262033939361572,0.8659465909004211,0.8818390369415283,1.0614492893218994,1.4709649085998535,0.9143193960189819,1.1461501121520996,0.5863226056098938,0.4641507863998413,0.9177253842353821,2.818025827407837,0.4853684902191162,1.0333034992218018,-3.0511560440063477,0.07865965366363525,-2.579918622970581,-1.5295089483261108,0.537786602973938,0.3078489899635315
-0.006439208984375,0.12423915416002274,0.17368249595165253,0.010111019015312195,0.05176684632897377,-0.22184517979621887,-0.34852486848831177,-0.40596017241477966,-0.9645570516586304,-0.8280006647109985,-0.7790507674217224,0.36151766777038574,0.3019506335258484,0.6165613532066345,0.0023449957370758057,-0.0018050074577331543,0.7549183368682861,0.15131086111068726,0.9548847675323486,2.7750473022460938,4.240371227264404,2.8706655502319336,4.872054576873779,2.987170457839966,1.8989745378494263,2.5865561962127686,0.8727006912231445,-0.7511142492294312,0.6890239119529724
-0.0238037109375,-0.2831714153289795,-0.22827549278736115,-0.4270251393318176,-0.03916531801223755,0.060392335057258606,-0.098569855093956,0.060024194419384,0.09837101399898529,0.2102702260017395,0.36361217498779297,-0.39685511589050293,-0.25388550758361816,-0.3325839936733246,-0.4598676562309265,-0.767055094242096,-0.5722718238830566,-0.15187668800354004,0.2412979006767273,0.8398510217666626,0.5713332891464233,-0.5540983080863953,3.544687032699585,1.1749145984649658,-0.5583013296127319,-1.454224705696106,-1.5425688028335571,-1.9424904584884644,-0.9047532081604004
0.007659912109375,0.14492225646972656,-0.24361446499824524,-0.2014985978603363,-0.091011643409729,-0.12466219812631607,-0.05851700156927109,0.2618056833744049,0.48661041259765625,0.5967764854431152,0.35277384519577026,0.7194459438323975,0.6159055233001709,0.6348470449447632,0.18144673109054565,0.6094122529029846,1.2854094505310059,2.155626058578491,4.3263139724731445,5.616095066070557,8.89567756652832,11.019466400146484,8.184347152709961,5.586300849914551,7.224820137023926,10.196859359741211,10.803071022033691,5.95955228805542,2.4414708614349365
-0.0106201171875,0.323309987783432,0.3859434127807617,0.5331902503967285,0.6581003665924072,0.5134928226470947,0.6877860426902771,0.36082884669303894,0.41807299852371216,0.7084310054779053,0.6639057993888855,0.9407779574394226,1.2544654607772827,1.6797926425933838,1.5689579248428345,1.302743911743164,1.1642876863479614,2.3033010959625244,2.954772710800171,3.960987091064453,4.136332035064697,5.713324069976807,5.540433883666992,5.362817764282227,5.8642964363098145,5.6979265213012695,7.553079605102539,4.816631317138672,1.4868828058242798
0.01611328125,-0.2219102680683136,-0.2566116750240326,-0.25834041833877563,-0.47329181432724,-0.14251099526882172,-0.7600224018096924,-0.4499390721321106,-0.4272250533103943,-0.22741259634494781,-0.8177460432052612,-1.0339269638061523,-1.1877316236495972,-0.9776273965835571,-1.1465269327163696,-1.031587839126587,-0.9376575350761414,-2.995492458343506,-2.472254753112793,-2.065783977508545,-0.8554258346557617,-5.198710918426514,-7.364462852478027,-6.421606063842773,-7.669824123382568,-8.20004653930664,-10.19447135925293,-4.835782527923584,-1.881711483001709
0.0001049041748046875,0.19763147830963135,0.3938964009284973,-0.019275277853012085,0.13423112034797668,0.15017364919185638,0.3436152935028076,0.047027990221977234,0.34664738178253174,-0.2194429636001587,-0.4406483769416809,0.056141048669815063,0.08626484870910645,0.2558407187461853,0.671318531036377,0.7972943186759949,1.4966468811035156,1.1867784261703491,1.8931946754455566,2.409762382507324,1.1229698657989502,-0.9949128031730652,-3.617955207824707,-5.117584705352783,-4.846063613891602,-5.0429511070251465,-5.117179870605469,-7.47481632232666,-0.2812102735042572
0.01043701171875,-0.04017757251858711,-0.016422033309936523,0.11271677166223526,-0.026153333485126495,0.25606775283813477,0.4798344373703003,0.23649369180202484,0.32612937688827515,0.5288572311401367,0.412923127412796,0.8668093085289001,0.768618106842041,0.7906895875930786,0.9268025159835815,0.753551721572876,0.4963718354701996,1.2565668821334839,0.6738921403884888,-0.4779999554157257,-0.9059128165245056,0.3435453176498413,1.0954630374908447,1.8672912120819092,0.47526633739471436,0.19212688505649567,1.9182626008987427,-4.396786212921143,-1.6093775033950806
0.027099609375,-0.05441496521234512,-0.17332784831523895,-0.10043089836835861,-0.053576841950416565,-0.5496426820755005,-0.40581369400024414,-0.6447479128837585,-0.44846826791763306,-0.3539621829986572,-0.7262212634086609,-1.2264933586120605,-1.4691928625106812,-1.2286959886550903,-1.3576128482818604,-0.6530942320823669,-0.5905179381370544,-1.0751539468765259,-0.20223569869995117,-0.6715917587280273,-1.7032432556152344,-2.4376838207244873,-2.490839958190918,-0.49309659004211426,-0.34497886896133423,-2.3631973266601562,-4.183380126953125,-4.134920120239258,-0.9020968675613403
0.0166015625,-0.15648552775382996,-0.23547925055027008,-0.1673201322555542,0.1163487657904625,0.4397168755531311,0.18907907605171204,0.29643234610557556,-0.009847044944763184,0.1276099979877472,0.12037484347820282,-0.6269335150718689,-0.07678377628326416,0.20063945651054382,0.07581627368927002,-0.3417309522628784,-0.6170744895935059,0.5896084904670715,-0.17494499683380127,0.18481141328811646,0.7762105464935303,3.371838092803955,3.930691957473755,5.9125494956970215,3.8468432426452637,1.199419379234314,0.36157548427581787,-6.673511981964111,-1.220647931098938
-0.0184326171875,-0.8283228278160095,-0.9357036352157593,-1.376502513885498,-1.289052963256836,-1.2668360471725464,-1.6617425680160522,-1.8868358135223389,-2.0853970050811768,-2.0599472522735596,-1.9809130430221558,-3.2672929763793945,-3.4174997806549072,-3.704533100128174,-3.903775691986084,-3.907625913619995,-3.5367321968078613,-5.634037494659424,-6.535398960113525,-6.284976482391357,-5.923807144165039,-8.783988952636719,-8.78591251373291,-8.108007431030273,-9.396556854248047,-9.66317367553711,-9.30266284942627,-1.475553274154663,0.3811706602573395
-0.031494140625,-0.29749390482902527,-0.3388233482837677,-0.46766990423202515,-0.4747811257839203,-0.6220022439956665,-0.4815300703048706,-0.8548665642738342,-0.3242141008377075,-0.3866356313228607,-0.16400769352912903,0.12458671629428864,0.056293681263923645,-0.2517749071121216,-0.00540885329246521,-0.20069298148155212,-0.20280654728412628,-0.6450490951538086,-0.7901133298873901,0.7368502616882324,3.659550666809082,3.7175791263580322,0.814751386642456,1.071070909500122,0.8763397932052612,-1.182253360748291,-1.8606023788452148,-2.0826456546783447,-0.5281813740730286
-0.064453125,-0.0756610780954361,-0.08676084876060486,-0.09623228013515472,-0.6533598899841309,-0.5865036249160767,-0.49746036529541016,-0.15575218200683594,0.10225293040275574,0.09203663468360901,-0.2096681296825409,-0.5428689122200012,-1.8404301404953003,-1.4774489402770996,-1.622349739074707,-1.0939154624938965,-1.4961575269699097,-2.2601675987243652,-2.9566872119903564,-5.582910060882568,-8.923484802246094,-8.834492683410645,-9.424921989440918,-8.65886116027832,-9.450389862060547,-9.427679061889648,-12.335014343261719,-8.158618927001953,-1.687037706375122
-0.04248046875,0.5438564419746399,0.8857566118240356,0.8489439487457275,1.0500754117965698,0.8966208696365356,1.1384527683258057,1.1378288269042969,0.9569247364997864,1.2675321102142334,1.1317689418792725,0.9555655717849731,0.8016849756240845,0.4860970973968506,0.35646575689315796,0.1597656011581421,-0.27592751383781433,-0.459275484085083,0.31100159883499146,0.26792779564857483,-0.8444461822509766,-0.03127908706665039,1.8033932447433472,3.151616096496582,3.665083646774292,2.342029571533203,3.3744943141937256,-0.02829122543334961,-0.5484902858734131
-0.04736328125,0.01749623566865921,0.030594896525144577,0.10813520103693008,0.013713836669921875,0.11312919855117798,0.4267873764038086,0.43064653873443604,0.571763813495636,0.15775132179260254,0.26782432198524475,0.6553869247436523,1.7176523208618164,2.0511221885681152,2.275620460510254,2.643416166305542,3.3581626415252686,2.3173537254333496,3.1358139514923096,4.220861434936523,6.083827972412109,4.086333274841309,2.714731216430664,1.347611427307129,1.4917142391204834,0.35954952239990234,0.40811407566070557,0.0076018571853637695,0.22488419711589813
-0.02001953125,0.0952613577246666,0.23223212361335754,0.2105865329504013,0.10026095807552338,-0.292167067527771,-0.3866596817970276,-0.22437945008277893,-0.5482041239738464,-0.4676274061203003,-0.4043470025062561,-0.8639534711837769,-0.5587921738624573,-0.5036365985870361,0.0013968348503112793,-0.8935221433639526,-0.5006628632545471,-0.9569454193115234,-3.0316967964172363,-3.668949842453003,-4.119457721710205,-1.3330981731414795,-2.764009952545166,-0.8308793306350708,2.014768123626709,1.486079454421997,-0.8866615295410156,-2.818791627883911,0.4982224106788635
-0.038330078125,0.10761289298534393,0.23060336709022522,0.1558053195476532,-0.1073959469795227,0.6159623265266418,0.2665075659751892,0.11321298032999039,0.0178595632314682,0.3789921700954437,0.22196979820728302,0.2573162019252777,1.1112699508666992,0.8715307712554932,0.8701905608177185,1.3678103685379028,0.6226426959037781,1.477738618850708,2.2557010650634766,2.5480563640594482,2.8928675651550293,2.6055824756622314,4.477443695068359,4.656727313995361,4.314651966094971,5.095273971557617,3.7642695903778076,5.991183757781982,1.2513961791992188
0.01336669921875,0.2218153476715088,0.05696927011013031,0.16830436885356903,0.03320072591304779,0.29525989294052124,0.602063775062561,0.740662157535553,0.5433292984962463,0.7946938276290894,0.6396615505218506,-0.3412322402000427,0.16072030365467072,0.19969241321086884,-0.4751209616661072,-0.326069176197052,-0.5970735549926758,-0.9981497526168823,-1.0875439643859863,-0.645207405090332,1.5274306535720825,-0.41712069511413574,-1.4749760627746582,-2.685133695602417,-4.6068830490112305,-7.05634069442749,-6.51300048828125,-2.8541345596313477,-0.7421022653579712
1.633167266845703e-05,-0.3927479386329651,-0.4249589443206787,-0.7134835720062256,-0.9993007183074951,-1.0333995819091797,-1.8869798183441162,-1.8518612384796143,-2.1101508140563965,-2.3090529441833496,-2.5895400047302246,-2.505800247192383,-3.0047824382781982,-3.359464645385742,-3.2886877059936523,-3.0290262699127197,-3.568063735961914,-5.455339431762695,-5.804177284240723,-6.598840713500977,-9.004386901855469,-12.918319702148438,-17.32769012451172,-19.666139602661133,-19.361122131347656,-20.800312042236328,-20.474323272705078,-6.676601409912109,-1.5405994653701782
0.0771484375,0.11928970366716385,0.2809532880783081,-0.1482841521501541,0.18854083120822906,0.20968447625637054,0.1428043246269226,-0.11088539659976959,-0.11775889992713928,-0.1970624178647995,-0.5894589424133301,-0.7783181667327881,-0.8459653258323669,-0.9957886934280396,-0.3477095365524292,-0.06179983913898468,0.32681840658187866,-0.9789592027664185,-1.2719236612319946,-1.1723382472991943,-2.5545260906219482,-5.283197402954102,-4.750188827514648,-4.7069830894470215,-4.723145008087158,-5.170688152313232,-4.513036727905273,-6.077659606933594,-0.5247988700866699
-0.035888671875,0.35276541113853455,0.301527202129364,0.14887458086013794,-0.07540500164031982,-0.3747895061969757,-0.4830312132835388,-0.6054550409317017,-0.7868208885192871,-0.5525172352790833,-0.4561534821987152,-1.0174460411071777,-0.7852237224578857,-0.7436124086380005,-1.1942598819732666,-1.3207197189331055,-1.0841814279556274,-1.7713932991027832,-1.6839416027069092,-0.33480167388916016,-1.614946722984314,1.208814263343811,3.4425339698791504,2.3312783241271973,2.0426340103149414,3.4115140438079834,6.783607006072998,1.8986713886260986,0.8687913417816162
0.016357421875,0.0032433047890663147,-0.08163642883300781,-0.04746897518634796,-0.2085648477077484,0.0026944205164909363,-0.3597443401813507,-0.3363591730594635,-0.4202768802642822,-0.25110924243927,-0.6377465724945068,-1.9265738725662231,-2.33522891998291,-2.4726977348327637,-2.4106056690216064,-2.5621182918548584,-2.3486380577087402,-3.0557377338409424,-2.8240549564361572,-3.2968502044677734,-6.157275199890137,-7.036526203155518,-5.682877540588379,-5.492907524108887,-6.273507118225098,-6.6583685874938965,-8.763324737548828,-9.911748886108398,-1.7274060249328613
-0.036865234375,0.061201222240924835,-0.023198125883936882,0.03183785825967789,0.08799625933170319,0.3087879717350006,0.34608960151672363,0.4178617000579834,0.47668883204460144,0.2868499159812927,0.05703823268413544,0.06424420326948166,0.8121781349182129,0.22350269556045532,0.14951470494270325,0.5745518803596497,1.7186107635498047,1.6782009601593018,2.8338208198547363,3.251481294631958,5.362914562225342,7.18380069732666,9.428889274597168,12.224064826965332,12.30040454864502,13.29038143157959,15.80949592590332,15.42113971710205,2.6229248046875
0.04345703125,0.10680452734231949,0.012996632605791092,0.021139606833457947,0.15708523988723755,0.105398029088974,0.04029722511768341,0.05735962092876434,0.023530147969722748,-0.10690246522426605,0.26184555888175964,0.8756442070007324,1.703019142150879,2.1297707557678223,2.2662153244018555,2.8236613273620605,3.522763967514038,4.540903568267822,6.0932464599609375,6.607696056365967,10.102645874023438,15.672818183898926,19.83173370361328,20.16913604736328,21.484018325805664,23.335254669189453,23.40268898010254,20.83559799194336,4.669829368591309
-0.05859375,0.19221140444278717,0.08480002731084824,0.14030338823795319,0.49477842450141907,0.1858062446117401,0.45950424671173096,0.17502647638320923,0.2479802370071411,-0.1689973622560501,0.4281933903694153,0.09234648942947388,0.8425763845443726,0.8286536335945129,0.3855188488960266,0.6125960946083069,0.982304036617279,2.353443145751953,2.7272024154663086,1.597219467163086,4.666686058044434,3.089893341064453,3.835146903991699,4.77795934677124,4.17338752746582,2.229353427886963,-0.5496408939361572,-0.7957398891448975,-0.8135185837745667
-0.0281982421875,-0.12547245621681213,0.1260501593351364,0.29445600509643555,0.2365511953830719,0.2706824541091919,0.04169881343841553,-0.1008695513010025,-0.17833906412124634,0.04557812213897705,0.20928388833999634,0.1954573690891266,0.06965023279190063,0.18991822004318237,0.11220069229602814,0.2590672969818115,0.6948341131210327,1.789894461631775,0.7578120827674866,1.6457515954971313,1.0972355604171753,3.1113967895507812,0.22429132461547852,-0.6096600294113159,-1.3960801362991333,0.7994587421417236,1.9682363271713257,2.329158306121826,1.5852218866348267
-0.039794921875,0.12436568737030029,0.018865644931793213,-0.033195361495018005,0.1538335680961609,-0.3437952995300293,-0.8206126689910889,-0.7215214967727661,-0.8047584295272827,-0.6858068704605103,-0.45493990182876587,-0.927996814250946,-0.5612316131591797,-0.6331193447113037,-1.0098402500152588,-1.7823823690414429,-2.439105987548828,-2.8968312740325928,-3.2116105556488037,-4.180042266845703,-5.530452251434326,-5.479671955108643,-1.1085171699523926,0.4545409679412842,-1.1032378673553467,-2.959177017211914,-4.446960926055908,-5.98861837387085,-0.9776813983917236
0.00421142578125,0.01769176870584488,-0.05896475166082382,0.07149824500083923,0.12902158498764038,0.16064368188381195,0.42832326889038086,0.33021700382232666,0.48787978291511536,0.4843619167804718,0.9221861362457275,0.7592393159866333,0.42915040254592896,0.3469007909297943,0.1713024079799652,0.35065197944641113,0.2928922176361084,-0.5344528555870056,-0.9222486615180969,-3.3049521446228027,-1.1141529083251953,-3.2374515533447266,0.17445969581604004,-1.5577960014343262,-1.2810797691345215,-1.2921020984649658,3.0197012424468994,5.707693576812744,2.4326846599578857
0.0274658203125,-0.012138649821281433,0.012235155329108238,-0.09041014313697815,0.28379079699516296,0.1505359560251236,0.041094399988651276,0.10445494949817657,0.030589193105697632,0.05408640578389168,0.2059299647808075,0.19159209728240967,-0.1471286416053772,-0.28554582595825195,-0.225187748670578,0.09834444522857666,0.49507105350494385,-0.2183620035648346,-0.46113744378089905,-1.4932984113693237,-4.028534889221191,-5.999900817871094,-7.642233371734619,-7.3966965675354,-7.509705066680908,-5.771792411804199,-6.242214202880859,4.337899684906006,0.5033833980560303
-0.01806640625,0.21064788103103638,0.22184011340141296,0.22909359633922577,0.49079573154449463,0.06719452142715454,-0.20442229509353638,-0.06696635484695435,-0.08703470230102539,-0.07642009854316711,-0.009218767285346985,-0.40278565883636475,-1.029228925704956,-1.247661828994751,-1.1911125183105469,-1.4153748750686646,-1.0002293586730957,-1.028938889503479,-1.9326791763305664,-3.1748437881469727,-3.7657971382141113,-2.5716519355773926,-4.242464065551758,-4.65224552154541,-3.346527576446533,-2.959315538406372,-4.451139450073242,-0.04815387725830078,-0.601205587387085
-0.005828857421875,0.13731351494789124,0.048148028552532196,0.004982639104127884,-0.1747060865163803,-0.3736588954925537,-0.5373697280883789,-0.5791846513748169,-0.3822369873523712,-0.7053052186965942,-0.3866111636161804,-0.4970020353794098,-0.5719430446624756,-0.5925227403640747,-0.1682712435722351,-0.22195978462696075,-0.05577502399682999,-0.5683370232582092,0.06618183851242065,-0.786048173904419,0.8404214382171631,-3.140263080596924,-3.338538646697998,-6.736591339111328,-6.450197219848633,-8.3727388381958,-7.673830509185791,-2.760005474090576,0.014093071222305298
0.033447265625,-0.0001930147409439087,0.0938965454697609,0.053691744804382324,0.17977330088615417,0.06657670438289642,-0.26311197876930237,-0.03830680251121521,0.1044778823852539,0.057109564542770386,0.4219413995742798,0.10181739926338196,-0.032181695103645325,-0.15209589898586273,0.8985928297042847,0.2554420828819275,0.45676082372665405,0.36912238597869873,0.23291414976119995,2.2065439224243164,1.6663644313812256,-0.9407952427864075,-1.2347769737243652,-0.6621637344360352,2.0387423038482666,-0.7955036163330078,-0.32475942373275757,1.878725290298462,-0.4145931005477905
0.0155029296875,0.7004019021987915,0.81256502866745,0.9324154257774353,1.1941394805908203,1.122940182685852,1.6696192026138306,1.7827560901641846,1.5980257987976074,1.705195426940918,2.9217262268066406,2.743724822998047,2.8858206272125244,2.9131593704223633,3.1288788318634033,3.4343795776367188,3.527353048324585,7.746040344238281,8.830109596252441,8.57021713256836,8.126760482788086,12.09074592590332,14.375629425048828,14.663692474365234,14.728731155395508,13.9657564163208,14.479425430297852,1.7289347648620605,-0.23145367205142975
-0.0050048828125,0.13709966838359833,-0.1006244346499443,0.10475684702396393,0.10511106252670288,-0.22209405899047852,-0.10894840955734253,-0.2627059519290924,-0.2702321708202362,-0.1570277214050293,-0.20571354031562805,0.1801866888999939,0.774316668510437,0.9212227463722229,0.8729192018508911,1.1473572254180908,1.1454136371612549,1.1224530935287476,2.0759975910186768,2.382145881652832,1.6028683185577393,-0.7438803315162659,2.3130786418914795,0.4861314296722412,-4.081892013549805,-4.437356472015381,-4.221614837646484,-1.2460286617279053,-1.6852245330810547
0.0439453125,0.1068023145198822,0.07446292042732239,-0.09588663280010223,-0.20139625668525696,-0.2104107141494751,-0.24118539690971375,-0.2562420964241028,-0.38188615441322327,-0.6076552867889404,-0.6148732900619507,-0.2449592649936676,0.07610456645488739,-0.5041271448135376,-0.0957588255405426,0.19542282819747925,0.8276846408843994,1.4604147672653198,2.478794574737549,3.377236843109131,4.599693298339844,5.351642608642578,6.928495407104492,7.937929630279541,8.042631149291992,9.913288116455078,11.787074089050293,8.276333808898926,2.837068796157837
0.002593994140625,0.06831912696361542,-0.028086405247449875,-0.10885319113731384,-0.33306097984313965,-0.21170279383659363,-0.1602947860956192,0.10843081772327423,0.47724390029907227,0.176225483417511,0.671908974647522,0.9950756430625916,1.469845175743103,0.7137203216552734,0.34369635581970215,0.6760985851287842,0.8000200390815735,0.6367477178573608,0.45392417907714844,1.5075551271438599,2.1648168563842773,1.084240198135376,5.149653434753418,8.439552307128906,11.16115951538086,14.711467742919922,18.002317428588867,20.365629196166992,-1.7407978773117065
-0.052978515625,-0.48471319675445557,-0.612891435623169,-0.3370024263858795,-0.5659393072128296,-0.7629529237747192,-0.6240929961204529,-0.350309818983078,-0.612415075302124,-0.4636710584163666,-0.3849298059940338,-0.960042417049408,-0.7447763085365295,-0.6838605999946594,-0.5008187890052795,-0.32870250940322876,0.04375815391540527,0.10909450054168701,0.39544928073883057,0.41786089539527893,-0.9354075193405151,-1.4451560974121094,-0.3792915344238281,-1.3316938877105713,-3.869966745376587,1.5550808906555176,-0.5158201456069946,1.9404304027557373,-0.18221770226955414
-0.019775390625,-0.3448371887207031,-0.40799251198768616,-0.12344896793365479,-0.08756431937217712,0.4106319546699524,0.6204122304916382,0.5405348539352417,0.6443950533866882,0.8290302753448486,0.6538102626800537,1.0650684833526611,1.4110621213912964,1.7107770442962646,1.7031373977661133,2.092651128768921,2.3013343811035156,2.8295400142669678,4.499063968658447,3.921825885772705,4.532066822052002,5.007042407989502,4.610893249511719,1.9174437522888184,4.254767417907715,7.090895652770996,9.50395393371582,11.212348937988281,4.177652359008789
0.01458740234375,0.4317898154258728,0.3685908913612366,0.45828312635421753,0.19757568836212158,0.019841894507408142,0.1289748251438141,0.1400296688079834,0.05244116485118866,0.062170520424842834,-0.10881142318248749,-0.10603450238704681,0.6713364124298096,0.9875844717025757,0.7446650266647339,0.7533239722251892,1.228480577468872,2.1796531677246094,4.112626075744629,3.9927597045898438,3.685607433319092,0.7507719993591309,-0.9725767374038696,-2.6482596397399902,-4.095224857330322,-4.265417575836182,-3.9939162731170654,-0.19019407033920288,-0.2338336706161499
-0.01190185546875,-0.06432895362377167,-0.13319122791290283,-0.25842684507369995,-0.060585856437683105,-0.06378135085105896,-0.3329465687274933,-0.44581279158592224,-0.3958936333656311,-0.7410683035850525,-0.3228750228881836,0.5723727345466614,-0.16150757670402527,-0.08334976434707642,0.746785044670105,0.6443823575973511,0.345012903213501,-0.27573978900909424,0.5907269716262817,1.1537346839904785,-0.5022374391555786,1.112640142440796,3.2382359504699707,2.27612042427063,2.343991279602051,2.6357250213623047,0.933546781539917,-1.9980647563934326,-0.3441971242427826
-0.050537109375,0.3123093843460083,0.39323049783706665,0.4843938946723938,0.638306200504303,0.4976431429386139,0.7501180768013,0.7449402213096619,0.6340781450271606,0.610040009021759,0.4845786690711975,0.2907522916793823,0.5825586318969727,0.5910153388977051,0.4494885802268982,0.2828669250011444,0.5392069220542908,-0.1502629816532135,0.9780250787734985,1.6511472463607788,5.008050918579102,4.546606540679932,3.308967113494873,3.4678213596343994,3.6735873222351074,2.760197401046753,2.287531614303589,-0.968544602394104,-0.18421226739883423
0.005767822265625,-0.21687497198581696,-0.19503961503505707,-0.3421880304813385,-0.5011337399482727,-0.12131360173225403,-0.35590702295303345,-0.17772074043750763,-0.5163147449493408,-0.5202032327651978,-0.6758348941802979,-1.027007818222046,-0.524511456489563,-0.6647353172302246,-0.7256459593772888,-0.4072791039943695,-0.010135352611541748,-0.18609651923179626,-1.0279103517532349,-0.2170444130897522,-2.515159845352173,-3.300954818725586,-7.5499467849731445,-7.931125640869141,-8.46678352355957,-9.451642036437988,-10.311484336853027,-10.111175537109375,-2.6184003353118896
-0.03564453125,-0.025581806898117065,-0.0010569952428340912,0.13192272186279297,0.2049967497587204,0.00920066237449646,0.18393771350383759,0.019923022016882896,-0.1401304304599762,-0.2870728671550751,-0.4794408679008484,-0.6994341611862183,-0.5620223879814148,-0.4665551483631134,-0.13120323419570923,-0.04910215735435486,0.05453699827194214,-0.1649979203939438,-1.1754083633422852,-0.04710829257965088,1.4397348165512085,2.2001118659973145,1.7038825750350952,2.1621904373168945,3.3015105724334717,3.937425136566162,2.192432403564453,-4.593448638916016,-2.7037343978881836
0.0341796875,-0.13958489894866943,-0.1199999451637268,0.06973689794540405,0.19914954900741577,0.23331892490386963,0.4980063736438751,0.9361000061035156,0.853243350982666,0.9760885238647461,1.0049705505371094,0.4480723738670349,1.549801230430603,1.349615216255188,1.3749890327453613,1.136245608329773,1.2779854536056519,1.4832510948181152,1.7075001001358032,2.360074043273926,3.0775716304779053,6.564204216003418,6.195003509521484,4.3808183670043945,4.725221157073975,3.2927863597869873,6.009492874145508,5.77199649810791,2.5228419303894043
0.013916015625,-0.05328961834311485,-0.01071791723370552,-0.08187057077884674,-0.09833608567714691,0.09651811420917511,-0.45685702562332153,-0.18088170886039734,-0.15001361072063446,-0.05132046341896057,-0.04677639901638031,0.3215978741645813,0.0862824022769928,0.21242399513721466,-0.011760905385017395,0.25792574882507324,0.898231029510498,1.2874927520751953,2.2737338542938232,1.712610125541687,2.0991649627685547,1.545236587524414,-0.16071569919586182,1.3132879734039307,3.0415544509887695,-0.5950825214385986,-0.8582857847213745,-2.769796848297119,-1.7289056777954102
0.0113525390625,0.4484146237373352,0.5711889863014221,0.691832959651947,0.8690863847732544,0.901932418346405,1.0392851829528809,1.180519938468933,1.1344876289367676,1.016474723815918,1.6354361772537231,2.075697898864746,2.1625874042510986,2.3011412620544434,2.2266788482666016,2.506171703338623,2.4022128582000732,4.609577178955078,5.27707576751709,6.540750503540039,6.575292587280273,7.720850944519043,9.766263961791992,11.336909294128418,10.979046821594238,11.104000091552734,10.340841293334961,-3.297856569290161,-1.0726302862167358
-0.0198974609375,-0.25122982263565063,-0.19977031648159027,-0.22823725640773773,-0.35226088762283325,-0.5439453721046448,-0.0768766701221466,-0.3755922019481659,0.04533416032791138,0.13108301162719727,0.046394675970077515,-0.26158055663108826,-0.5223976373672485,-0.40146544575691223,-0.0908660888671875,0.2548297643661499,0.3268205523490906,-0.44106918573379517,-0.6338561773300171,0.9444700479507446,-2.075164318084717,-2.8329460620880127,-6.577078342437744,-7.417452812194824,-6.443825721740723,-6.462460517883301,-7.459330081939697,-8.671890258789062,-2.7262556552886963
-0.00811767578125,0.023945897817611694,-0.08456674963235855,0.07637736946344376,-0.049591757357120514,-0.13418972492218018,-0.05273914337158203,0.2635118365287781,0.2500845193862915,0.106712207198143,0.3936426043510437,0.4139019250869751,-0.15356659889221191,-0.33992302417755127,-0.38343310356140137,-0.266631543636322,-0.8084750771522522,-0.8442197442054749,-1.6632962226867676,-1.4194722175598145,-1.7233526706695557,-0.93782639503479,-2.4440925121307373,-4.110103607177734,-2.9949305057525635,-3.191127300262451,-1.3483340740203857,-3.699406623840332,-0.7355771064758301
0.0216064453125,0.011645648628473282,0.09080182015895844,0.1860145926475525,0.15058240294456482,0.36648187041282654,0.20970898866653442,0.14247098565101624,0.2500542998313904,0.3546036183834076,0.8963581323623657,0.21842226386070251,0.3998103439807892,0.8712427020072937,0.9686905145645142,1.4843792915344238,1.274023413658142,1.6840871572494507,1.1806211471557617,1.3344515562057495,1.8497188091278076,3.8685154914855957,9.585442543029785,7.207886219024658,6.740410804748535,6.579181671142578,9.795209884643555,10.015717506408691,2.1415748596191406
-0.050537109375,-0.2871975004673004,-0.23324373364448547,-0.246333509683609,-0.3596009612083435,-0.6014283299446106,-0.8772442936897278,-0.995345950126648,-0.9981729388237,-1.0793054103851318,-1.0523573160171509,-2.326167106628418,-2.5701096057891846,-2.4133477210998535,-2.5774073600769043,-2.6586618423461914,-2.338634729385376,-4.661484718322754,-4.331319332122803,-3.2134644985198975,-1.712376594543457,-2.112334728240967,-4.053341388702393,-4.452600479125977,-4.643870830535889,-2.5673115253448486,0.028044700622558594,-0.3637505769729614,-0.12710663676261902
0.0025634765625,-0.6343786716461182,-0.6550816297531128,-0.7397656440734863,-1.1343929767608643,-1.1696423292160034,-1.531664490699768,-1.6517943143844604,-1.8816502094268799,-1.719226598739624,-2.7243404388427734,-2.9678919315338135,-2.838714838027954,-3.0223875045776367,-2.904442310333252,-3.058711528778076,-2.8332695960998535,-6.566148281097412,-7.433637619018555,-8.33358383178711,-7.9841742515563965,-14.063943862915039,-15.331716537475586,-14.291617393493652,-13.447285652160645,-15.033905982971191,-15.81704044342041,-1.543553352355957,-1.706731915473938
0.009521484375,-0.07341144979000092,-0.16350199282169342,-0.24591317772865295,-0.03899827599525452,-0.09542550891637802,-0.16970586776733398,-0.48932945728302,-0.562334418296814,-0.23690533638000488,0.06578478217124939,0.4368080198764801,0.012519896030426025,-0.2868180274963379,-0.10696077346801758,-0.13748344779014587,-0.031122684478759766,0.3924161195755005,-0.4491153061389923,-0.16185083985328674,-0.5781192183494568,4.584262847900391,7.063833236694336,9.40478801727295,8.91629695892334,6.514465808868408,6.969156265258789,6.7371745109558105,2.1479392051696777
0.0157470703125,0.15766331553459167,0.17862796783447266,-0.07344098389148712,-0.3528807759284973,-0.2160499095916748,-0.486783504486084,-0.4838217794895172,-0.6716902852058411,-0.6379122734069824,-0.39830464124679565,-0.3603096902370453,-0.5413452386856079,-0.6207257509231567,-0.8215309977531433,-0.9529666304588318,-1.0909353494644165,-1.5694266557693481,0.05353057384490967,0.12781944870948792,-0.7042310833930969,-2.6870758533477783,-5.127440452575684,-5.11920166015625,-5.899252414703369,-6.283133506774902,-7.4666218757629395,-2.8489460945129395,-1.4596588611602783
0.005126953125,-0.41813531517982483,-0.42184966802597046,-0.33561116456985474,-0.6231611967086792,-0.5834057927131653,-0.6839474439620972,-0.7296170592308044,-0.5650168657302856,-0.6636882424354553,-0.9746503829956055,-0.9747140407562256,-1.615624189376831,-1.7054256200790405,-1.879777431488037,-2.0451319217681885,-2.039327383041382,-2.955838918685913,-2.7940211296081543,-2.9993677139282227,-3.846121311187744,-5.001105785369873,-1.9502882957458496,-1.7217144966125488,-2.422461748123169,-3.4559922218322754,-5.048469543457031,-6.519070148468018,-2.023695468902588
0.059326171875,0.15147900581359863,0.1603500247001648,0.1292763650417328,-0.013536155223846436,-0.10340619832277298,0.40013614296913147,1.0241546630859375,1.2154326438903809,1.1934270858764648,0.9908820390701294,1.4522597789764404,1.5006071329116821,1.4288908243179321,1.594547986984253,2.1347827911376953,3.046875476837158,3.646345853805542,5.649507999420166,6.702526569366455,8.107136726379395,9.068565368652344,11.424873352050781,8.814133644104004,8.813615798950195,9.438295364379883,13.319622039794922,13.256629943847656,5.596121311187744
0.0045166015625,-0.06164347380399704,-0.09897345304489136,-0.11019571870565414,-0.1344546526670456,-0.15535959601402283,-0.03368259221315384,-0.0002054460346698761,-0.006113138049840927,-0.1901688575744629,-0.44845089316368103,-0.5661132335662842,-0.5413085222244263,-0.38420554995536804,-0.6348004341125488,-0.46366870403289795,-0.7443452477455139,-1.40281343460083,-0.6031316518783569,-1.433192491531372,-0.42540180683135986,-1.2254849672317505,-3.0453169345855713,-4.5877203941345215,-4.190142631530762,-3.9511542320251465,-0.5789375305175781,1.885162115097046,1.2161986827850342
-0.01495361328125,-0.4674140512943268,-0.5855268836021423,-0.6947305202484131,-0.619772732257843,-0.6834092736244202,-0.9613845348358154,-0.6857887506484985,-1.0047318935394287,-1.168785572052002,-1.2810442447662354,-1.1740187406539917,-1.2673448324203491,-1.6646453142166138,-1.8503320217132568,-1.652878761291504,-0.8932631611824036,-1.9113118648529053,-2.8416554927825928,-1.8475208282470703,-1.1290489435195923,0.6421380043029785,3.714949131011963,5.502052307128906,5.879339218139648,8.165060997009277,8.52531623840332,11.71904182434082,1.8075355291366577
0.042724609375,0.20196318626403809,0.20874086022377014,-0.1016901433467865,0.032817013561725616,0.007382355630397797,0.034050460904836655,-0.03325057774782181,0.04771730303764343,0.025023415684700012,-0.1168195903301239,-0.23592181503772736,-0.15879914164543152,-0.300392746925354,-0.6452401876449585,-0.8865854740142822,-0.9469554424285889,-1.9128549098968506,-1.0949997901916504,-2.051680564880371,-2.0653162002563477,-4.08526611328125,-1.2724814414978027,-5.068914413452148,-6.664735794067383,-6.219313621520996,-7.7097978591918945,-7.197420597076416,-0.8088443875312805
0.01300048828125,-0.05794040858745575,-0.034493338316679,0.04874873533844948,-0.04258536547422409,0.10783984512090683,-0.07223035395145416,0.11241614818572998,-0.1245906800031662,-0.1482526957988739,-0.5706571936607361,-0.47749948501586914,-0.4420170783996582,-0.6971844434738159,-0.5937929153442383,-0.6263856887817383,-0.40593740344047546,-0.7355524301528931,-0.24342095851898193,-0.5575402975082397,-0.8489358425140381,-1.3262336254119873,-2.2978878021240234,-2.458571434020996,-3.236485481262207,-2.168701648712158,-2.7014708518981934,-3.508915662765503,-0.5788360238075256
-0.019287109375,-0.39062097668647766,-0.39753735065460205,-0.7072290182113647,-0.9008086323738098,-0.79336017370224,-0.9276483654975891,-0.7878866791725159,-0.5899519920349121,-0.3201655149459839,-1.0158926248550415,-1.0817296504974365,-0.5997167825698853,-1.1780040264129639,-1.2931735515594482,-1.3403548002243042,-1.0201475620269775,-1.5635924339294434,-2.2398834228515625,-1.4072327613830566,-1.4310001134872437,-1.384955883026123,-4.484096050262451,0.06516838073730469,-0.3761749267578125,-3.5342519283294678,-0.6393041610717773,-4.642374515533447,-0.5060319900512695
-0.0230712890625,0.4202386736869812,0.4914759695529938,0.5277137756347656,0.718891441822052,0.8591389656066895,1.6780643463134766,1.7072569131851196,1.9493727684020996,1.7018382549285889,3.0990781784057617,3.244189500808716,3.3891308307647705,3.5346362590789795,3.4732463359832764,3.458369016647339,3.405550479888916,7.098685264587402,6.954511642456055,7.561785697937012,7.858672142028809,11.359941482543945,12.971692085266113,12.767560005187988,13.07906436920166,13.08189868927002,13.699110984802246,6.789870738983154,2.5151748657226562
0.007354736328125,2.4200496673583984,3.2612061500549316,3.9162073135375977,4.410128593444824,5.216217517852783,5.748347282409668,5.963170528411865,6.957921981811523,7.386909008026123,8.964417457580566,11.201848983764648,14.490218162536621,14.84706974029541,16.494810104370117,17.43290901184082,21.05220603942871,24.004676818847656,28.425575256347656,34.72068786621094,38.689064025878906,43.88700866699219,48.64862823486328,52.23994064331055,54.36601257324219,55.27410888671875,51.08665466308594,42.42683029174805,1.6013494729995728
0.0181884765625,0.048515141010284424,0.2942259609699249,0.23431509733200073,0.28390851616859436,0.24236337840557098,0.44464802742004395,0.27416548132896423,-0.3205891251564026,0.016327932476997375,-0.5790666341781616,-1.1722410917282104,-1.5780216455459595,-1.0879344940185547,-1.1684356927871704,-1.3413825035095215,-1.4630975723266602,-0.7700763940811157,-1.0191913843154907,-1.6348934173583984,-3.6035287380218506,-4.892226696014404,-7.640390396118164,-8.69934368133545,-8.337862014770508,-8.250829696655273,-5.685059547424316,-2.9371914863586426,-1.1426889896392822
-0.046875,-0.0850888267159462,-0.10662081092596054,-0.3166205883026123,-0.7721115350723267,-0.23583480715751648,-0.20832809805870056,-0.17769496142864227,-0.7370933294296265,-0.456634521484375,-0.5001804828643799,-0.23716752231121063,-0.4460807144641876,-0.7054653167724609,-1.000878095626831,-0.979304313659668,-0.9283478856086731,-2.072556495666504,-2.5299668312072754,-0.6856123805046082,0.8915714025497437,0.4913196563720703,0.9469395875930786,-0.6992023587226868,-0.8422425389289856,-1.5139920711517334,-4.957907676696777,-5.921504974365234,-1.9166710376739502
0.019287109375,-0.052724920213222504,-0.018653512001037598,-0.07759752869606018,0.1236347109079361,0.19069066643714905,-0.12189102172851562,0.2792145311832428,-0.1951579451560974,-0.2400224506855011,0.21713778376579285,-0.42267659306526184,-0.3797491490840912,0.33881381154060364,-0.2343176305294037,0.16680413484573364,-0.13939893245697021,0.29108476638793945,-0.15487530827522278,-0.06578284502029419,-0.08295071125030518,-1.1710435152053833,0.3221374750137329,0.5465703010559082,-1.2205095291137695,-0.7101253271102905,0.37792497873306274,0.5472654104232788,-1.5195393562316895
0.0206298828125,0.09126415848731995,0.11261214315891266,0.12247641384601593,0.08823326230049133,0.338284432888031,0.4947635233402252,0.6541514992713928,0.7567567825317383,0.6003975868225098,0.7441564798355103,1.3757132291793823,1.179701805114746,1.2851380109786987,1.0322891473770142,1.7099180221557617,1.9018833637237549,1.86880362033844,1.8951528072357178,3.0033819675445557,2.2844576835632324,0.4904276430606842,2.06003999710083,4.042190074920654,3.6071882247924805,3.4737589359283447,-1.8299078941345215,-6.052263259887695,-1.5010968446731567
0.059326171875,0.09627961367368698,0.24385784566402435,0.3336334824562073,0.3271470069885254,0.1603667140007019,-0.30090704560279846,-0.37908726930618286,-0.17865151166915894,-0.5689683556556702,-0.5564234256744385,-0.8516044020652771,-0.8047404885292053,-0.9493133425712585,-1.0980398654937744,-0.985623300075531,-0.5666964054107666,-0.858128547668457,-0.42735397815704346,-0.8932313919067383,-0.8319811820983887,-1.3166711330413818,1.5440363883972168,2.3021037578582764,2.6896004676818848,4.419928550720215,6.1278395652771,7.2431864738464355,1.2156645059585571
-0.0146484375,-0.040492501109838486,0.17248789966106415,-0.02444976568222046,-0.3485288619995117,-0.3594813942909241,-0.36454296112060547,-0.22684040665626526,-0.4124721586704254,-0.497519850730896,-1.2691214084625244,-0.9732106924057007,-1.333417296409607,-1.1915569305419922,-1.4010734558105469,-1.7747337818145752,-0.959285318851471,-2.188849449157715,-3.563567638397217,-4.324520111083984,-6.0818705558776855,-2.9223272800445557,-0.08897805213928223,-1.0309698581695557,-1.0040669441223145,-4.974849224090576,-9.638406753540039,-14.891813278198242,-2.626192092895508
-0.03466796875,-0.10024240612983704,-0.024568408727645874,0.3059708774089813,0.34073513746261597,0.3397480249404907,0.6849521994590759,0.7816305160522461,0.6335873603820801,0.22616207599639893,0.6536960601806641,1.1322081089019775,1.6347713470458984,1.4499510526657104,1.5233211517333984,1.5533027648925781,1.4220420122146606,0.46384376287460327,0.930044412612915,1.0993635654449463,0.5555577278137207,3.8332579135894775,4.87782096862793,5.792148113250732,3.0714175701141357,3.419769763946533,4.679048538208008,3.9502811431884766,1.0420149564743042
0.015380859375,-0.13094328343868256,-0.09068939834833145,0.036761075258255005,-0.10976600646972656,-0.029332567006349564,0.04919254779815674,0.1456117182970047,0.14738702774047852,-0.0028972476720809937,-0.36571139097213745,-0.09872083365917206,-0.17873741686344147,-0.2410477101802826,-0.09590113162994385,0.1986413300037384,0.30760565400123596,0.7074339389801025,0.051175713539123535,1.385334849357605,0.051839590072631836,1.2092854976654053,-1.0779327154159546,-0.8102455139160156,-2.2339792251586914,-2.3082032203674316,-2.11582088470459,-3.575075626373291,0.2745186984539032
0.0262451171875,0.17817547917366028,0.2976466715335846,0.3904120624065399,0.28956013917922974,0.41395100951194763,0.4842807948589325,0.10698777437210083,0.2683773636817932,0.1496092975139618,0.19951483607292175,0.3708837628364563,0.4763118624687195,0.38433167338371277,0.4612211585044861,-0.43424874544143677,0.17821457982063293,0.44530099630355835,-0.2037348598241806,-0.364440381526947,0.0891733169555664,-2.049234390258789,-0.8022708892822266,-2.128147602081299,-3.9535176753997803,-1.786411166191101,-1.188707947731018,-1.0143170356750488,0.3612596392631531
-0.0830078125,-0.017867036163806915,0.04872211813926697,0.30858033895492554,0.03237557411193848,0.005968082696199417,-0.23869742453098297,0.0758359432220459,0.46086227893829346,0.2676287293434143,0.07451245188713074,-0.13282185792922974,-0.019740983843803406,-0.06293392181396484,-0.03156912326812744,0.765439510345459,0.4676896333694458,0.7780055999755859,-0.08783519268035889,-0.2832966446876526,-0.02017754316329956,2.863119125366211,-2.1165883541107178,-2.129063844680786,0.04773664474487305,-0.7412574291229248,1.7486467361450195,-0.7821235656738281,0.06909438222646713
0.0283203125,0.2067890614271164,0.42727670073509216,0.2385578155517578,0.35611745715141296,0.39156949520111084,0.35993272066116333,0.29730892181396484,0.7455886006355286,0.8088915944099426,0.5135037899017334,1.1016392707824707,1.4595379829406738,1.3878390789031982,1.2745907306671143,1.3045042753219604,1.4607816934585571,1.8387465476989746,2.218501567840576,1.7060869932174683,0.1387498378753662,-1.0494080781936646,-0.8428909182548523,-2.0369505882263184,-3.674453020095825,-3.2246785163879395,-5.869028091430664,-9.722280502319336,-1.2523438930511475
-0.0025634765625,-0.08822472393512726,0.03441651910543442,0.14379072189331055,0.25433507561683655,-0.03777456283569336,0.5135353803634644,0.26142171025276184,0.3976144790649414,0.02653127908706665,-0.06032131612300873,-0.1552804708480835,0.04026465117931366,0.26438117027282715,0.019794344902038574,0.3142779469490051,1.5876590013504028,1.2223272323608398,2.4221341609954834,1.5349441766738892,2.49446964263916,4.520081043243408,3.8683102130889893,3.217857599258423,2.26063871383667,0.4515988826751709,1.2560763359069824,-2.090176820755005,-1.3186496496200562
-0.0052490234375,-0.20206278562545776,-0.27648669481277466,-0.445740282535553,-0.2654983103275299,0.30839744210243225,0.14420157670974731,-0.1568295657634735,0.37383511662483215,0.43487194180488586,0.7649244070053101,0.850756049156189,0.8204132318496704,0.7646357417106628,0.7414346933364868,0.5678942203521729,0.18116390705108643,1.5885281562805176,2.6176908016204834,3.768429756164551,4.659238815307617,5.1793012619018555,7.4406232833862305,9.01930046081543,10.351887702941895,11.166074752807617,12.925477027893066,12.562241554260254,2.357126474380493
0.042724609375,-0.35337379574775696,-0.32117849588394165,-0.25996705889701843,0.11979520320892334,-0.22566580772399902,-0.29358208179473877,-0.30848705768585205,-0.4755389392375946,-0.5066990852355957,0.09987872838973999,0.21773189306259155,-0.39253610372543335,-0.09141753613948822,-0.40009820461273193,-0.45714953541755676,-0.19232699275016785,-0.8991845846176147,-1.158191442489624,-1.6789543628692627,-0.5406067371368408,2.607999801635742,-1.0888679027557373,-1.461525797843933,-2.3842716217041016,-1.2049959897994995,-1.3318805694580078,-2.6875314712524414,-0.23819227516651154
0.00136566162109375,-0.19012638926506042,-0.41133880615234375,-0.5978924632072449,-0.7224152684211731,-0.5235532522201538,-0.23862332105636597,-0.4485030174255371,-0.4519031047821045,-0.23018202185630798,0.012598931789398193,0.2479948103427887,-0.42398470640182495,-0.8403131365776062,-1.1104892492294312,-1.1856820583343506,-1.8054704666137695,-2.719620943069458,-2.775588035583496,-1.9826022386550903,-2.918962001800537,-4.798980712890625,-6.1887736320495605,-7.206613063812256,-5.3342814445495605,-4.96976375579834,-7.657942771911621,-7.082616806030273,-2.338484287261963
-0.03271484375,-0.321503221988678,-0.2490188181400299,-0.007445201277732849,0.2138872891664505,0.2191612720489502,-0.24556982517242432,-0.2550837993621826,0.5533679723739624,1.0994808673858643,0.9309275150299072,1.0428160429000854,1.1505204439163208,1.0308876037597656,1.7246127128601074,1.5491244792938232,2.5630078315734863,2.6890411376953125,4.70761775970459,3.334451198577881,5.22296667098999,5.4686737060546875,4.9763641357421875,10.240821838378906,14.991754531860352,17.68962860107422,18.919414520263672,18.795494079589844,4.848913669586182
0.0291748046875,0.17732225358486176,-0.05921797454357147,-0.2311706393957138,-0.034540653228759766,-0.019268110394477844,-0.2623176872730255,-0.5215675234794617,-0.5410279631614685,-0.4577888250350952,0.2984852194786072,0.1641613245010376,0.20910987257957458,0.0014109313488006592,-0.32232600450515747,-0.7560560703277588,-1.5487991571426392,-1.9424208402633667,-1.6517670154571533,-4.231289386749268,-6.399864196777344,-7.425541877746582,-7.9315900802612305,-10.774544715881348,-10.116426467895508,-6.794708251953125,-7.327603340148926,-4.509280204772949,-0.5563666224479675
-0.019287109375,-0.07415857911109924,0.005299162119626999,0.03155636042356491,-0.00721035897731781,0.23007600009441376,0.18550854921340942,0.2502328157424927,0.7443872690200806,0.617106556892395,0.9661872386932373,1.1251801252365112,0.6391792297363281,0.44528305530548096,0.506177544593811,0.14316631853580475,0.718235969543457,1.7262533903121948,0.6855848431587219,0.8457366228103638,1.1776726245880127,0.21362251043319702,-0.2752247452735901,-0.4120873212814331,2.095709800720215,1.569608449935913,4.636736869812012,3.6980130672454834,1.1337180137634277
-0.0289306640625,0.026568613946437836,-0.08577810227870941,0.027425918728113174,0.04848422855138779,-0.18124495446681976,-0.45261842012405396,-0.31979280710220337,-0.5517486333847046,-0.7046300172805786,-0.7896996736526489,-0.7677297592163086,-1.104239821434021,-1.25754714012146,-0.8688747882843018,-1.4118447303771973,-1.1359174251556396,-2.2588534355163574,-3.894685983657837,-4.1682047843933105,-2.6813862323760986,-4.156196117401123,-3.5730643272399902,-3.2560665607452393,-2.989299774169922,-1.497700572013855,0.6415234804153442,4.142665863037109,1.0243533849716187
0.04248046875,-0.21856260299682617,-0.17527925968170166,0.03919793665409088,-0.028152763843536377,0.07763177156448364,0.5687862634658813,0.3399261236190796,0.49068018794059753,-0.07460397481918335,0.5438695549964905,1.0481566190719604,1.116732120513916,1.3118672370910645,1.0949573516845703,0.5373331308364868,0.11710348725318909,0.20393818616867065,0.550815761089325,0.5162898302078247,0.6495907306671143,3.9086356163024902,2.6421661376953125,2.0565109252929688,2.3541932106018066,2.335214138031006,0.804996907711029,2.713684558868408,7.386916637420654
-0.01904296875,0.031736113131046295,0.12066301703453064,0.04613196849822998,-0.4304175078868866,-0.10364264249801636,-0.1673673391342163,0.4495956003665924,-0.10534068942070007,-0.3835110664367676,-0.04404285550117493,0.5035596489906311,0.20652428269386292,0.41296958923339844,0.6073698997497559,0.5586000680923462,0.3788917064666748,0.509178876876831,1.2428486347198486,-0.3105791211128235,-0.3973698019981384,-0.5770357847213745,-1.108737587928772,-3.039752960205078,-3.1515769958496094,-4.0827789306640625,-6.803932189941406,-11.750534057617188,-1.4402236938476562
-0.03125,-0.04604775458574295,0.10443784296512604,0.4271595776081085,0.2701565623283386,0.1958237588405609,0.18001842498779297,0.4902430772781372,0.23127709329128265,0.42322707176208496,0.33169806003570557,0.838834285736084,0.9972440600395203,0.9207813739776611,0.7391481399536133,0.6683024168014526,0.9742400646209717,1.4481145143508911,1.504993200302124,-0.6236598491668701,-1.092773675918579,-0.584293007850647,-1.6724411249160767,-1.0078760385513306,-1.9157776832580566,-2.0454437732696533,-2.798208236694336,-12.449047088623047,-1.4557510614395142
0.03173828125,0.045845285058021545,-0.17008155584335327,-0.36108583211898804,-0.32857537269592285,-0.11679503321647644,-0.008029252290725708,-0.05279595032334328,-0.03380269184708595,-0.06340137124061584,-0.1942841112613678,0.19977909326553345,0.22325348854064941,-0.00048715993762016296,0.23046989738941193,0.7624003887176514,0.24618005752563477,0.3571351170539856,1.6008179187774658,1.6743896007537842,2.4369566440582275,2.3605737686157227,3.1655633449554443,2.9323248863220215,0.2433619499206543,2.9545843601226807,0.09807062149047852,2.9056267738342285,-1.2988792657852173
0.0123291015625,-0.1639750748872757,-0.0030502676963806152,0.10229356586933136,-0.036483243107795715,-0.0708073228597641,0.4302781820297241,0.6013930439949036,0.756854236125946,1.1582057476043701,1.1174077987670898,0.30957651138305664,0.5837453603744507,0.7059406042098999,0.4108249545097351,0.2080438733100891,0.17019569873809814,-0.7073246240615845,-0.8090737462043762,-0.646352231502533,-0.8365198969841003,-1.0972402095794678,-3.912280559539795,-0.5500249862670898,-3.1313257217407227,-2.224724769592285,-6.314638137817383,-7.952199935913086,-1.828670859336853
0.046875,0.21997320652008057,0.03655148670077324,-0.13210779428482056,-0.2545967698097229,-0.525917649269104,-0.5887272357940674,-0.5168056488037109,-0.8214957118034363,-0.6901870369911194,-1.144505262374878,-2.044013500213623,-2.026557445526123,-2.0295190811157227,-1.414101481437683,-1.7218403816223145,-1.0436811447143555,-0.8990449905395508,-3.3603386878967285,-5.740720748901367,-7.444723606109619,-10.063136100769043,-12.44363021850586,-14.908897399902344,-17.507593154907227,-22.681777954101562,-22.407621383666992,-19.530620574951172,-4.3924560546875
-0.0244140625,0.003931254148483276,-0.03300593048334122,0.14786222577095032,0.26258376240730286,0.26214608550071716,0.4952019155025482,0.26041072607040405,0.43616992235183716,0.3594088852405548,0.2267228066921234,-0.42883795499801636,-0.1559169739484787,-0.6978455781936646,-1.1918121576309204,-0.9524071216583252,-0.9088672399520874,-0.43448543548583984,0.4930684268474579,-0.008086159825325012,0.8069079518318176,0.8606209754943848,-0.1090550422668457,2.1860079765319824,0.6977074146270752,0.8186274766921997,3.9098992347717285,1.2678940296173096,0.35027381777763367
-0.01202392578125,0.0005377978086471558,-0.02943544089794159,0.22028017044067383,0.3013041317462921,0.45550537109375,0.6679810285568237,0.5956712961196899,0.7979278564453125,0.5527414083480835,0.9386489391326904,0.9636132717132568,1.4881113767623901,1.8658561706542969,1.3383933305740356,1.6115870475769043,2.1340131759643555,2.851668119430542,4.156228542327881,5.012485027313232,3.7843422889709473,6.664729118347168,6.794923782348633,3.0398802757263184,3.337869882583618,5.227761268615723,7.09505033493042,9.07712459564209,2.771064043045044
0.0179443359375,-0.07605516165494919,-0.18367423117160797,-0.17538118362426758,-0.22801128029823303,-0.1840735226869583,-0.27597880363464355,-0.16669002175331116,-0.15935754776000977,-0.2311040461063385,-0.771989643573761,-0.911795973777771,-1.0698323249816895,-1.0750480890274048,-1.0888200998306274,-1.012534260749817,-1.0734453201293945,-2.1480789184570312,-2.6323280334472656,-2.4418444633483887,-2.28088641166687,-2.5930490493774414,-3.8155834674835205,-3.064378023147583,-2.3771064281463623,-3.9958996772766113,-1.1103997230529785,-0.74489426612854,0.7447016835212708
0.027587890625,0.06694592535495758,0.17375612258911133,0.30702775716781616,0.3397147059440613,0.41993647813796997,0.4901926517486572,0.7013866305351257,0.6674844026565552,0.333344966173172,0.36524760723114014,-0.14476877450942993,0.2573055922985077,0.6641576886177063,0.729902982711792,1.0526759624481201,0.9140579700469971,1.0900297164916992,2.1144535541534424,3.217653274536133,3.483771800994873,4.96293306350708,6.913518905639648,10.539043426513672,11.793368339538574,9.747060775756836,9.539960861206055,7.4306440353393555,1.4700454473495483
-0.04638671875,0.04362231492996216,0.17606118321418762,0.24247094988822937,0.25189679861068726,0.02930973470211029,-0.21377016603946686,-0.013063222169876099,0.04511326551437378,0.1876843273639679,0.4259462058544159,0.3468225598335266,0.49806147813796997,0.14633052051067352,0.005600661039352417,0.09224128723144531,-1.0991880893707275,0.30660271644592285,-1.3449292182922363,-1.4128577709197998,-3.108487844467163,-2.164637804031372,-0.44990527629852295,-2.9012064933776855,-7.029546737670898,-4.544088363647461,-2.0247585773468018,0.348768949508667,-0.3189045786857605
8.0108642578125e-05,0.18807420134544373,0.2553861141204834,0.4701542258262634,0.49703800678253174,0.3248083293437958,0.2840375006198883,0.4664604663848877,0.8430777788162231,0.9451591968536377,1.2391765117645264,0.9074864387512207,0.6615118980407715,0.8187614679336548,0.6627333164215088,0.5546314716339111,0.43741124868392944,0.5013481378555298,-0.059001386165618896,0.863569438457489,1.8919658660888672,0.4353238344192505,5.241920471191406,6.369112968444824,7.621565818786621,7.991422653198242,9.09005069732666,5.420987129211426,1.868029236793518
0.038818359375,0.2538895905017853,0.36972731351852417,0.3952711224555969,0.32637733221054077,0.16022652387619019,0.08621424436569214,-0.5627628564834595,-0.6221953630447388,-0.36143431067466736,-0.957438588142395,-0.7625925540924072,-1.3170872926712036,-1.8691887855529785,-1.4219365119934082,-1.9342350959777832,-2.114454984664917,-2.0318613052368164,-4.104919910430908,-4.878314971923828,-5.143991470336914,-7.915472030639648,-12.073487281799316,-14.882126808166504,-17.325077056884766,-18.49831199645996,-20.17816925048828,-17.898670196533203,-4.676389694213867
0.043701171875,0.256200909614563,0.38146376609802246,0.7072446942329407,0.8396015167236328,0.6003861427307129,0.09525832533836365,0.2296159565448761,-0.044612348079681396,0.022378399968147278,-0.03238091617822647,-0.4236638844013214,-0.42524996399879456,-0.18021702766418457,-0.5422952771186829,-0.18386757373809814,0.502713143825531,1.8470851182937622,0.8025579452514648,0.7684582471847534,2.1700315475463867,1.7730432748794556,2.0186643600463867,1.742091178894043,-0.5921459197998047,1.53814697265625,4.69199275970459,4.942931652069092,1.6725287437438965
0.058349609375,0.22609227895736694,0.0044807493686676025,0.06752493977546692,0.06814239919185638,0.40905553102493286,0.10377368330955505,0.8659751415252686,0.6938769817352295,0.3296554386615753,-0.020210906863212585,0.10315431654453278,0.0010812878608703613,-0.11762961000204086,-0.4148712456226349,-0.22799144685268402,-0.9599052667617798,-0.2944371700286865,-1.0723299980163574,-2.3147411346435547,-4.478151321411133,-4.061144828796387,-6.263379096984863,-5.014104843139648,-4.5770039558410645,-5.18110466003418,-8.769548416137695,-3.7807414531707764,-0.5310283303260803
-0.0038604736328125,-0.6887709498405457,-0.7587897181510925,-0.9426612257957458,-1.1942036151885986,-1.1807423830032349,-1.4242949485778809,-1.3772609233856201,-1.4022719860076904,-1.5188754796981812,-3.0947141647338867,-3.0815842151641846,-2.91813588142395,-2.5865578651428223,-2.8689770698547363,-2.571079730987549,-2.4992287158966064,-5.76622200012207,-5.008627891540527,-5.853577136993408,-7.530157089233398,-14.618947982788086,-12.500431060791016,-13.659977912902832,-14.45405387878418,-15.862016677856445,-17.538381576538086,-2.784264326095581,-0.6918201446533203
0.01611328125,-0.04583750665187836,-0.05562831461429596,-0.02559315785765648,0.0600709542632103,-0.09769151359796524,-0.46927228569984436,-0.43987804651260376,-0.3852406442165375,-0.24009227752685547,-0.5570250749588013,-0.5319968461990356,-0.3400973379611969,-0.05509878695011139,-0.5928471684455872,-0.6420543789863586,-0.1450251191854477,-0.6909423470497131,-0.5982194542884827,0.7780565619468689,0.7653646469116211,0.9234261512756348,5.72286319732666,8.753674507141113,12.826315879821777,13.899964332580566,7.6562652587890625,5.418718338012695,0.6569162011146545
0.02587890625,0.04414166137576103,-0.10967056453227997,-0.09341359883546829,-0.34860512614250183,-0.32444971799850464,-0.05510057508945465,-0.4493100643157959,-0.5773928165435791,-0.45202672481536865,-0.5615952014923096,0.1282634735107422,0.5369032621383667,0.6600697636604309,0.9521856307983398,1.0919160842895508,0.5664091110229492,2.0499205589294434,2.420731782913208,2.2211034297943115,0.5581762790679932,0.17263329029083252,-0.3127864599227905,-2.5307109355926514,-3.18544340133667,-6.043628692626953,-7.89078426361084,-9.180702209472656,-2.1551156044006348
0.015380859375,-0.04830576106905937,0.17834600806236267,0.17607346177101135,0.4374391436576843,0.2240588217973709,0.30326682329177856,0.024806007742881775,0.006936527788639069,-0.014714548364281654,-0.1990695297718048,-0.040849894285202026,0.32278621196746826,0.32416245341300964,0.04270511865615845,0.1257702261209488,-0.7850601673126221,-0.7769320011138916,0.3142852783203125,1.231891393661499,2.367002010345459,6.209841728210449,10.758575439453125,12.431550025939941,10.829429626464844,8.40363883972168,7.153739929199219,4.227837562561035,1.279329776763916
-0.016357421875,-0.11645224690437317,-0.2035297155380249,-0.14392255246639252,0.03998081386089325,0.17251142859458923,0.08018215000629425,0.10239376872777939,0.17561125755310059,-0.08764943480491638,-0.17146533727645874,-0.26703453063964844,-0.5346983671188354,-0.348633348941803,-0.09760121256113052,0.531197726726532,0.909091591835022,0.5782519578933716,0.9815736413002014,0.04696613550186157,-0.8646398186683655,-2.7046241760253906,-3.1367733478546143,-0.23812246322631836,-1.1065964698791504,0.9139471054077148,1.3183262348175049,1.6813480854034424,-0.4121945798397064
0.0224609375,0.22196577489376068,0.2514050006866455,0.3820011019706726,0.21987831592559814,0.2293258160352707,0.5713905692100525,0.3356228470802307,0.38023054599761963,0.08719015121459961,0.15572471916675568,-0.2679137587547302,0.015148192644119263,-0.2372274398803711,-0.2549685537815094,0.6970009803771973,0.05839875340461731,-0.21972337365150452,-1.144313931465149,-1.468825101852417,-3.895571708679199,-2.756669282913208,-2.167755126953125,-4.235292434692383,-4.577648639678955,-7.328799724578857,-4.743966579437256,-2.5505547523498535,-1.6605874300003052
0.048828125,-0.005602177232503891,-0.05842762812972069,0.04346012696623802,-0.356503963470459,-0.1715691089630127,0.10848528146743774,-0.3107733130455017,0.5123625993728638,0.8480744361877441,0.2838459014892578,0.2770686149597168,0.6315133571624756,0.6706767082214355,0.6135843992233276,-0.11719664931297302,0.5226330757141113,0.060189664363861084,-0.7690064907073975,-0.5692781209945679,-1.9150774478912354,0.11152946949005127,1.9048629999160767,3.3105034828186035,2.176287889480591,5.480601787567139,-0.9691276550292969,-2.3230462074279785,-0.20509223639965057
-0.01507568359375,0.02489311993122101,-0.12072135508060455,-0.13057932257652283,-0.04114709794521332,-0.10410048067569733,-0.35605472326278687,-0.5362851619720459,-0.39876702427864075,-0.17086189985275269,-0.16563287377357483,-0.06564481556415558,-0.5416281819343567,-0.4837484359741211,-0.19768643379211426,-0.018773674964904785,0.3820360004901886,0.1447465419769287,0.8582872152328491,1.0080188512802124,-0.18864059448242188,1.1412019729614258,2.607926845550537,4.888156414031982,2.6148009300231934,0.5482339262962341,-4.985041618347168,-2.4607388973236084,-1.597164273262024
0.04052734375,0.19112887978553772,0.258697509765625,0.13642150163650513,-0.05806709825992584,-0.23199471831321716,0.22665712237358093,0.2563256323337555,0.6404743194580078,0.43914198875427246,0.8943975567817688,0.851406991481781,0.9469366073608398,0.8651688098907471,0.6898015141487122,0.7742419838905334,0.5827504396438599,0.24208611249923706,-0.08258157968521118,0.07106375694274902,2.4967684745788574,6.3153886795043945,6.672342300415039,8.696684837341309,12.642026901245117,12.656458854675293,12.64897346496582,12.454917907714844,2.0667552947998047
-0.052001953125,-0.19527259469032288,-0.3006647527217865,-0.23037631809711456,-0.6333097219467163,-0.5063258409500122,-0.505403459072113,-0.3878740072250366,-0.47243842482566833,-0.6827629804611206,-1.513406753540039,-2.2566423416137695,-2.9282820224761963,-2.813971519470215,-2.897392988204956,-3.335170269012451,-4.150921821594238,-5.161055564880371,-6.397728443145752,-9.639041900634766,-11.83569622039795,-16.756275177001953,-21.404294967651367,-25.650676727294922,-25.63054656982422,-29.54783821105957,-30.849409103393555,-29.119686126708984,-6.339123725891113
0.0103759765625,-0.08022589236497879,-0.2360840141773224,-0.4047224521636963,-0.47202154994010925,-0.36238330602645874,-0.6797600984573364,-0.3454459309577942,-0.764114499092102,-0.9344382882118225,-1.0857367515563965,-1.2237639427185059,-1.5298196077346802,-1.5796617269515991,-2.14223313331604,-1.3536899089813232,-1.769391417503357,-2.0010318756103516,-3.658259630203247,-3.8824751377105713,-4.450006008148193,-6.589099884033203,-11.826618194580078,-12.180205345153809,-13.212303161621094,-12.106857299804688,-15.017849922180176,-11.692878723144531,-2.5507917404174805
-0.0517578125,0.06996665149927139,0.04000440239906311,0.16305485367774963,-0.17058484256267548,-0.04981091618537903,0.11382217705249786,0.06192256510257721,0.02304791659116745,-0.055060990154743195,0.2624983489513397,0.3159182369709015,0.6316612958908081,0.8189882636070251,0.9521504044532776,0.9642847180366516,1.1308046579360962,-0.4891700744628906,-1.9784343242645264,-2.432343006134033,-3.6652133464813232,-5.7220635414123535,-8.323752403259277,-9.717212677001953,-11.148979187011719,-11.363018989562988,-12.986618995666504,-16.325401306152344,-3.490201711654663
0.00347900390625,0.10711000114679337,0.17190909385681152,0.10742181539535522,0.02881932258605957,-0.090773805975914,0.04504210129380226,0.16101890802383423,-0.09303086996078491,-0.0840258002281189,-0.563150942325592,0.11553603410720825,0.7148358821868896,0.5273634195327759,1.082944631576538,1.1261054277420044,1.1887915134429932,1.7815420627593994,4.165798187255859,2.089367389678955,2.316560745239258,3.2463481426239014,0.343250036239624,1.0734533071517944,0.47300857305526733,4.292086601257324,6.509436130523682,3.994035005569458,0.4517399072647095
-0.0155029296875,0.012310463935136795,-0.09530534595251083,0.0941033810377121,0.12479384243488312,0.599827766418457,0.5234552621841431,0.5707695484161377,0.7671162486076355,0.6943837404251099,0.82546067237854,0.8764703869819641,0.9736218452453613,0.9378620386123657,0.8374486565589905,1.436457872390747,1.297423005104065,1.5366599559783936,1.773590087890625,2.520585060119629,1.0387086868286133,-0.50154709815979,-1.6966063976287842,-2.6471354961395264,-1.4884753227233887,-2.211928367614746,-1.32035231590271,-0.31609246134757996,-0.736846923828125
0.02783203125,0.20957046747207642,0.04221820831298828,0.10525348037481308,-0.21701361238956451,0.08492118120193481,-0.09355726838111877,0.22285649180412292,0.42031562328338623,0.5816028118133545,0.14077579975128174,-0.02815103530883789,-0.7745468020439148,-0.3096522390842438,-0.9040626287460327,-0.7724592685699463,-1.519066333770752,-2.765808582305908,-2.1464734077453613,-2.352674961090088,-5.353472709655762,-5.457517623901367,-8.720765113830566,-8.467805862426758,-7.019874095916748,-8.16646671295166,-8.946371078491211,-4.233175754547119,-0.44985777139663696
0.03125,-0.058637917041778564,-0.043448373675346375,0.10397320240736008,0.0778534933924675,-0.04159994423389435,0.20665264129638672,-0.11259809136390686,0.22530613839626312,0.13502317667007446,-0.07940861582756042,0.026094146072864532,-0.17711547017097473,-0.5210292935371399,-0.4211932420730591,0.15736621618270874,0.19009187817573547,-0.3564390540122986,-1.144657015800476,-0.6596983671188354,-2.7521300315856934,-1.6755298376083374,-1.72115159034729,1.6541087627410889,-0.19193387031555176,-3.3902041912078857,1.2967756986618042,2.664590358734131,1.0978773832321167
-0.0123291015625,0.13278350234031677,0.3620208203792572,0.14975549280643463,0.307211309671402,0.08983836323022842,0.04241278022527695,-0.13884533941745758,-0.1580897718667984,-0.2347743809223175,-0.8519638776779175,-1.8584011793136597,-2.0363941192626953,-2.2262558937072754,-1.6417062282562256,-1.53583562374115,-2.5739409923553467,-2.2427849769592285,-2.1006698608398438,-3.023732900619507,-5.044783115386963,-4.875910758972168,-4.823424816131592,-6.761244773864746,-5.507011413574219,-9.900142669677734,-10.622413635253906,-8.611480712890625,-2.917182207107544
-0.0498046875,-0.1957434117794037,-0.09398595988750458,-0.2508116364479065,-0.19749820232391357,-0.04674212634563446,-0.45471978187561035,-0.01881164312362671,-0.025512516498565674,-0.03762952238321304,-0.41242486238479614,-0.9615185260772705,-1.4058587551116943,-1.6144853830337524,-1.5728371143341064,-1.4961581230163574,-1.9056214094161987,-2.4896769523620605,-3.434652090072632,-4.270854949951172,-7.726729393005371,-9.023149490356445,-8.288135528564453,-7.562230110168457,-6.3973469734191895,-9.601410865783691,-11.660065650939941,-11.418269157409668,-2.26564621925354
0.0306396484375,-0.28100597858428955,-0.027241945266723633,0.13769599795341492,0.2399044632911682,0.5637477040290833,0.6291526556015015,0.9341682195663452,1.1934778690338135,0.9171856045722961,0.32715165615081787,1.0303555727005005,1.7445249557495117,1.8828513622283936,2.0609586238861084,1.9729658365249634,1.4013594388961792,1.9730098247528076,1.7669434547424316,2.397618055343628,3.7468550205230713,2.641307830810547,3.8928534984588623,6.37128210067749,9.582414627075195,10.982202529907227,9.291300773620605,8.502954483032227,2.7404580116271973
-0.0107421875,-0.015674740076065063,-0.08934468775987625,-0.3141041398048401,-0.43342524766921997,-0.32888856530189514,-0.41355985403060913,-0.6030304431915283,-1.2571475505828857,-1.2645258903503418,-1.0581691265106201,-0.7965515851974487,-1.1930500268936157,-1.5973950624465942,-1.9117416143417358,-2.4947636127471924,-2.610696315765381,-3.496560573577881,-4.272671699523926,-5.61973762512207,-8.352461814880371,-10.193305969238281,-11.423580169677734,-10.2204008102417,-10.307117462158203,-8.734314918518066,-8.944293022155762,-12.031030654907227,-2.7421317100524902
0.042236328125,0.6079934239387512,0.679471492767334,0.6742047667503357,0.7938767671585083,0.526472270488739,0.8434003591537476,0.6941813826560974,0.49031540751457214,0.2954428195953369,1.5582093000411987,1.7159912586212158,1.9508960247039795,2.2305541038513184,1.704368233680725,1.2347832918167114,1.247572422027588,1.2263442277908325,1.7135761976242065,1.6717350482940674,1.367238998413086,2.10076642036438,-0.25121021270751953,0.7259160280227661,-0.5994327068328857,-2.376990795135498,-5.138420104980469,-5.674644470214844,-0.1662457287311554
0.0172119140625,-0.25995543599128723,-0.2273116409778595,0.12307173013687134,-0.03780452162027359,-0.1425037682056427,0.3696015477180481,0.23585692048072815,-0.2571469247341156,-0.10386744141578674,0.4445115923881531,0.6682820916175842,0.29707175493240356,-0.32323020696640015,-0.7029353976249695,-0.09666937589645386,-0.6897929310798645,-0.42002832889556885,-0.2580275535583496,-0.3299124240875244,-1.1941883563995361,-2.074556350708008,2.0000627040863037,2.721432685852051,5.042585849761963,6.380029678344727,4.4429931640625,1.3294522762298584,1.2222883701324463
-0.0034942626953125,-0.24307756125926971,-0.15171927213668823,0.0010423362255096436,0.0673229768872261,-0.252728670835495,-0.5084506273269653,-0.4996691346168518,-0.47244715690612793,-0.744604766368866,-0.752238929271698,-0.955118715763092,-1.4389863014221191,-1.8175674676895142,-1.5469692945480347,-1.6773743629455566,-1.7002040147781372,-1.998833417892456,-2.9200305938720703,-1.9119880199432373,-1.5988534688949585,-0.6546670198440552,2.6565301418304443,3.9812653064727783,3.9134678840637207,0.4855976104736328,0.9695310592651367,2.434993267059326,0.033895738422870636
-0.009765625,0.14357604086399078,0.015240587294101715,-0.05672825127840042,0.2958448529243469,0.2906034588813782,0.0028984546661376953,-0.02563980221748352,0.0011318773031234741,0.19078002870082855,-0.30193835496902466,-0.9482132792472839,-0.8908779621124268,-0.8952174782752991,-0.592714786529541,-0.5955936908721924,-0.9027856588363647,-1.7545682191848755,-2.066112518310547,-2.091323137283325,-1.3318578004837036,1.9236794710159302,1.1738452911376953,0.5339392423629761,2.3958537578582764,3.1936228275299072,4.875980377197266,2.885390043258667,2.0328028202056885
-0.0419921875,-0.2973702847957611,-0.26849526166915894,-0.40239542722702026,-0.1840432733297348,-0.12672579288482666,-0.22196346521377563,-0.522097647190094,-0.6499457359313965,-0.5510951280593872,-1.0209786891937256,-1.2596235275268555,-1.6594891548156738,-1.114525318145752,-1.5617269277572632,-1.9956597089767456,-3.0754642486572266,-3.694714069366455,-6.938180923461914,-8.849380493164062,-10.64540958404541,-13.566510200500488,-13.906750679016113,-13.228963851928711,-14.538679122924805,-14.903731346130371,-22.00893783569336,-17.977954864501953,-3.5616259574890137
-0.058349609375,-5.742907524108887e-05,0.010158811695873737,0.14572963118553162,0.0380682647228241,0.03241925686597824,0.2409711331129074,0.3862943947315216,0.31695181131362915,0.5120546817779541,-0.13642817735671997,-0.24417519569396973,-0.1794276088476181,-0.021106407046318054,-0.021048132330179214,0.031090527772903442,0.019115924835205078,0.3345601260662079,0.7048813104629517,0.11845684051513672,3.095646619796753,5.230930328369141,8.524770736694336,11.557239532470703,11.71462631225586,10.669537544250488,10.886285781860352,11.449552536010742,1.4649025201797485
0.023681640625,0.07221526652574539,0.25634774565696716,0.09176653623580933,0.288907915353775,0.03643447160720825,0.09351654350757599,0.23819079995155334,0.08142830431461334,0.35966020822525024,0.5088027715682983,0.42490673065185547,1.0137821435928345,1.2543710470199585,1.424415111541748,1.4461908340454102,1.3741542100906372,1.3009915351867676,1.9059398174285889,3.8235814571380615,3.614759683609009,4.2634968757629395,3.8876357078552246,4.698904037475586,5.2648491859436035,5.549979209899902,7.712665557861328,8.122902870178223,3.0116190910339355
0.0220947265625,-0.12643104791641235,-0.11873567849397659,-0.2027449905872345,-0.13007380068302155,0.26134350895881653,0.012614250183105469,0.2042403221130371,0.3342207670211792,0.3018617331981659,0.11536732316017151,0.9986093044281006,0.6212273240089417,0.4637049734592438,0.7003055810928345,0.2947017550468445,0.9277178049087524,0.37165606021881104,0.07646441459655762,-0.33095869421958923,-0.1597602367401123,-2.06779146194458,-6.883624076843262,-6.1753387451171875,-8.197280883789062,-6.302223205566406,-8.322850227355957,-10.227325439453125,-2.815182685852051
0.01531982421875,0.21008862555027008,0.29573798179626465,0.30451613664627075,0.16830560564994812,0.560112714767456,0.5330487489700317,0.5136339664459229,0.03200080990791321,0.05753535032272339,0.24134480953216553,0.23101067543029785,0.4009249210357666,0.7230318784713745,0.7210887670516968,0.5580981969833374,0.5486924648284912,-0.41091251373291016,0.23225855827331543,-0.5827131271362305,0.6515377163887024,0.9038872718811035,-0.08257132768630981,1.0429141521453857,-0.11945139616727829,-3.880722999572754,-6.336745262145996,-6.18904447555542,-1.921292781829834
0.083984375,0.22363711893558502,0.17493154108524323,0.1393703818321228,0.33732014894485474,0.5336370468139648,0.8873709440231323,0.8726929426193237,1.0791988372802734,1.099759817123413,1.825457215309143,2.3742012977600098,3.165915012359619,3.0255799293518066,2.7606747150421143,2.897986888885498,3.3355183601379395,3.6985554695129395,4.001639366149902,6.284180641174316,5.889603614807129,6.358477592468262,7.21294641494751,5.407373428344727,5.897505760192871,5.527359962463379,5.433921813964844,9.609933853149414,1.8311147689819336
0.016845703125,-0.030613981187343597,-0.019345000386238098,0.061443403363227844,-0.13600867986679077,-0.1631399691104889,-0.07120034098625183,0.20335626602172852,0.4476746618747711,0.09774449467658997,-0.33701762557029724,0.009347677230834961,0.3718727231025696,0.5362447500228882,-0.3327844738960266,0.37826424837112427,-0.0979061871767044,-0.10209912061691284,0.9038406610488892,0.4765162467956543,-1.202514886856079,-0.034503817558288574,1.2548524141311646,3.005685329437256,2.7136356830596924,1.5716218948364258,5.980640411376953,6.695499897003174,-3.899841785430908
0.00531005859375,0.12791097164154053,0.25866925716400146,0.12891505658626556,0.12408055365085602,0.2545003294944763,-0.03597256541252136,0.11896727234125137,-0.06278335303068161,-0.21653401851654053,0.9478528499603271,0.9656147956848145,1.0859719514846802,1.2503163814544678,1.574432373046875,1.4041587114334106,2.2966103553771973,3.6280229091644287,5.417535781860352,5.549454212188721,7.663510322570801,8.764364242553711,11.318304061889648,10.932268142700195,9.560327529907227,11.440278053283691,13.573589324951172,14.754827499389648,2.373852491378784
0.03759765625,0.04610631614923477,-0.1138102114200592,0.0215340256690979,0.23724599182605743,0.3566952347755432,0.33426031470298767,-0.09472568333148956,-0.25692009925842285,-0.021706029772758484,0.4220377802848816,0.22979606688022614,0.303377628326416,-0.008636325597763062,-0.2499622106552124,-0.19337669014930725,-0.7494574785232544,-1.3733487129211426,-0.40691709518432617,-2.6024980545043945,-3.155398368835449,-2.9801278114318848,-1.8834195137023926,-0.8650524616241455,0.8205970525741577,-0.02561020851135254,-3.3069164752960205,-3.977555274963379,-1.1515257358551025
-0.0322265625,0.05440492928028107,0.05973365902900696,-0.028613954782485962,0.019581563770771027,-0.17437872290611267,-0.24157565832138062,-0.2568051218986511,-0.4260806441307068,-0.7302435636520386,-0.39794307947158813,-0.4794601798057556,-0.43941977620124817,-0.5786714553833008,-0.6190940737724304,-0.545837938785553,0.632474422454834,-0.04028475284576416,-0.26092320680618286,-0.127282053232193,-0.23602363467216492,-4.8410515785217285,-5.260994911193848,-7.187453269958496,-7.147577285766602,-8.787714004516602,-6.9334516525268555,-7.659442901611328,-2.8366918563842773
0.00994873046875,0.021940000355243683,0.020943693816661835,-0.06984531879425049,-0.10909757018089294,-0.1827254295349121,-0.29109686613082886,-0.6254943609237671,-0.4390449821949005,0.14237278699874878,-0.002649664878845215,0.4332934021949768,0.8318889737129211,0.9024433493614197,1.1303801536560059,1.3529523611068726,1.5109437704086304,3.633512258529663,3.290562629699707,2.7741451263427734,0.8171709775924683,2.9287269115448,4.955374717712402,2.99111008644104,2.148623466491699,5.3734588623046875,5.6925835609436035,8.85800552368164,3.741612434387207
0.00628662109375,0.20247390866279602,0.20469704270362854,0.09950589388608932,0.04314499720931053,0.176832914352417,0.24081933498382568,-0.08597347140312195,0.03712170571088791,0.5051116943359375,0.3818100690841675,0.9912782907485962,0.38948678970336914,0.3574955463409424,0.6592682003974915,0.7976242303848267,0.41361334919929504,0.8939497470855713,-0.23047566413879395,0.44997233152389526,0.0368349552154541,0.7130018472671509,-3.204836130142212,-2.131714105606079,-6.304937839508057,-7.832225799560547,-5.671271324157715,-7.938687801361084,-0.7239118814468384
0.051513671875,0.026327013969421387,0.1736551821231842,0.4052601456642151,0.4840345084667206,0.6055626273155212,0.6824684143066406,1.1172810792922974,1.0021133422851562,1.6189813613891602,0.9535831212997437,0.9655150175094604,0.9847183227539062,1.2642079591751099,0.9565947651863098,0.7933555245399475,0.8832486867904663,1.6096242666244507,3.0594208240509033,2.4710614681243896,1.350165843963623,0.05138510465621948,3.847898006439209,6.82708740234375,5.41973352432251,1.4490289688110352,2.1766412258148193,2.8768744468688965,0.4172699451446533
-0.031005859375,0.014241039752960205,0.037127092480659485,0.12703648209571838,-0.13172432780265808,-0.14338605105876923,-0.16349509358406067,0.10493868589401245,-0.33614856004714966,-0.27670133113861084,-0.4040248692035675,-0.12675082683563232,-0.776188850402832,-0.9755063652992249,-1.0543608665466309,-1.1723226308822632,-1.4284327030181885,-1.8947244882583618,-3.3689682483673096,-2.813641309738159,-2.9969239234924316,-3.466921806335449,-1.284290075302124,-2.383345127105713,-1.1421172618865967,-1.6695711612701416,-0.07002544403076172,2.2685153484344482,0.9448533654212952
0.0238037109375,-0.19334426522254944,-0.260140061378479,-0.2504079043865204,-0.2263982743024826,-0.12752075493335724,-0.5438469648361206,0.17068028450012207,-0.3829583525657654,-0.3034513592720032,-0.09179365634918213,0.6480712294578552,0.1652761697769165,0.661885678768158,1.0085694789886475,1.0898067951202393,1.305674433708191,0.8710735440254211,1.3356542587280273,1.0427228212356567,2.2173590660095215,1.629508137702942,1.282771110534668,2.3244590759277344,2.5733041763305664,4.02548360824585,3.5141987800598145,9.08980655670166,2.0447216033935547
0.0038299560546875,0.29087573289871216,0.18413205444812775,0.5304345488548279,0.713792085647583,0.5527443885803223,0.49817711114883423,0.7653923034667969,0.7010575532913208,0.6483966708183289,0.4985846281051636,0.09536272287368774,0.3713434934616089,0.5139968991279602,0.5721465945243835,0.7115445137023926,0.7873741388320923,-0.3477470278739929,-0.4247561991214752,0.4222499132156372,-1.7823561429977417,-2.2003562450408936,-7.719099044799805,-7.9947004318237305,-9.375231742858887,-10.374908447265625,-8.251387596130371,-9.784656524658203,-2.9956860542297363
-0.030517578125,0.07747933268547058,0.1150067001581192,0.22421321272850037,0.275127649307251,0.11645936965942383,0.6537156105041504,0.4239449203014374,-0.08181005716323853,0.1859477460384369,0.2204034924507141,0.6501985788345337,0.7856252193450928,0.5782044529914856,1.1169484853744507,1.5088932514190674,1.3098546266555786,1.505079984664917,0.9250953793525696,2.569903612136841,1.2598938941955566,0.3272908926010132,-1.7395086288452148,-2.2434134483337402,-0.9322922229766846,-1.5634089708328247,-1.6334483623504639,1.9641051292419434,-1.2390224933624268
-0.005035400390625,-0.11141207814216614,0.014066874980926514,-0.5040245056152344,-0.5428104996681213,-0.366821825504303,-0.12679219245910645,-0.2072628289461136,0.1076211929321289,0.02539023756980896,-0.7253711223602295,-0.11098146438598633,0.0467795729637146,-0.4881379306316376,-0.16553914546966553,-0.4214130640029907,-0.9614961743354797,-0.533782958984375,-1.582162618637085,-2.8468003273010254,-4.0804619789123535,-6.239474773406982,-6.173924446105957,-8.575350761413574,-9.519685745239258,-9.639829635620117,-10.136463165283203,-10.733970642089844,-2.0551235675811768
0.0196533203125,-0.1692560315132141,-0.2579220235347748,0.15650814771652222,0.06312641501426697,0.07074526697397232,0.1922583132982254,0.29780077934265137,-0.13027602434158325,0.252324640750885,0.04655437171459198,0.9788668155670166,1.4572709798812866,1.2090367078781128,1.1778980493545532,0.8352822065353394,1.6571356058120728,1.272034764289856,2.39939546585083,2.15488862991333,4.293667316436768,5.079096794128418,4.161059379577637,5.830085277557373,8.093814849853516,6.803379535675049,3.4493141174316406,1.582000732421875,0.3203614056110382
-0.0250244140625,0.09607146680355072,0.10568927973508835,0.012105748057365417,0.28245899081230164,0.26243162155151367,-0.23140981793403625,-0.3776507079601288,-0.4887252449989319,-0.4607500433921814,-0.6740075349807739,-1.1789653301239014,-1.5486341714859009,-1.075859785079956,-1.3519567251205444,-1.058781623840332,-1.8388407230377197,-2.0302557945251465,-1.431516170501709,-1.702120304107666,-1.0958375930786133,-1.495957612991333,-1.8583405017852783,1.7621231079101562,1.8445260524749756,2.93092679977417,4.449080944061279,2.9736294746398926,0.7971593141555786
-0.026123046875,0.06419747322797775,0.20608916878700256,0.03393442928791046,0.005034267902374268,0.21200159192085266,0.331623375415802,0.24619804322719574,0.2248615324497223,0.3606480658054352,-0.09545376896858215,-0.40630418062210083,0.15741941332817078,-0.48437994718551636,-0.3177516758441925,0.07563754916191101,-0.4786088168621063,-0.40604355931282043,-0.5105757713317871,0.5356476306915283,3.7831835746765137,5.091799259185791,7.701591491699219,7.553812503814697,9.383980751037598,12.271503448486328,12.226234436035156,11.221118927001953,2.439633369445801
0.045654296875,0.046657830476760864,-0.03929997608065605,-0.1638389527797699,0.01983019709587097,0.048167645931243896,-0.012074895203113556,0.30481794476509094,0.6627233028411865,0.3197360038757324,0.1465238332748413,-0.22950895130634308,-0.5700830221176147,-0.4945469796657562,-0.3013181686401367,-0.4649752378463745,-0.9035512804985046,-1.8808863162994385,-1.8488339185714722,-3.0442912578582764,-0.928703784942627,-0.8502527475357056,-2.0507097244262695,-3.9704337120056152,-4.177815914154053,-6.507070541381836,-7.745107173919678,-3.9673502445220947,-1.0795233249664307
0.003204345703125,-0.15528717637062073,-0.16371524333953857,-0.2159055471420288,-0.021256282925605774,-0.031116735190153122,-0.30831748247146606,-0.23534071445465088,0.05352555215358734,-0.04687418043613434,0.27248746156692505,-0.46041998267173767,-0.20928902924060822,-0.628986656665802,-0.03249764442443848,0.009971339255571365,0.11499768495559692,0.4269047975540161,-0.2635483741760254,0.5436427593231201,1.6737889051437378,3.605666160583496,0.36364221572875977,-0.41365718841552734,0.0010870695114135742,2.8902978897094727,0.7781201601028442,3.0578627586364746,0.24999091029167175
-0.0032501220703125,0.0397389680147171,0.056341029703617096,0.029365621507167816,0.20979732275009155,0.17356164753437042,-0.1454007923603058,-0.00945425033569336,0.4375792145729065,-0.09265193343162537,0.09904640913009644,0.6651707887649536,0.2786030173301697,0.6920456290245056,0.7424924373626709,0.41666945815086365,-0.1573740541934967,-1.2845226526260376,-0.6225060224533081,-1.3100759983062744,-0.757900059223175,1.9708677530288696,1.812621831893921,-0.11224329471588135,-0.43997740745544434,2.995880126953125,3.5599701404571533,7.532711029052734,2.0084547996520996
-0.00592041015625,0.1063288226723671,0.22534146904945374,0.3106857240200043,0.3571641445159912,0.18492744863033295,-0.3060113191604614,-0.17868509888648987,-0.021716266870498657,-0.45425426959991455,-0.14317625761032104,-0.6539793014526367,-1.319229245185852,-1.300058126449585,-0.9422035217285156,-1.102491855621338,-1.1062017679214478,-1.7018969058990479,-3.3682591915130615,-3.875901222229004,-4.71680212020874,-5.4220499992370605,-3.335176706314087,-3.2125494480133057,-3.9431207180023193,-6.753442764282227,-5.680265426635742,-5.734550952911377,-0.6271144151687622
-0.01416015625,-0.11247380077838898,-0.33264821767807007,-0.23033995926380157,-0.4355248212814331,-0.1357852667570114,-0.362477570772171,0.08237278461456299,-0.5243380069732666,0.019320577383041382,-0.35614508390426636,0.0952979028224945,0.2739102840423584,-0.6739985942840576,-0.8551293015480042,-0.22840744256973267,-0.26047518849372864,-1.5627728700637817,-3.386950969696045,-5.795368194580078,-7.1258864402771,-8.946982383728027,-8.777680397033691,-7.203855037689209,-8.464301109313965,-12.647710800170898,-21.20513916015625,-29.59013557434082,-21.39456558227539
-0.04150390625,-0.32071107625961304,-0.4659188389778137,-0.5381763577461243,-0.06968691945075989,-0.0011110417544841766,-0.0877629965543747,-0.2571973502635956,-0.25858253240585327,-0.31896883249282837,-0.034701019525527954,0.21841102838516235,0.19228315353393555,0.10266768932342529,-0.029526270925998688,-0.016089439392089844,-0.189927339553833,-0.33423200249671936,0.38616442680358887,0.05754292011260986,-1.0682611465454102,-1.8930683135986328,-2.532473087310791,0.47997069358825684,-0.12086784839630127,0.3486363887786865,2.9901909828186035,7.489292144775391,1.1527807712554932
0.0264892578125,0.1582309603691101,0.038538724184036255,0.1436455100774765,0.16077396273612976,0.3096054792404175,0.46300798654556274,0.21331362426280975,1.2304900884628296,0.9759669303894043,1.238804817199707,2.001035213470459,2.550445318222046,2.7063868045806885,2.6345531940460205,2.594923973083496,3.003939628601074,3.8941750526428223,5.179206848144531,6.264129161834717,6.598870277404785,7.15673303604126,9.146905899047852,9.241167068481445,8.104185104370117,8.194543838500977,7.860324382781982,8.502616882324219,2.1238536834716797
0.00677490234375,0.024431154131889343,-0.02266203798353672,-0.06270740926265717,0.5160515308380127,0.08295965194702148,-0.18096569180488586,-0.24612955749034882,-0.22886846959590912,-0.2458532750606537,-0.46173709630966187,-0.8476384878158569,-0.6868919134140015,-0.934308648109436,-0.6374809741973877,-0.3078763484954834,0.4506046175956726,-0.38241633772850037,-0.6575645804405212,-1.0978288650512695,-0.454578161239624,0.7620434165000916,4.120059967041016,5.902490139007568,3.977482795715332,6.57440710067749,8.878056526184082,13.288613319396973,1.9060486555099487
0.0194091796875,0.31658774614334106,0.4154300093650818,0.3622239828109741,0.40969228744506836,0.13970571756362915,0.2432880699634552,-0.02083471417427063,0.3356170058250427,0.2594822645187378,0.412632018327713,-0.2121082991361618,-0.6387094259262085,-0.8642707467079163,-0.3644716143608093,-0.40494653582572937,-0.9772013425827026,-1.8042449951171875,-2.3068575859069824,-4.621423721313477,-2.4582996368408203,-2.88037371635437,-2.7729101181030273,-2.663323402404785,-4.055151462554932,-4.760223388671875,-2.319638729095459,-2.9436357021331787,-1.182619333267212
-0.0478515625,-0.01652306132018566,-0.025994837284088135,0.04863140732049942,-0.21656113862991333,-0.2680930495262146,-0.10126608610153198,-0.11118718981742859,-0.2786736786365509,-0.45302093029022217,-0.7700393199920654,-0.9693436026573181,-0.25698065757751465,-0.7583558559417725,-1.275292992591858,-1.3301218748092651,-1.2679939270019531,-2.391951084136963,-2.532527446746826,-2.981637477874756,-2.6741132736206055,-3.945354700088501,-4.209024906158447,-2.671952247619629,-2.4347727298736572,-2.149362564086914,0.5402145385742188,2.4128613471984863,1.4072941541671753
0.020751953125,-0.038144901394844055,-0.150686115026474,-0.19219881296157837,-0.18845179677009583,-0.1607952117919922,-0.4368683099746704,-0.8045926094055176,-1.2072205543518066,-1.5148612260818481,-1.3272520303726196,-1.341072678565979,-1.6422338485717773,-1.3922146558761597,-0.826988697052002,-0.7703769207000732,-0.6230193376541138,-0.19728314876556396,-0.32164400815963745,-1.6086649894714355,-3.392279863357544,-6.705704212188721,-6.4056596755981445,-7.721407890319824,-7.353298187255859,-9.250066757202148,-9.239481925964355,-8.37142276763916,-2.701730251312256
0.044921875,-0.0576135516166687,-0.1602763682603836,-0.1296021044254303,-0.4410891532897949,-0.24838238954544067,-0.3844515383243561,-0.90432208776474,0.12139236927032471,0.2218032032251358,-0.10367503762245178,-0.1582033932209015,-0.3888114094734192,-0.18759852647781372,-0.4483058452606201,-0.5898062586784363,-0.783056914806366,-1.2911341190338135,-1.646454930305481,-1.1566616296768188,0.9507395029067993,0.5133665800094604,-0.48056405782699585,2.0210421085357666,3.0172386169433594,0.6667643785476685,-1.3801621198654175,0.6112759709358215,-0.4011595845222473
-0.049560546875,-0.24861794710159302,-0.30077916383743286,-0.1565648913383484,-0.33187705278396606,-0.2471524477005005,-0.2060258686542511,-0.5477892160415649,-0.8369494676589966,-0.4158601760864258,0.04602828621864319,-0.7384035587310791,-0.4946594536304474,-0.7471024990081787,-1.0783581733703613,-0.9530926942825317,-0.5576556921005249,-0.03918147087097168,-2.074352264404297,-2.149970054626465,-1.7126517295837402,-3.5694522857666016,-4.137502670288086,-5.68354606628418,-6.952710151672363,-4.468876838684082,-6.1651177406311035,-3.3882908821105957,-0.4300752580165863
-0.006378173828125,0.11237302422523499,0.07405795156955719,-0.08247760683298111,0.25232040882110596,0.3208519220352173,0.396332323551178,0.291698694229126,-0.02925066649913788,-0.2672439217567444,0.2882465720176697,0.37631338834762573,1.0153076648712158,0.717284083366394,0.8201313018798828,0.7258821129798889,0.6514915227890015,0.845670759677887,1.0399904251098633,0.19427764415740967,-0.48681992292404175,-2.814560890197754,-2.5870842933654785,-1.9503940343856812,-1.4708096981048584,-1.1278022527694702,-7.166356086730957,-14.467996597290039,-18.118154525756836
-0.01385498046875,0.12274037301540375,0.07615405321121216,0.04769885912537575,0.5041804313659668,0.37319618463516235,-0.08195576071739197,0.292682409286499,0.21844913065433502,0.45687127113342285,1.0598926544189453,0.6918613910675049,0.2906947135925293,0.44026973843574524,-0.17922639846801758,-0.3141365051269531,-0.816392183303833,-0.17257815599441528,0.4081701338291168,1.5140529870986938,3.074840545654297,5.626336574554443,8.49454116821289,10.697696685791016,12.123838424682617,14.187742233276367,13.691492080688477,11.20837116241455,2.438900947570801
0.043212890625,0.062337204813957214,0.0715608149766922,0.4317384660243988,0.5121926069259644,0.18275849521160126,0.16538304090499878,0.18881666660308838,0.23297260701656342,1.1372830867767334,1.3780286312103271,0.7238609790802002,0.6721073985099792,0.14831328392028809,0.2116926908493042,0.41386204957962036,0.3704012334346771,0.18141555786132812,0.4632833003997803,0.2673875689506531,-2.330512285232544,-1.0768322944641113,0.2854905128479004,1.2348840236663818,0.5351547002792358,3.0024421215057373,2.8582544326782227,3.6166868209838867,1.7531671524047852
-0.0002460479736328125,-0.15408924221992493,-0.23282644152641296,-0.154862642288208,-0.3971291482448578,-0.17825540900230408,-0.008317649364471436,-0.3191980719566345,-0.10092845559120178,-0.09729059785604477,-0.08898557722568512,-0.19464462995529175,-0.43409067392349243,-1.0894737243652344,-1.0618534088134766,-0.38044625520706177,0.28361043334007263,0.06820973753929138,0.7519800662994385,-0.35924291610717773,-3.312279224395752,-8.476778030395508,-8.425175666809082,-10.258495330810547,-13.44058609008789,-13.723878860473633,-16.84583854675293,-17.55299949645996,-2.68287992477417
0.026611328125,0.21138054132461548,0.20596712827682495,0.1147659569978714,0.29919490218162537,0.44944506883621216,0.6355075240135193,0.16884103417396545,0.38449862599372864,0.44752565026283264,0.254874587059021,0.42533546686172485,0.4890565276145935,0.44513362646102905,0.3288503885269165,0.4186082184314728,0.8239217400550842,0.45745760202407837,0.7965441942214966,1.6079392433166504,3.675276756286621,2.92726469039917,1.2307928800582886,2.6980624198913574,1.1747374534606934,0.41473710536956787,5.480942726135254,5.383932590484619,1.5989277362823486
0.04052734375,0.09754711389541626,-0.11445661634206772,0.026042364537715912,0.19403015077114105,-0.21376079320907593,-0.29459986090660095,-0.45327240228652954,-0.2662389278411865,0.041401952505111694,0.04427620768547058,-0.22370174527168274,-0.9898945093154907,-1.021364450454712,-1.334238886833191,-1.7331196069717407,-2.3213772773742676,-2.7699248790740967,-3.687476873397827,-3.3204963207244873,-4.404205799102783,-2.1329309940338135,-3.9390640258789062,-6.734551429748535,-6.709105491638184,-7.9585161209106445,-10.308765411376953,-14.650270462036133,-2.2455735206604004
0.012939453125,-0.09597043693065643,-0.1477556824684143,-0.19764505326747894,-0.28237953782081604,-0.26798009872436523,-0.34841811656951904,-0.6130241751670837,-0.24315935373306274,0.05269044637680054,0.7123293280601501,-0.05892741680145264,-0.2689012885093689,0.18943524360656738,0.4911893308162689,0.2492176592350006,0.14024272561073303,-0.24454432725906372,-1.3119511604309082,-2.6338915824890137,-2.0613064765930176,-0.85127854347229,0.7266943454742432,3.6316699981689453,1.0112888813018799,-2.222890615463257,-2.0284061431884766,1.799726128578186,0.4839663803577423
-0.0228271484375,0.013824641704559326,0.19163942337036133,-0.16619209945201874,0.3057049810886383,0.09724178910255432,0.1804354339838028,0.5069584846496582,0.08806616067886353,0.02749807760119438,0.20128445327281952,0.46641167998313904,0.8451737761497498,1.2184727191925049,1.693847894668579,1.8131498098373413,2.270324230194092,1.36368727684021,0.9326819181442261,2.021890163421631,0.5393240451812744,3.8126449584960938,3.0397801399230957,6.914048194885254,4.55230712890625,4.393943786621094,5.87541389465332,7.388670921325684,1.8274986743927002
-0.00543212890625,0.006983555853366852,0.16731959581375122,0.362366646528244,0.20818862318992615,0.5141106843948364,0.13672226667404175,0.11858471482992172,0.5543180704116821,0.5418798327445984,0.7063602805137634,0.386157751083374,0.370963454246521,0.4234170615673065,0.20177912712097168,0.77547287940979,0.889502763748169,0.5690649747848511,0.8889466524124146,0.8350314497947693,1.6452805995941162,2.022782325744629,1.916627049446106,2.7489774227142334,3.604423999786377,2.170927047729492,4.0374908447265625,3.2722601890563965,-0.12650954723358154
0.0037994384765625,-0.2635321021080017,-0.5158716440200806,-0.2622712254524231,0.16331541538238525,0.2316504418849945,-0.057191431522369385,-0.06448473781347275,-0.21941612660884857,-0.22380834817886353,-0.48695993423461914,-0.3336377739906311,-0.19793854653835297,-0.17823264002799988,-0.4691477119922638,-0.6151983737945557,-1.705003023147583,-2.376840591430664,-2.242058753967285,-1.5468337535858154,-0.10954427719116211,0.25188636779785156,0.6664690971374512,0.03945815563201904,-1.578824520111084,-1.992089867591858,-2.733335494995117,-1.5857760906219482,-0.0592481903731823
-0.0255126953125,0.045495908707380295,0.059978123754262924,-0.050798967480659485,-0.2628321349620819,-0.13520942628383636,-0.5580098628997803,-0.3442942500114441,-0.5197829008102417,-0.695848286151886,-1.5358717441558838,-1.97169029712677,-2.4402408599853516,-2.2587835788726807,-2.1384263038635254,-2.305255174636841,-1.9416978359222412,-2.005293846130371,-3.410510540008545,-2.9374606609344482,-1.8290382623672485,-0.505699634552002,-3.5527782440185547,-4.306214332580566,-3.7720818519592285,-2.0333964824676514,-2.080613136291504,-2.4649085998535156,-0.12240273505449295
-0.017822265625,-0.16588345170021057,-0.31719547510147095,-0.12907274067401886,-0.2912464439868927,-0.03774692118167877,0.2944203317165375,0.33310800790786743,0.4765809178352356,0.5380092859268188,0.2521597743034363,1.0521243810653687,0.5855268239974976,0.09221819043159485,0.2501665949821472,0.7559599280357361,0.7337222099304199,0.8923212289810181,0.12679460644721985,0.8948718309402466,1.8549162149429321,2.9945473670959473,5.724417686462402,7.668001174926758,9.706588745117188,11.780988693237305,11.945610046386719,13.210841178894043,3.6845154762268066
0.0145263671875,-0.01044674962759018,-0.15792076289653778,-0.2632458209991455,-0.1684967577457428,-0.14465419948101044,0.1781771034002304,0.1944766342639923,-0.031829625368118286,-0.1811446249485016,0.292366087436676,0.8558809757232666,1.2317190170288086,0.6651465892791748,0.987869381904602,0.989503026008606,1.6800986528396606,1.3974499702453613,1.5515141487121582,3.546773672103882,3.8312571048736572,2.1330251693725586,2.514481544494629,0.04010486602783203,-0.7416889667510986,2.067983627319336,2.2197043895721436,0.5591025352478027,-1.7450891733169556
0.03125,-0.2201925814151764,-0.12557317316532135,0.09260937571525574,0.044831983745098114,-0.17785245180130005,-0.4514009654521942,-0.9301590919494629,-0.9916951656341553,-1.048190951347351,-0.9928902387619019,-1.0779608488082886,-1.211086392402649,-0.5516746044158936,-0.7874962091445923,-1.3152775764465332,-1.717342734336853,-1.451575517654419,-1.7701983451843262,-3.3191561698913574,-2.105083703994751,-3.542109966278076,-1.389679193496704,1.5656828880310059,7.168560981750488,2.2001590728759766,0.21677350997924805,-1.9805757999420166,-0.7285013794898987
-0.01141357421875,-0.3058709502220154,-0.3123079538345337,0.19699230790138245,0.14656990766525269,0.1329164355993271,-0.17836783826351166,-0.11229991912841797,-0.4019913077354431,-0.07467350363731384,0.10819931328296661,-0.324604332447052,0.23578473925590515,-0.2106490135192871,-0.38395050168037415,-0.6230748295783997,0.21256789565086365,-0.09926876425743103,-0.7670274972915649,-1.291815996170044,0.18331465125083923,-0.7340602278709412,-0.7370805144309998,1.5084517002105713,1.2410697937011719,2.5633673667907715,3.298954963684082,1.683687448501587,-1.120642900466919
0.064453125,-0.09791602194309235,0.018564917147159576,0.13271574676036835,1.0629079341888428,0.35127371549606323,0.6501197814941406,0.4788690507411957,0.23846817016601562,0.3929828107357025,0.8508921265602112,0.50547194480896,-0.12492543458938599,0.33540570735931396,0.36506038904190063,0.014637172222137451,0.23264768719673157,0.3095005750656128,0.6683543920516968,0.41475993394851685,-3.531693935394287,-6.139867305755615,-5.448702812194824,-6.753829002380371,-10.673535346984863,-8.540131568908691,-12.521121978759766,-16.613801956176758,-4.261458873748779
-0.0211181640625,0.07575021684169769,0.2542974650859833,-0.0494723916053772,0.012975245714187622,0.044780075550079346,0.0492531917989254,-0.2637052834033966,-0.2483920156955719,-0.32184070348739624,-0.46065062284469604,-0.6599135398864746,-0.8714553117752075,-1.6357669830322266,-1.390594244003296,-1.5505027770996094,-1.1807894706726074,-1.5628316402435303,-1.6511162519454956,-2.326951503753662,-0.4690103530883789,-0.5705155730247498,1.434722661972046,-0.031139731407165527,2.8512935638427734,-0.381389856338501,0.43914884328842163,-0.4508838653564453,0.10629649460315704
-0.039306640625,0.041421711444854736,0.1324615776538849,0.30733171105384827,-0.26306888461112976,-0.0840504914522171,0.2015143185853958,-0.1404874473810196,0.5767322778701782,0.42914140224456787,0.31908899545669556,-0.09291954338550568,-0.07156243920326233,-0.0611235648393631,0.10592766851186752,-0.2473839819431305,0.3665536642074585,0.1726190447807312,0.6434635519981384,1.17231285572052,1.7458323240280151,-0.8420382738113403,1.2887808084487915,2.008537769317627,-0.1463855504989624,2.4217987060546875,0.6104966402053833,0.48931777477264404,0.9509206414222717
-0.03369140625,0.1401805579662323,0.13243959844112396,-0.021526962518692017,-0.12842729687690735,0.14261403679847717,0.21445241570472717,0.38386183977127075,0.44079238176345825,0.7655754089355469,0.34594643115997314,-0.28441083431243896,-0.366611123085022,-0.32715874910354614,-0.3269811272621155,-0.109760582447052,0.02512890100479126,-0.2157449722290039,-0.010193198919296265,1.154557704925537,-0.922203540802002,0.07539600133895874,0.552190899848938,2.001103639602661,1.4483083486557007,-0.9892107248306274,1.6812323331832886,-3.0365681648254395,0.10285241901874542
-0.004058837890625,-0.05009128898382187,-0.10734798014163971,-0.08707866072654724,-0.3621479868888855,-0.08779048174619675,0.2497086375951767,-0.17553436756134033,-0.3625466823577881,-0.008631020784378052,0.3232594132423401,-0.2523643970489502,-0.13062459230422974,-0.3878450095653534,-0.9081525206565857,-0.19303518533706665,-0.5182868838310242,-0.7681949138641357,1.4732799530029297,2.6744766235351562,1.4886759519577026,1.2915327548980713,0.2881622314453125,1.5536948442459106,1.7281904220581055,0.4909571409225464,3.1026203632354736,4.518430233001709,0.7784445881843567
0.04345703125,-0.10749183595180511,-0.028974879533052444,0.17414624989032745,0.12904837727546692,0.16239005327224731,-0.12625300884246826,-0.2633255124092102,-0.42501577734947205,-0.30719810724258423,-0.4085496664047241,-0.11693507432937622,-0.37262508273124695,-0.17583250999450684,-0.4976867437362671,-0.5232794284820557,-0.7538278698921204,-1.3453114032745361,-1.5207146406173706,-2.064077854156494,-2.5106353759765625,-1.0980968475341797,-3.380192756652832,-3.3696463108062744,-2.2303483486175537,-1.2076265811920166,-1.3819258213043213,-0.35730594396591187,-1.0587270259857178
0.00714111328125,-0.19119718670845032,-0.1462382972240448,-0.02508923038840294,-0.334698885679245,-0.34243208169937134,-0.2846297025680542,-0.18791882693767548,-0.13713349401950836,-0.07531008124351501,0.13226310908794403,-0.0705367773771286,0.16351930797100067,-0.28277748823165894,-0.2783353626728058,-0.0493708997964859,0.284102201461792,0.31286895275115967,-0.14168912172317505,-0.33477842807769775,2.7709898948669434,3.0136661529541016,0.9224259853363037,1.0006442070007324,1.5716503858566284,1.465243935585022,-0.5668056011199951,0.8177565336227417,0.3608645796775818
0.00933837890625,0.08644449710845947,0.18390744924545288,0.14312034845352173,0.43272316455841064,0.6873941421508789,0.4739888310432434,0.34882503747940063,0.9760680198669434,0.7791653275489807,0.8468685746192932,1.2942744493484497,1.1967116594314575,0.9256839156150818,0.9837585687637329,1.7433855533599854,1.2641007900238037,1.4678878784179688,3.2925782203674316,2.4829251766204834,3.1202950477600098,6.364361763000488,3.969886302947998,6.119224548339844,4.162528038024902,2.8605220317840576,3.2065978050231934,4.099281311035156,0.274747371673584
0.0101318359375,-0.11793168634176254,-0.18662530183792114,-0.23879852890968323,0.20044852793216705,0.0009978711605072021,0.1500774323940277,0.28975915908813477,0.33359986543655396,0.2451695203781128,0.38707053661346436,-0.38604700565338135,-1.2728928327560425,-1.754105806350708,-1.4568684101104736,-2.1269173622131348,-2.2457170486450195,-3.3374035358428955,-2.427244186401367,-5.561159133911133,-5.778526306152344,-3.2606911659240723,-4.291656970977783,-3.70870304107666,-3.731278896331787,-4.797104358673096,-8.332061767578125,-4.221669673919678,-1.6272251605987549
0.001556396484375,0.13923709094524384,0.060851044952869415,-0.15395545959472656,-0.30992743372917175,-0.224100261926651,0.19746708869934082,-0.020422667264938354,0.3847782015800476,0.6271923780441284,-0.08333244919776917,0.16458739340305328,0.4035828113555908,0.21344482898712158,0.21847298741340637,-0.2853755056858063,-0.575364887714386,-0.38103795051574707,0.060762643814086914,0.32135647535324097,1.536280870437622,-1.2532060146331787,0.7640575170516968,-0.615795373916626,-0.47263675928115845,1.7804968357086182,6.0542497634887695,6.314416885375977,2.1825592517852783
0.005615234375,0.20847749710083008,0.2693566381931305,0.3616541922092438,-0.011449247598648071,-0.16012337803840637,-0.17229679226875305,-0.00280974805355072,-0.3192710280418396,-0.36209791898727417,0.13652262091636658,0.543708324432373,1.405083179473877,0.46724796295166016,0.9577093124389648,1.2991528511047363,0.4641980230808258,0.35556212067604065,-0.17867033183574677,-0.25758278369903564,-1.8131415843963623,-0.6345470547676086,-1.7091301679611206,-1.855407953262329,-1.690002679824829,-5.8006205558776855,-4.508972644805908,-1.5831680297851562,1.715000867843628
0.00064849853515625,0.01320367306470871,0.015831971541047096,0.308490514755249,0.35081279277801514,0.272475004196167,0.0315912663936615,0.3073156177997589,0.11639273166656494,0.22282087802886963,-0.12998810410499573,-0.364566445350647,-0.7152550220489502,-0.3938573896884918,-0.6645130515098572,-0.8318313956260681,-0.20927897095680237,-0.3425833582878113,-0.003050088882446289,0.3400965929031372,-2.3653290271759033,-4.084464073181152,-5.486850738525391,-6.897176265716553,-8.017790794372559,-4.738070964813232,-1.9359195232391357,-0.3331388235092163,-4.522802829742432
-0.016357421875,-0.429764062166214,-0.25499632954597473,-0.3012271821498871,-0.483116090297699,-0.15744972229003906,-0.3547029197216034,-0.34850460290908813,-0.5855204463005066,-0.5904038548469543,-0.5187311172485352,-0.7207534909248352,-0.6616631746292114,-1.1512174606323242,-1.7021645307540894,-1.554322600364685,-2.1415958404541016,-2.637153148651123,-2.2417311668395996,-2.7217235565185547,-4.6478271484375,-3.992415189743042,-6.023159980773926,-2.76967716217041,-4.759529113769531,-6.57096004486084,-3.2947263717651367,-0.5354030132293701,-1.8217066526412964
0.0031585693359375,0.1856895089149475,0.03791840374469757,0.05054068565368652,0.22734230756759644,-0.33924755454063416,-0.013477742671966553,-0.16352249681949615,-0.2832551896572113,-0.1897638440132141,-0.48039913177490234,-0.6132088303565979,-0.3514304757118225,0.24756479263305664,0.36186981201171875,0.20487818121910095,-0.5699273347854614,0.8161964416503906,-0.12685275077819824,0.39687690138816833,0.5467839241027832,1.137943148612976,-1.2484339475631714,-0.12066006660461426,-1.7216812372207642,-0.26158607006073,-1.707538366317749,3.38535475730896,-1.7377351522445679
-0.01483154296875,0.12480118870735168,0.24227389693260193,0.25593167543411255,0.5172690749168396,0.43382522463798523,0.6339511275291443,0.9344727993011475,0.5793764591217041,0.710057258605957,0.20965665578842163,0.5925636291503906,0.644506573677063,0.9449203014373779,0.9749820232391357,0.7870041728019714,0.3377875089645386,0.12552663683891296,0.70944744348526,0.0746869444847107,-1.9942796230316162,-1.5875959396362305,-2.875326633453369,-0.7022424936294556,-1.8055164813995361,-2.334200382232666,-2.698040723800659,-5.685536861419678,-1.6156432628631592
0.002532958984375,-0.11176817864179611,-0.03446897864341736,0.0972415953874588,-0.32728320360183716,0.005615830421447754,-0.4752258062362671,-0.30523446202278137,-0.19918639957904816,-0.484255313873291,-0.7029663324356079,-0.41291338205337524,-0.6648986339569092,-1.2484707832336426,-1.3365787267684937,-0.9218443036079407,-1.4216532707214355,-2.152893543243408,-2.9916305541992188,-4.663358211517334,-3.915469169616699,-8.654512405395508,-6.067585468292236,-7.020790100097656,-10.424727439880371,-8.864625930786133,-4.3496599197387695,-4.774229049682617,-0.48035016655921936
0.051025390625,0.0504041463136673,-0.04815420135855675,-0.07810495048761368,-0.307209849357605,-0.31429439783096313,-0.1601572036743164,-0.1304299533367157,-0.7603322267532349,-0.807701587677002,-0.7145105600357056,-1.6209052801132202,-2.3062496185302734,-2.0946083068847656,-2.142456293106079,-2.3548924922943115,-2.985320806503296,-2.0714409351348877,-3.912778854370117,-3.4578099250793457,-4.736636161804199,-6.59224796295166,-9.479574203491211,-9.097490310668945,-9.310264587402344,-6.636851787567139,-5.495578765869141,-2.1957058906555176,-1.5534988641738892
0.0030975341796875,-0.04119209945201874,-0.026507416740059853,-0.10193542391061783,0.17662502825260162,0.7018409371376038,0.5514992475509644,0.4375379979610443,0.4983100891113281,0.1918206512928009,-0.4507712125778198,-0.03819496929645538,0.09492900967597961,-0.013230368494987488,0.4693062901496887,-0.5372068285942078,-0.3605678677558899,-1.170992374420166,-0.6040436625480652,-1.8578064441680908,0.47965288162231445,0.34853482246398926,2.054744005203247,1.2354824542999268,1.9862008094787598,0.8604418635368347,-1.3805718421936035,-4.271018981933594,-0.30276402831077576
0.0033416748046875,-0.023418083786964417,-0.17896148562431335,-0.3482252359390259,-0.046468377113342285,-0.14138224720954895,-0.507830798625946,-0.049615323543548584,0.20845326781272888,-0.0549144372344017,-0.45707711577415466,-0.5921096801757812,-1.13151216506958,-0.9208893775939941,-1.2822091579437256,-1.603448510169983,-0.8367019891738892,-0.17519578337669373,-0.3672803044319153,-0.6812212467193604,-1.1765398979187012,1.0831894874572754,2.279878616333008,1.3636820316314697,1.5590118169784546,1.142838716506958,4.785927772521973,7.752630233764648,1.8510816097259521
0.032958984375,0.33290767669677734,0.3619208335876465,0.31450173258781433,0.4611000418663025,0.40235084295272827,0.6209724545478821,0.5453985929489136,-0.06993722915649414,-0.05211392045021057,-0.29533132910728455,0.37312203645706177,0.18520990014076233,0.29765385389328003,0.5508147478103638,0.5027227401733398,1.2443690299987793,1.0890756845474243,0.29953140020370483,1.7263336181640625,1.8656110763549805,2.6073319911956787,-0.6890404224395752,2.4536027908325195,3.48599910736084,-0.6522209644317627,-5.417374610900879,-9.874034881591797,-1.8963855504989624
-0.052734375,0.10730710625648499,0.24588875472545624,0.5021417737007141,0.28286081552505493,0.031665511429309845,0.3416624963283539,0.4521128833293915,-0.16046670079231262,0.2468283474445343,0.3091279864311218,0.24864575266838074,0.498384565114975,0.007319986820220947,-0.3284587264060974,0.1826637089252472,0.15699805319309235,-0.1815618872642517,0.012338846921920776,0.10119283199310303,0.8299169540405273,1.1755352020263672,1.8656014204025269,3.6456918716430664,3.6039013862609863,2.473996639251709,3.6730003356933594,1.1715573072433472,-6.442385196685791
0.006561279296875,0.06265103816986084,0.20227354764938354,0.3256204128265381,-0.3239428400993347,-0.4129391610622406,-0.04540988802909851,0.008449465036392212,-0.22869127988815308,-0.15332919359207153,-0.3588531017303467,0.1389038860797882,-0.25947538018226624,0.16405338048934937,-0.2000681757926941,-1.1919736862182617,-0.9598578810691833,-1.300045371055603,0.30403852462768555,0.6660171747207642,-1.819855809211731,-3.254368782043457,-3.0767674446105957,0.9522850513458252,-0.07641434669494629,0.7074263691902161,-0.14868074655532837,-4.745483875274658,-1.1446470022201538
-0.01214599609375,-0.005172044038772583,-0.2543700933456421,-0.050663918256759644,-0.3162050247192383,-0.502714991569519,-0.4010113477706909,-0.348871648311615,-0.7833787798881531,-0.7667001485824585,-0.3527945876121521,-1.1604034900665283,-1.7022740840911865,-1.5579606294631958,-1.4787158966064453,-1.2124239206314087,0.14482736587524414,-1.6745426654815674,-1.4051103591918945,-1.8331084251403809,-0.7841888666152954,-3.4578540325164795,-5.107660293579102,-5.466136932373047,-6.394080638885498,-9.54840087890625,-8.332921981811523,-10.440574645996094,-2.336695909500122
-0.01165771484375,0.08280286937952042,-0.033378370106220245,-0.08947671949863434,-0.2858068346977234,-0.35337409377098083,-0.4083740711212158,-0.317735880613327,-0.1606166660785675,-0.6404263377189636,-0.4181806147098541,-0.4059288203716278,-0.5585082173347473,-1.0667829513549805,-1.6003460884094238,-2.0067169666290283,-1.9650204181671143,-3.668745517730713,-3.852647304534912,-4.750460147857666,-4.2800612449646,-4.655519008636475,-8.155620574951172,-9.946581840515137,-11.327064514160156,-12.136553764343262,-15.758063316345215,-16.262754440307617,-3.8671836853027344
-0.07177734375,-0.20817112922668457,-0.11309430748224258,0.0742473229765892,0.1580866575241089,0.13110443949699402,-0.028635866940021515,-0.057814598083496094,-0.019651450216770172,0.21448934078216553,0.5650969743728638,0.15508736670017242,0.25968635082244873,0.21027031540870667,0.14807379245758057,-0.49596869945526123,-0.7076209187507629,-1.0035150051116943,-2.068020820617676,-2.869300127029419,-6.873367786407471,-7.4224534034729,-4.641180515289307,-3.6548452377319336,-3.111217498779297,-2.1306748390197754,1.29150390625,-0.5633459091186523,0.5706350207328796
0.03173828125,-0.07879854738712311,0.1068161204457283,0.1971759796142578,0.45059284567832947,0.34517648816108704,0.35555344820022583,0.14930564165115356,0.39932873845100403,0.8698089718818665,0.512567400932312,1.0910193920135498,1.314228892326355,1.0062332153320312,1.5246201753616333,1.7534241676330566,1.875049352645874,0.9217327833175659,0.9905842542648315,1.9831699132919312,1.5204628705978394,2.5890145301818848,2.843205451965332,4.759329319000244,4.759835243225098,3.1088716983795166,3.570756673812866,8.003582000732422,2.872893810272217
0.01458740234375,0.053481683135032654,-0.03780410438776016,-0.4433399438858032,-0.2795026898384094,0.10081078112125397,0.23997721076011658,0.4826432764530182,0.3717292249202728,0.40808671712875366,0.5046534538269043,0.2459089756011963,0.7439621686935425,0.49048078060150146,0.8343206644058228,0.6578993797302246,0.5328786969184875,-0.06334501504898071,0.01898723840713501,2.473965883255005,0.05417037010192871,2.2498316764831543,3.716963768005371,4.679859161376953,5.079360008239746,9.958364486694336,13.125732421875,13.954659461975098,4.081335067749023
-0.024658203125,0.14903515577316284,0.2644481956958771,0.2616494596004486,0.3205801844596863,0.33478426933288574,0.4777296483516693,0.40064185857772827,0.64986652135849,0.8124752640724182,0.8067991137504578,0.4108997583389282,0.9538430571556091,0.7346760034561157,0.524085283279419,0.34787678718566895,1.2693240642547607,1.9296884536743164,2.357632637023926,3.591722011566162,3.541313886642456,2.702604293823242,0.9681545495986938,4.1710381507873535,2.6045289039611816,1.5391937494277954,0.4436306357383728,0.507210373878479,0.29629576206207275
0.035400390625,0.29651927947998047,0.5445596575737,0.38558852672576904,0.3695272207260132,0.31816625595092773,0.09089934825897217,0.07284177839756012,-0.20024526119232178,-0.0907382071018219,-0.08988137543201447,0.305253803730011,0.08039426803588867,-0.18225497007369995,0.18931323289871216,0.8196101784706116,1.193268895149231,1.1436843872070312,2.531848669052124,3.6985931396484375,3.610903263092041,2.6698741912841797,1.5429790019989014,1.2382445335388184,2.7117998600006104,2.4939403533935547,1.372265338897705,-1.8078891038894653,0.38240140676498413
0.037841796875,0.38883721828460693,0.24735093116760254,0.021989107131958008,-0.11011265218257904,-0.2670096158981323,-0.23197154700756073,0.04230508208274841,0.104368194937706,-0.1449497491121292,-0.7838712930679321,-1.0406972169876099,-1.4860317707061768,-1.3122446537017822,-0.3530780076980591,-0.7798940539360046,-0.2659587264060974,-0.09476600587368011,-1.5181238651275635,0.08882491290569305,-0.2929558753967285,2.484668254852295,0.4418637752532959,-2.629696846008301,-2.204993963241577,0.12037289142608643,2.0998425483703613,3.8967552185058594,1.7816628217697144
-0.01068115234375,-0.13906526565551758,-0.10669319331645966,0.09693707525730133,-0.37458500266075134,-0.28791534900665283,0.08816277980804443,0.17615994811058044,-0.15469036996364594,-0.5948665142059326,-0.9156919717788696,-0.25156334042549133,-0.17445234954357147,0.09405942261219025,0.18157170712947845,-0.1347295045852661,0.9075491428375244,-0.4580773711204529,0.49877986311912537,0.591842770576477,0.3625272512435913,-0.6188544034957886,-3.1775035858154297,-2.364105463027954,-1.048093318939209,0.9623141288757324,-2.1812777519226074,-4.088119983673096,-2.1879422664642334
0.046142578125,-0.022266171872615814,-0.16791191697120667,0.08203434944152832,-0.1811569780111313,-0.2463521659374237,-0.14778347313404083,-0.07497268915176392,-0.09268136322498322,-0.32769227027893066,-0.6434458494186401,-0.8837357759475708,-1.1000715494155884,-0.4695282280445099,-0.8166481256484985,-0.6885248422622681,-0.38825273513793945,0.5506787300109863,2.36631441116333,4.286076068878174,7.267648696899414,8.936537742614746,8.683557510375977,6.8449883460998535,4.800166606903076,8.491612434387207,6.666566371917725,6.872790336608887,8.396262168884277
0.036376953125,0.2395339459180832,0.22439268231391907,0.330413818359375,0.45096760988235474,0.570111095905304,0.5403308868408203,0.27905672788619995,0.31122082471847534,0.49007123708724976,0.6484037637710571,0.6753690242767334,1.4187116622924805,1.4054988622665405,1.302746057510376,1.35386323928833,1.4202101230621338,1.785294771194458,2.3402678966522217,2.113511085510254,4.7132344245910645,6.68720006942749,7.735520362854004,8.098044395446777,5.29484748840332,0.699899435043335,1.7704441547393799,2.8905982971191406,0.790134847164154
-0.0294189453125,-0.02287954092025757,0.07130156457424164,0.130645751953125,0.2095329761505127,-0.019315864890813828,-0.3753470182418823,0.04537433385848999,0.10474644601345062,0.1774529218673706,0.41454017162323,0.6294770240783691,0.716924786567688,0.92054283618927,0.8394913673400879,0.5452790260314941,0.5796067118644714,0.7976208329200745,-1.6368253231048584,-1.243730068206787,-2.1345772743225098,-4.243971824645996,-5.063210964202881,-6.217110633850098,-6.823424816131592,-7.2340803146362305,-6.578645706176758,-4.5994133949279785,-1.9018670320510864
0.030517578125,-0.00944351777434349,-0.14431080222129822,0.22325673699378967,0.2306961566209793,0.15461088716983795,0.06836749613285065,0.645468533039093,0.10951629281044006,0.7882868051528931,0.848849356174469,0.6782424449920654,0.07698819041252136,0.2063300609588623,0.46062177419662476,-0.12051776051521301,-0.2484009861946106,-0.12622219324111938,0.18343409895896912,-0.15055744349956512,-1.8264501094818115,-1.3953028917312622,2.120502233505249,1.2911951541900635,0.6398032903671265,0.7029809355735779,-4.664682388305664,-5.423222541809082,-0.9892845749855042
0.00439453125,-0.04217056185007095,-0.06483818590641022,-0.02889808639883995,-0.10867626965045929,-0.1860063076019287,-0.6263748407363892,-0.361331045627594,-0.30440521240234375,-0.32976317405700684,-0.2689226269721985,-0.5674601793289185,-1.1363779306411743,-1.5169038772583008,-0.9270670413970947,-0.9008544683456421,-1.6519852876663208,-1.553977131843567,-1.6088186502456665,-1.6960043907165527,-4.446095943450928,-8.13282585144043,-7.089020729064941,-6.036859512329102,-6.942349910736084,-6.472099304199219,-7.834538459777832,-9.128028869628906,-1.3798874616622925
-0.0615234375,-0.23823004961013794,-0.24092938005924225,-0.2781449854373932,-0.05472087860107422,-0.23123915493488312,-0.49113932251930237,-0.4546331763267517,-0.3156207501888275,-0.5972086191177368,-0.9321534037590027,-1.2117295265197754,-1.6217563152313232,-0.942722737789154,-0.6745198369026184,-1.1444125175476074,-1.4666829109191895,-0.38559961318969727,-1.673299789428711,-0.699089765548706,-1.67776358127594,-1.785750389099121,0.0031926631927490234,0.3973504304885864,2.3594672679901123,5.870949745178223,8.81893253326416,10.496774673461914,2.4751784801483154
-0.02001953125,-0.1173396185040474,-0.192712664604187,-0.21674172580242157,-0.16014297306537628,0.1335729956626892,0.012721434235572815,0.3874152898788452,0.9716755151748657,1.083387851715088,0.6694983243942261,0.06760156154632568,0.1488361656665802,-0.24304258823394775,-0.5551960468292236,-0.4283555746078491,-0.8086938858032227,-0.7441520690917969,-2.504364013671875,-5.213565826416016,-4.940052509307861,-4.3348822593688965,-3.3231849670410156,-1.9012930393218994,-2.5200576782226562,-1.3519434928894043,1.6408171653747559,-1.1520075798034668,-0.17143772542476654
-0.0103759765625,0.29473447799682617,0.288566529750824,0.25011539459228516,0.5105728507041931,0.2598871886730194,0.2110101878643036,0.1832548826932907,-0.03836202621459961,-0.17034541070461273,-0.7776662111282349,-1.5771868228912354,-2.159426689147949,-2.2164146900177,-2.8908278942108154,-2.323960304260254,-2.278214454650879,-3.150987386703491,-4.277937412261963,-5.710590839385986,-6.4517693519592285,-5.558039665222168,-3.7629189491271973,-4.71224308013916,-5.775390625,-4.910679340362549,-6.962151050567627,-8.822906494140625,-1.937902808189392
0.032958984375,-0.18101219832897186,-0.3602294325828552,-0.3931354880332947,-0.30752354860305786,-0.2985019087791443,-0.22191289067268372,-0.43643733859062195,-0.3765512704849243,-0.28319913148880005,0.06549784541130066,0.2727971076965332,0.36428457498550415,-0.09514537453651428,-0.5919719338417053,-0.6777855157852173,-0.5974704027175903,-0.6256163120269775,-0.6970343589782715,-1.8894940614700317,-0.2906525731086731,0.9113841652870178,2.5842065811157227,-2.484745740890503,-0.5217589139938354,-1.0340439081192017,-2.491908311843872,-1.1334178447723389,-0.3376704454421997
0.0159912109375,0.09493419528007507,0.02019411325454712,-0.19915437698364258,-0.32843518257141113,-0.07912363111972809,-0.15417836606502533,0.05635923147201538,0.12543173134326935,-0.13895127177238464,-0.33686500787734985,-0.3799782395362854,0.18697091937065125,-0.090278759598732,0.12713587284088135,-0.4293067455291748,-1.0536057949066162,-0.9995070695877075,-1.776246190071106,-2.2393033504486084,-1.2133713960647583,0.197013258934021,2.8882009983062744,2.7910385131835938,4.804117202758789,4.616301536560059,1.4522271156311035,0.5672351121902466,0.7339679002761841
-0.03271484375,-0.10097775608301163,-0.20254582166671753,-0.14044509828090668,0.00944603979587555,-0.05286504328250885,-0.2838757038116455,0.24433845281600952,0.1951194703578949,0.15741240978240967,0.3335977792739868,0.5996193289756775,0.10198956727981567,0.5532675981521606,0.30348509550094604,0.4415496587753296,0.41298067569732666,0.13431668281555176,0.25380927324295044,0.3206655979156494,0.3233828842639923,-0.4634070098400116,-1.6501027345657349,-0.9310750365257263,-2.365633487701416,-2.160585403442383,-0.92423415184021,-4.12297248840332,-1.6056643724441528
0.0242919921875,-0.11150793731212616,-0.21748824417591095,-0.045204855501651764,0.2556649446487427,-0.012854158878326416,-0.23863625526428223,0.05060698091983795,-0.09495243430137634,-0.2376326620578766,-0.09861239045858383,-0.3310271203517914,-0.8682557344436646,-0.8936181664466858,-0.19194495677947998,-0.5514804720878601,-0.3840729296207428,-1.525334358215332,-1.6640024185180664,-2.354743003845215,-3.580289363861084,-4.460539817810059,-7.64661979675293,-3.7891857624053955,-2.958415985107422,0.349263072013855,0.11879289150238037,-2.1160454750061035,-7.387811183929443
0.02783203125,-0.3022567629814148,-0.3755115866661072,-0.31477341055870056,-0.6474505662918091,-0.5843731760978699,-0.8454784154891968,-0.3156357407569885,-0.4798732101917267,0.0025027990341186523,0.1513015329837799,-0.2901010811328888,-0.7947699427604675,-0.7414320707321167,-0.8159999847412109,-1.4932277202606201,-1.3342843055725098,-1.3432893753051758,-0.7640023827552795,0.8322645425796509,0.6428095102310181,1.844545602798462,5.38539457321167,4.451220989227295,5.814006805419922,8.349774360656738,5.816743850708008,0.9467208385467529,1.156375527381897
-0.0654296875,0.0017271265387535095,0.18512961268424988,0.43393343687057495,0.7128387093544006,0.36338603496551514,0.2819939851760864,0.5042524337768555,0.6254557371139526,0.8917038440704346,0.17407220602035522,-0.12825509905815125,0.16456177830696106,-0.1611873060464859,-0.19690260291099548,0.5403996706008911,0.1337505578994751,0.6025960445404053,1.6493746042251587,1.3891041278839111,2.4858345985412598,6.823694229125977,13.424910545349121,13.562217712402344,10.241694450378418,15.042644500732422,13.409809112548828,14.816884994506836,1.2035346031188965
-0.0252685546875,-0.19725070893764496,-0.264156311750412,-0.3507545590400696,-0.637349009513855,-0.4826667308807373,-0.15823884308338165,0.1271653175354004,-0.09488926827907562,-0.1300148367881775,0.1585070788860321,0.3616378903388977,-0.2642122507095337,0.30882975459098816,0.2615281343460083,-0.5703217387199402,-0.00972244143486023,-0.2197321653366089,-0.1917136311531067,-1.1750710010528564,0.16085529327392578,-2.1340134143829346,-1.7461161613464355,-3.5909581184387207,-2.858642339706421,0.11360907554626465,6.846888542175293,8.791764259338379,2.352597713470459
-0.0233154296875,0.03648340702056885,0.010310929268598557,0.22576145827770233,0.05918420851230621,0.13899317383766174,0.15017934143543243,-0.0036115944385528564,-0.19174326956272125,0.1746421754360199,-0.18865880370140076,0.9018553495407104,0.8559109568595886,1.6051006317138672,0.7804065346717834,0.9054144620895386,0.4915696978569031,-0.33986788988113403,-2.335338592529297,-2.11311411857605,-0.4432206153869629,-0.37965816259384155,0.52560955286026,-0.7973461151123047,-2.2893643379211426,-4.811312198638916,-4.985673904418945,-2.982980728149414,-1.1834462881088257
0.03515625,-0.32782554626464844,-0.20180432498455048,-0.0031174831092357635,-0.10491790622472763,-0.10705651342868805,-0.09522238373756409,-0.08107027411460876,-0.27867060899734497,0.11525435745716095,0.3939133286476135,0.3452600836753845,0.25489214062690735,0.7003991603851318,0.421050488948822,0.807826817035675,1.3032832145690918,0.9348397254943848,1.6520469188690186,2.8536722660064697,0.6751086711883545,-2.2465405464172363,-1.501338005065918,1.7728900909423828,0.19292962551116943,-1.1830904483795166,2.4554481506347656,5.588985919952393,-0.5625693798065186
0.01422119140625,0.062415674328804016,0.161952406167984,0.06409493833780289,-0.19965754449367523,-0.2842530608177185,-0.15552730858325958,0.09589065611362457,-0.10142761468887329,-0.2946910262107849,-0.3263225555419922,-0.7294495701789856,0.16868239641189575,0.29896289110183716,0.26637372374534607,0.7916255593299866,0.8408128619194031,1.442887544631958,3.074152946472168,4.714998245239258,8.35561466217041,11.001670837402344,14.145301818847656,16.44181251525879,18.933631896972656,17.950183868408203,17.137266159057617,19.274093627929688,4.291640281677246
-0.037841796875,-0.10225530713796616,0.051466286182403564,-0.15108439326286316,-0.11445359885692596,-0.15630057454109192,-0.35172978043556213,-0.5300660729408264,-1.0428640842437744,-0.5034518241882324,-0.5816113948822021,-0.36766037344932556,-0.031499117612838745,-0.002902895212173462,-0.16119502484798431,-0.39641469717025757,-0.31060245633125305,-0.6039170622825623,0.23576143383979797,1.006098985671997,-1.0442900657653809,-1.7300357818603516,-2.7274487018585205,-0.8611303567886353,-1.0811569690704346,-2.0224263668060303,-4.846287727355957,-5.426409721374512,-0.9955685138702393
-0.0244140625,-0.15814682841300964,0.1053936779499054,0.29728516936302185,0.15783604979515076,-0.1114964485168457,0.03306502103805542,-0.055410951375961304,0.07030773162841797,-0.08137575536966324,0.39684316515922546,-0.477843701839447,-0.33715394139289856,-0.3918633460998535,-0.8104383945465088,-0.9341791272163391,-1.233158826828003,-1.8180954456329346,-1.2325209379196167,-2.6887640953063965,-1.4161591529846191,-3.3695759773254395,-3.585145950317383,-2.769561290740967,-3.481782913208008,-2.7218031883239746,-1.3888940811157227,1.59326171875,0.9834375977516174
-0.0206298828125,-0.13660186529159546,-0.13916265964508057,0.019952379167079926,-0.16083505749702454,0.04746140539646149,0.46435239911079407,0.5350276231765747,0.5509740710258484,0.8959249258041382,1.184166669845581,1.2280880212783813,0.3112541139125824,0.4667758643627167,0.955771803855896,1.3365941047668457,0.7999886274337769,0.9205289483070374,1.4114829301834106,1.4960352182388306,0.14337658882141113,2.2764759063720703,3.1181955337524414,1.7019110918045044,0.28696203231811523,-0.6818506717681885,-0.03659635782241821,1.4374098777770996,3.3544063568115234
0.0189208984375,0.18137997388839722,0.11758670955896378,0.11828828603029251,-0.13527029752731323,0.03651559352874756,0.21332833170890808,0.19472579658031464,0.08118543028831482,0.08274173736572266,0.415127158164978,0.534795880317688,1.4987046718597412,1.2538095712661743,1.3342245817184448,1.871282696723938,2.3537683486938477,1.3858771324157715,1.3560339212417603,1.2659430503845215,1.4524946212768555,3.8561556339263916,3.4039735794067383,2.0903353691101074,1.6801074743270874,2.510427236557007,4.7571797370910645,0.2056722640991211,0.11684173345565796
0.0390625,0.19693799316883087,0.2455035150051117,0.6610102653503418,0.7249322533607483,0.4874134063720703,0.46523144841194153,0.11290520429611206,0.12965784966945648,0.33043837547302246,0.3360688388347626,0.19850721955299377,-0.06924164295196533,-0.4627875089645386,-0.519456148147583,0.08717077970504761,1.1304420232772827,1.4001595973968506,0.5242232084274292,1.7982492446899414,2.6171553134918213,2.2933402061462402,7.3942766189575195,5.932072639465332,9.899127006530762,9.953994750976562,12.923867225646973,11.61231517791748,2.1556930541992188
-0.0084228515625,0.18270036578178406,0.3546212911605835,0.17107263207435608,0.17057761549949646,0.12952038645744324,0.04872781038284302,-0.3044949471950531,-0.31263986229896545,-0.32191914319992065,-0.3282187879085541,-0.6626955270767212,0.25574108958244324,0.3567619025707245,-0.3141556680202484,-0.3889368176460266,-0.08933311700820923,-0.09896999597549438,-0.322540819644928,-0.39994433522224426,-0.12356594204902649,0.39201077818870544,2.1885993480682373,2.2618799209594727,2.320270299911499,4.6467790603637695,2.337527275085449,3.504650592803955,-0.7307780385017395
0.000732421875,-0.07283276319503784,-0.103119857609272,-0.40372610092163086,0.11661127209663391,-0.150709867477417,-0.3533371090888977,-0.2009572684764862,-0.5083333253860474,-0.3751868009567261,-0.5460906624794006,-0.536880373954773,-0.5370894074440002,-0.35960498452186584,-0.31892332434654236,-0.2337746024131775,0.010962367057800293,-0.5675954222679138,0.4491870403289795,-1.6891402006149292,-2.2546448707580566,-1.3497002124786377,-1.2025270462036133,-1.4476253986358643,-0.9733669757843018,-2.044409990310669,-1.021944522857666,-0.19161319732666016,1.2666314840316772
0.00665283203125,-0.11844861507415771,-0.11519430577754974,-0.2886294722557068,-0.39925262331962585,-0.382077157497406,-0.45172715187072754,-0.12696024775505066,0.6390395164489746,0.2662492096424103,0.492614209651947,0.09882567822933197,0.3700045943260193,-0.026623815298080444,-0.10234208405017853,0.21967695653438568,0.8660025596618652,0.052704691886901855,-0.41274794936180115,-1.8056257963180542,-2.990577459335327,-1.3913815021514893,-2.7584879398345947,-4.373748779296875,-6.547207832336426,-1.8010883331298828,-1.363114595413208,-2.2809908390045166,1.0103634595870972
0.052490234375,0.27879753708839417,0.25529584288597107,0.1644560992717743,-0.1494881808757782,-0.015798628330230713,0.12021864950656891,-0.020617187023162842,-0.14838923513889313,0.09818127751350403,0.15521351993083954,0.4640325903892517,0.4685901999473572,0.07406939566135406,-0.02529100328683853,0.11688507348299026,0.5728193521499634,1.0109343528747559,0.8646752834320068,2.1245334148406982,-0.11996257305145264,-2.27380108833313,-5.1829376220703125,-0.9444789886474609,5.3670783042907715,6.260110855102539,5.557810306549072,3.272090435028076,0.4944491982460022
0.06591796875,-0.03251568228006363,-0.2756466269493103,-0.48778507113456726,-0.10720422863960266,-0.206569641828537,-0.4628119468688965,-0.31107059121131897,0.10979703068733215,-0.07051882147789001,-0.0935530811548233,-1.2433559894561768,-0.6970733404159546,-0.6289294958114624,-1.264693021774292,-1.2968600988388062,-1.208502173423767,-0.39416587352752686,-0.49527955055236816,-0.05122588574886322,-0.23785138130187988,1.5413172245025635,4.257120132446289,3.987002372741699,3.830657720565796,7.6474504470825195,5.547787666320801,4.57826042175293,1.1768240928649902
-0.00194549560546875,-0.20027987658977509,-0.36644190549850464,-0.3048231899738312,-0.3804740309715271,-0.27895575761795044,0.049439460039138794,-0.07852578163146973,-0.19829252362251282,-0.3449816107749939,-0.08464713394641876,0.04209978133440018,0.22554713487625122,-0.22301603853702545,-0.43998488783836365,-0.5061614513397217,-1.3776202201843262,-0.3289228677749634,-0.8658723831176758,-1.2151987552642822,-3.6311466693878174,-8.038812637329102,-9.058340072631836,-7.888824462890625,-7.930965423583984,-8.566997528076172,-7.403669834136963,-5.369014263153076,-0.43143385648727417
-0.0201416015625,-0.30140411853790283,-0.3493522107601166,-0.17428717017173767,0.41857683658599854,0.038007259368896484,0.08053669333457947,0.11635471135377884,0.06999339163303375,0.4374615550041199,0.5929303169250488,-0.4161991477012634,0.12924012541770935,0.15737998485565186,-0.036843717098236084,-0.38365238904953003,-1.0949504375457764,-2.1055896282196045,-0.13135462999343872,-0.266501784324646,1.1550456285476685,2.2012741565704346,1.8881617784500122,2.5478601455688477,1.3394052982330322,1.7001771926879883,3.8006021976470947,5.457679271697998,0.7194156050682068
-0.03955078125,-0.041894108057022095,-0.09042389690876007,-0.2424311339855194,-0.21368294954299927,-0.12141469120979309,-0.06942261010408401,-0.0016634166240692139,0.07887638360261917,-0.0725134015083313,-0.0027337223291397095,-0.17446303367614746,-0.35337480902671814,0.2566955089569092,0.7420463562011719,1.1721606254577637,1.5319925546646118,2.018320083618164,1.5120651721954346,0.6996427774429321,-0.4327648878097534,-0.8371682167053223,1.4212944507598877,4.747098922729492,5.510758399963379,0.6657423973083496,2.76570463180542,-1.0028691291809082,-0.4052450358867645
0.0244140625,0.34114670753479004,0.3287550210952759,0.14468470215797424,0.29562774300575256,0.1569238305091858,0.036655865609645844,0.22682738304138184,0.46661484241485596,0.5410964488983154,0.43967205286026,0.10639381408691406,0.6095106601715088,0.9777742624282837,1.3509674072265625,1.0376529693603516,2.5278048515319824,3.4966185092926025,3.838792085647583,2.944068670272827,6.5598039627075195,6.978889465332031,6.151569366455078,8.49312973022461,8.452753067016602,9.169191360473633,8.166625022888184,7.925663948059082,2.1372077465057373
0.003265380859375,-0.06724832952022552,-0.17191380262374878,-0.1705295741558075,-0.5682314038276672,-0.3204330801963806,0.2373560070991516,0.331390917301178,0.7846575975418091,0.3100806474685669,-0.19199728965759277,-0.08378887176513672,-0.19631317257881165,0.3072535991668701,0.6769925951957703,0.21290501952171326,0.5293800234794617,0.733651876449585,-0.1637181043624878,0.1867314875125885,0.02941766381263733,-0.9141596555709839,-3.2148032188415527,-3.454855442047119,-5.027193546295166,-3.789015293121338,-5.23396110534668,-0.42136549949645996,-0.4946175515651703
-0.014892578125,-0.3859332501888275,-0.12775754928588867,-0.03635895252227783,-0.1258373111486435,-0.5007718801498413,-0.2110845446586609,-0.20995736122131348,-0.03808513283729553,-0.3995223641395569,-0.3704102635383606,-0.22777244448661804,-0.5132141709327698,-0.23712769150733948,0.012342959642410278,0.17596876621246338,-0.3046935796737671,-0.38838526606559753,-0.19145742058753967,0.7689571380615234,-2.7230052947998047,-3.6773200035095215,-6.9968485832214355,-6.745285987854004,-6.512735366821289,-4.196177005767822,-4.544435977935791,-2.1704201698303223,-0.04727906361222267
0.003997802734375,0.005737140774726868,0.002429928630590439,-0.027237575501203537,0.1544724553823471,-0.08850303292274475,-0.41041457653045654,-0.35898810625076294,-0.3014930486679077,-0.17352375388145447,-0.8111386895179749,-1.4420350790023804,-1.7314152717590332,-1.4352741241455078,-1.2703603506088257,-1.323206901550293,-2.7293760776519775,-2.8420522212982178,-3.059478759765625,-3.1757140159606934,-5.214072227478027,-6.724897384643555,-9.608527183532715,-7.820857048034668,-5.9959611892700195,-5.888092517852783,-8.603837013244629,-7.057497024536133,-2.010002851486206
0.0263671875,0.12067361176013947,0.2511843740940094,0.3368246555328369,0.22143827378749847,0.4085550010204315,0.6714919805526733,0.301580011844635,0.1106216311454773,0.41766655445098877,0.3564050793647766,-0.03771315515041351,0.6433950066566467,0.3960476815700531,0.3054877519607544,1.0772736072540283,1.1623343229293823,0.8209947943687439,0.9733951091766357,0.5963753461837769,-0.4846435487270355,-0.8609029054641724,-4.712322235107422,-5.845407485961914,-4.749515533447266,-4.906773567199707,-9.581903457641602,-8.928115844726562,-1.7953518629074097
0.018798828125,0.0717402845621109,0.21067291498184204,0.06035400182008743,0.5026609897613525,0.38854536414146423,0.5735889077186584,1.0113943815231323,1.3874433040618896,1.6792463064193726,1.8693993091583252,1.6070137023925781,1.830157995223999,1.9316619634628296,1.444060206413269,1.9805827140808105,2.116825580596924,2.7321088314056396,4.491232872009277,3.788835048675537,4.32118034362793,3.3087706565856934,2.940317392349243,3.401320695877075,2.9237871170043945,4.163935661315918,5.7490363121032715,2.2889018058776855,0.3431360423564911
-0.0191650390625,-0.1309504210948944,-0.34028488397598267,-0.24275881052017212,-0.39144814014434814,-0.6923967599868774,-0.4792056679725647,-0.20335614681243896,-0.0477449893951416,-0.2441265732049942,-0.5572999119758606,-0.6687098741531372,-1.1502387523651123,-1.0776631832122803,-0.6352819800376892,-0.3087759017944336,-0.23805955052375793,-0.7008044719696045,-1.3741893768310547,0.024404406547546387,-0.15897685289382935,-2.567288875579834,-2.314303398132324,-2.9209036827087402,-2.479218006134033,-2.7192790508270264,-1.7739977836608887,-5.714739799499512,-1.4845367670059204
0.064453125,-0.060723379254341125,0.10120249539613724,-0.1628178060054779,0.10709479451179504,0.03534410893917084,0.037281714379787445,-0.15178442001342773,-0.15061765909194946,-0.01120324432849884,-0.36893171072006226,0.01677572727203369,0.23319265246391296,-0.6629067659378052,-0.7796428799629211,-0.8478313684463501,-0.48953211307525635,1.6356377601623535,1.7496460676193237,3.371854543685913,3.4368131160736084,1.6702346801757812,2.8756003379821777,5.026839733123779,6.2451910972595215,3.3683104515075684,3.5212769508361816,0.003474712371826172,-0.7307235598564148
0.011474609375,-0.03072280064225197,0.030814118683338165,-0.15985026955604553,-0.28729915618896484,-0.18668335676193237,-0.11154717206954956,0.10122641921043396,-0.02397364377975464,0.09399949014186859,0.05644732713699341,-0.8545462489128113,-0.2803453803062439,-1.0467736721038818,-0.43858063220977783,-0.6585472822189331,-1.2937982082366943,-1.5946274995803833,-2.6066224575042725,-2.4381299018859863,-5.086057662963867,-5.77097225189209,-3.827993869781494,-0.370863676071167,-2.3981099128723145,-0.5611376762390137,2.097447395324707,-0.660807728767395,-0.5387393832206726
0.0380859375,0.1587531715631485,-0.2653966546058655,-0.26961445808410645,0.0068536847829818726,-0.07829810678958893,-0.42476534843444824,0.040878430008888245,-0.08414676785469055,-0.6940996646881104,-0.29212552309036255,-0.580903172492981,-0.08202141523361206,0.03963790833950043,-0.1271538883447647,-0.37498438358306885,-0.6739422082901001,-1.2511205673217773,-2.0003457069396973,-2.171008586883545,0.41168832778930664,-3.146449327468872,-1.0523759126663208,-5.782509803771973,-7.698564052581787,-7.3952789306640625,-9.79517936706543,-8.663928985595703,-2.7403862476348877
-0.041748046875,0.024599216878414154,0.0670035183429718,0.14504748582839966,0.13570323586463928,-0.13776859641075134,-0.004178330302238464,0.17038428783416748,-0.10395540297031403,0.20226545631885529,0.29720038175582886,0.6185026168823242,-0.17643114924430847,0.5732543468475342,-0.12521934509277344,0.5523962378501892,0.6467684507369995,1.591956377029419,1.1365666389465332,0.7278785705566406,0.14762377738952637,-2.195939064025879,-3.4671216011047363,-5.830019474029541,-6.023364067077637,-9.688236236572266,-8.239283561706543,-8.941635131835938,5.339797496795654
0.0020599365234375,-0.1554160714149475,-0.23652182519435883,-0.3919656276702881,-0.45535844564437866,-0.16600815951824188,-0.10597868263721466,-0.29460522532463074,-0.02903798222541809,0.052633486688137054,0.3693586587905884,-0.10262027382850647,-0.21389710903167725,0.3827638626098633,0.6169004440307617,0.486505389213562,0.5280016660690308,1.2509613037109375,-0.38706958293914795,-0.8901969194412231,-0.7076237201690674,0.7727190256118774,-0.685093879699707,-1.4564003944396973,-1.641918659210205,-0.18773400783538818,4.1775617599487305,2.592275619506836,1.4546921253204346
-0.004791259765625,0.07255576550960541,0.04617244377732277,-0.002556532621383667,-0.1599094271659851,0.33774834871292114,0.5340999364852905,0.626901388168335,1.0221198797225952,0.7294495701789856,1.4622150659561157,1.3432362079620361,1.6704663038253784,1.1152130365371704,1.4449833631515503,1.4079374074935913,2.2539796829223633,1.3690509796142578,1.1736433506011963,2.335449695587158,2.0618648529052734,5.2386908531188965,4.823650360107422,8.359368324279785,9.985074996948242,9.780689239501953,14.108309745788574,13.303975105285645,3.3165907859802246
0.0205078125,-0.0019210875034332275,0.07763461023569107,0.05048518627882004,-0.07341761887073517,0.12424662709236145,0.059174567461013794,0.5091025233268738,0.6859784722328186,0.3023739457130432,0.3166223466396332,-0.3235391080379486,0.07111728191375732,0.09066200256347656,-0.03255409002304077,0.003436565399169922,0.05099043250083923,-1.1200330257415771,-0.8975809812545776,-1.5661247968673706,-3.8710784912109375,-5.078766345977783,-10.785747528076172,-9.775664329528809,-11.051265716552734,-9.641950607299805,-8.957998275756836,-10.00782585144043,-3.1906912326812744
0.050048828125,0.1582358479499817,0.11228886246681213,0.02379573881626129,0.43607091903686523,0.3259081244468689,0.5056053400039673,0.13219040632247925,0.1505986750125885,-0.0017187893390655518,0.19772091507911682,-0.04900841414928436,0.4285682737827301,0.3606559634208679,0.9555187821388245,0.3038123846054077,0.06580480933189392,0.09100325405597687,-0.6802126169204712,-0.6882697343826294,-0.25769177079200745,-0.9300234317779541,-0.5595284700393677,-0.6557081937789917,0.7530644536018372,1.4406914710998535,0.8194793462753296,2.3972816467285156,1.027043342590332
-0.0634765625,-0.13153275847434998,0.02366793155670166,0.14567679166793823,-0.15152329206466675,-0.2874923646450043,0.03580498695373535,0.1877133548259735,-0.100423663854599,-0.24844887852668762,-0.06236600875854492,-1.0309211015701294,-1.1315147876739502,-0.9234833717346191,-0.9332147836685181,-0.9067596197128296,-1.197870135307312,-2.4028923511505127,-3.7740020751953125,-3.7548489570617676,-3.5327682495117188,-4.388291358947754,-3.2256393432617188,-5.303311347961426,-4.0611090660095215,-2.81009840965271,0.7724477052688599,3.512221574783325,2.111933946609497
-0.008544921875,-0.22564351558685303,-0.25398266315460205,-0.31585878133773804,-0.7493590116500854,-0.3764936327934265,-0.1835854947566986,-0.16314150393009186,0.023028165102005005,-0.5741578936576843,-0.5238491296768188,-0.5338448286056519,-1.1809937953948975,-1.232905387878418,-1.102655291557312,-0.7884312272071838,-0.216597318649292,-0.6352745294570923,-1.2896766662597656,-2.9937589168548584,-3.5291411876678467,-5.803351402282715,-5.2980546951293945,-4.661725997924805,-1.0515196323394775,-1.8359020948410034,-2.1880712509155273,0.09692394733428955,-1.043015956878662
-0.0439453125,-0.4915770888328552,-0.5697546005249023,-0.34250408411026,-0.38176560401916504,-0.2514289617538452,-0.10551656782627106,-0.16532030701637268,-0.5496846437454224,-0.29285943508148193,-0.5550785064697266,-0.8624695539474487,-0.21180814504623413,-0.2973911166191101,-0.012777596712112427,0.011148452758789062,0.9861550331115723,1.4964324235916138,2.4776740074157715,2.7732465267181396,1.8055195808410645,4.354647159576416,6.012256622314453,4.1198811531066895,5.5443644523620605,6.015724182128906,8.62977409362793,4.716094970703125,2.3863210678100586
-0.0260009765625,0.06390310823917389,0.10827285051345825,0.4132654666900635,0.15739664435386658,0.1924697607755661,0.15377528965473175,0.13828080892562866,0.0212700292468071,-0.2386811375617981,-0.23594558238983154,-0.05804409831762314,0.028058528900146484,0.46699613332748413,0.5971055626869202,-0.02748844027519226,0.22204145789146423,0.5858135223388672,1.8747005462646484,2.2466721534729004,0.39858198165893555,1.4484877586364746,1.8312528133392334,1.0314407348632812,1.5553404092788696,-1.1377201080322266,-0.5531782507896423,0.4521111249923706,1.2378244400024414
-0.00537109375,-0.2194773554801941,-0.0778694823384285,0.06423474848270416,-0.039105482399463654,-0.21465149521827698,-0.5698661208152771,-0.5206193923950195,-0.3707384765148163,-0.5637679100036621,-0.7270159721374512,-0.303874671459198,-0.811367392539978,-0.542624831199646,0.006318420171737671,0.17449027299880981,0.3493040204048157,-0.6818318367004395,-0.39187633991241455,-0.5662602186203003,-2.6805644035339355,0.2634408473968506,1.9181077480316162,1.3484623432159424,1.382920503616333,3.8226263523101807,7.732209205627441,7.966832160949707,1.581701397895813
-0.01409912109375,-0.13021054863929749,0.05044413357973099,-0.22386524081230164,-0.37400245666503906,-0.6070120930671692,-0.2753334045410156,-0.5292611718177795,-0.07174801826477051,-0.03080414980649948,-0.7503412365913391,-0.5575293302536011,0.2978345453739166,0.43168899416923523,0.2517889142036438,-0.2929134964942932,-0.2407519668340683,-0.17509472370147705,-0.16001835465431213,-0.7163733243942261,-3.430617570877075,-5.308793544769287,-10.639078140258789,-8.823038101196289,-9.586872100830078,-14.527721405029297,-13.523687362670898,-11.307159423828125,-1.7263720035552979
0.0279541015625,0.1142636239528656,0.0006443522870540619,0.06916417181491852,-0.15956731140613556,0.07327643036842346,-0.5884106159210205,-0.23720782995224,0.04677571356296539,0.17027291655540466,-0.4278973639011383,-0.3201006054878235,-0.011237166821956635,0.027031734585762024,0.011397890746593475,-0.05983443558216095,0.3107450306415558,0.7066737413406372,1.1309071779251099,1.3060296773910522,0.7421162724494934,3.91416335105896,-0.9555778503417969,0.3303612470626831,2.439659357070923,2.5701985359191895,5.558772087097168,8.139387130737305,1.2705587148666382
0.005035400390625,-0.049004919826984406,-0.17667369544506073,-0.2070678472518921,-0.5938754081726074,-0.4776093661785126,-0.5720565319061279,-0.49289390444755554,-0.1867971122264862,0.09607179462909698,0.21761640906333923,0.6495495438575745,0.34812042117118835,-0.3454013764858246,0.041363924741744995,-1.023585319519043,-0.7679632902145386,-1.5987910032272339,0.7824975252151489,0.23805832862854004,1.2659225463867188,2.6159095764160156,5.964235782623291,5.584324836730957,3.677332639694214,1.768831491470337,-1.846213459968567,-2.7451634407043457,-1.0815948247909546
-0.0076904296875,0.4037860035896301,0.5931342840194702,0.711948037147522,0.9446881413459778,0.283888578414917,0.7496150732040405,0.43651333451271057,0.6599377393722534,0.5572719573974609,0.7292008399963379,0.71904456615448,0.7895141243934631,0.9283806681632996,1.244724988937378,0.7781704068183899,0.6631738543510437,1.356929898262024,2.3229012489318848,3.298090934753418,4.1334710121154785,5.6405134201049805,8.921651840209961,10.125529289245605,9.116106033325195,8.395565032958984,8.367143630981445,6.20655632019043,2.550090789794922
0.0069580078125,-0.12174591422080994,-0.020210325717926025,-0.2515256404876709,0.0954454243183136,-0.28536373376846313,-0.38442081212997437,-0.8326212167739868,-0.7474774122238159,-0.7158442735671997,-0.3569520115852356,-0.6177763938903809,-0.7733265161514282,-0.7549276351928711,-0.9322003126144409,-1.1185104846954346,-2.035916566848755,-3.400768756866455,-2.698246955871582,-2.5154337882995605,-4.5829386711120605,-5.420741558074951,-6.395342826843262,-10.287137031555176,-8.315414428710938,-6.845976829528809,-3.37103009223938,-10.236111640930176,-0.7955288887023926
0.022705078125,-0.06187399476766586,0.1402338743209839,0.18117132782936096,-0.2101103961467743,-0.11492171883583069,0.022266622632741928,-0.43000778555870056,-0.35590600967407227,-0.3717177212238312,-0.9301583170890808,-1.3050322532653809,-0.673106849193573,-0.26465165615081787,0.07465791702270508,-0.317609041929245,-0.08649176359176636,-1.5340882539749146,-2.414668560028076,-2.3802597522735596,-3.1940908432006836,-3.0591063499450684,-6.3093414306640625,-5.710907459259033,-10.813750267028809,-12.788663864135742,-11.291119575500488,-8.772550582885742,-0.9837470054626465
-0.051025390625,0.14700472354888916,0.1925065517425537,0.32113415002822876,0.3206608295440674,0.08204019069671631,0.08708763867616653,-0.33408814668655396,0.09364871680736542,-0.42609789967536926,-0.3711608052253723,0.031913816928863525,0.5828812718391418,1.0691078901290894,1.3351390361785889,1.299163579940796,2.094975233078003,1.6411325931549072,3.0044827461242676,2.8828582763671875,1.2353429794311523,1.9921948909759521,5.108996391296387,8.187171936035156,10.267227172851562,15.023170471191406,14.481545448303223,14.233854293823242,2.5288968086242676
0.00701904296875,-0.04803777486085892,-0.06193085014820099,-0.1614883989095688,0.017811059951782227,-0.3499813675880432,-0.05797380954027176,-0.16098016500473022,0.14026938378810883,-0.02350122481584549,-0.17971381545066833,0.5408527255058289,0.32352694869041443,0.55033940076828,0.7867692112922668,-0.10019344091415405,0.24385172128677368,0.6015723347663879,1.7634878158569336,0.7554874420166016,-1.5649144649505615,-1.3327267169952393,-2.5538394451141357,-4.201329231262207,-3.0808849334716797,-4.805816650390625,-6.890995025634766,-4.2586212158203125,-2.0419459342956543
0.001800537109375,0.15740340948104858,0.04003584384918213,0.2341141253709793,0.09098013490438461,-0.4417405128479004,-0.6685242056846619,-0.3059578835964203,-0.4704257845878601,-0.4276495575904846,-0.4899330139160156,-0.9412676692008972,-0.9650399684906006,-0.7786277532577515,-0.692714512348175,-0.4086022973060608,0.08940389752388,2.054532766342163,1.2246599197387695,0.6627939939498901,3.7577757835388184,4.70339298248291,5.812502861022949,7.869900703430176,4.767264366149902,3.935814380645752,3.178673267364502,4.320633888244629,0.4358169138431549
0.037109375,0.31621891260147095,0.31083083152770996,0.47967731952667236,0.34511661529541016,0.16910745203495026,0.5463491082191467,0.3397982716560364,0.3348192572593689,0.2682439684867859,0.2816210091114044,0.6093672513961792,0.7228453755378723,0.438592791557312,-0.1698024868965149,0.44439423084259033,0.10170629620552063,-0.13663724064826965,-0.5579489469528198,-2.6751441955566406,-2.341352701187134,-4.195748805999756,-4.607610702514648,-6.431746482849121,-5.607183456420898,-6.304812431335449,-5.588850975036621,-4.148334980010986,-1.8590710163116455
-0.048095703125,-0.027252085506916046,-0.018319454044103622,0.043533191084861755,0.1555219143629074,0.6571011543273926,0.023144423961639404,0.24296441674232483,-0.021121889352798462,-0.21151313185691833,0.42152172327041626,0.20457245409488678,-0.026646047830581665,0.20910421013832092,0.0895942747592926,-0.04364243149757385,-0.28508397936820984,0.6401561498641968,0.9522446393966675,2.1602742671966553,1.6910860538482666,-1.6792669296264648,-5.552738666534424,-8.278373718261719,-10.335390090942383,-8.257394790649414,-6.676835060119629,-5.872128486633301,-0.30714744329452515
-0.01092529296875,0.0036597028374671936,-0.016483725979924202,-0.1826678216457367,-0.3307860791683197,0.0473003089427948,0.09531109780073166,-0.2918727695941925,-0.15577349066734314,0.17195862531661987,0.35187727212905884,0.4417444169521332,-0.4568082094192505,-0.3727900981903076,-0.13715851306915283,0.07846507430076599,-0.38775506615638733,-0.03125181794166565,-0.9100773334503174,-1.2210643291473389,-0.5060354471206665,0.4962044954299927,-0.41112256050109863,0.9192017316818237,0.7964587211608887,-3.437833309173584,-3.146759271621704,-3.056062698364258,-0.8131643533706665
-0.01220703125,0.28793346881866455,0.27637553215026855,0.06362396478652954,0.18574491143226624,0.23171259462833405,0.2635786235332489,0.26797181367874146,0.3675698935985565,0.17628201842308044,0.08636267483234406,-0.2272624969482422,-0.06988328695297241,-0.3405050039291382,-0.726196825504303,-1.4218062162399292,-1.3729745149612427,-0.6520484685897827,-3.6240596771240234,-3.953420877456665,-2.960236072540283,-3.0747017860412598,-4.289669036865234,-6.362555980682373,-5.935731410980225,-6.501007556915283,-3.5083796977996826,-4.472951412200928,-0.403333455324173
0.033935546875,0.20546087622642517,0.31314802169799805,0.21641874313354492,0.18846091628074646,0.4174104928970337,0.9325975775718689,0.8900183439254761,0.6220961809158325,0.7666441202163696,0.5779275894165039,1.0478601455688477,0.47837817668914795,1.1416380405426025,0.9143136739730835,0.9841275215148926,1.2121773958206177,2.1891703605651855,2.738990545272827,3.0609450340270996,1.3851845264434814,-0.27814292907714844,-1.906231164932251,-2.7483668327331543,-5.799860954284668,-5.192545413970947,-6.271075248718262,-8.67241096496582,-1.7782163619995117
0.0037841796875,0.24277947843074799,0.16513612866401672,0.11870650947093964,0.16635210812091827,0.14517319202423096,0.20171698927879333,0.1776057481765747,0.2340739518404007,0.321643203496933,0.9270617961883545,0.9720684289932251,0.998473048210144,1.3731255531311035,1.1914317607879639,0.8290189504623413,1.1429481506347656,2.2734806537628174,2.4735589027404785,1.481598973274231,5.093716621398926,5.063319206237793,5.948772430419922,4.786366939544678,1.4545304775238037,2.007474660873413,1.235782504081726,1.6145524978637695,-0.19171929359436035
-0.0157470703125,-0.2215675711631775,-0.27086299657821655,-0.253139853477478,-0.7467738389968872,-0.6715298891067505,-0.8042029142379761,-0.6344479322433472,-0.45610612630844116,-0.8117526173591614,-1.0994104146957397,-1.7571673393249512,-1.8923051357269287,-2.0661730766296387,-2.378726005554199,-2.7336790561676025,-3.510819911956787,-3.145392894744873,-3.8751604557037354,-3.893138885498047,-6.7804436683654785,-8.141217231750488,-6.5258378982543945,-5.314026355743408,-6.379199028015137,-0.46009063720703125,1.776494026184082,0.6860342025756836,0.7996860146522522
0.0037994384765625,0.030194923281669617,0.07172151654958725,-0.03065512143075466,-0.0035452749580144882,-0.08427364379167557,0.07568664848804474,-0.19694189727306366,-0.19810950756072998,-0.4487278461456299,0.05067795515060425,0.7117303609848022,0.6264873743057251,0.8272033333778381,1.2034024000167847,1.1540995836257935,1.5109901428222656,0.28244495391845703,0.6912869215011597,3.7504091262817383,4.617232322692871,3.6770987510681152,3.941577911376953,4.67313814163208,4.970597267150879,7.285477161407471,7.3315205574035645,8.843655586242676,2.575533628463745
0.004852294921875,0.02935405820608139,-0.05520956218242645,-0.0860026553273201,-0.019338414072990417,0.16279643774032593,0.35818642377853394,0.2646416425704956,0.6356166005134583,0.29564574360847473,0.8222128748893738,0.9111888408660889,0.9094085693359375,0.20751971006393433,0.08164781332015991,0.4266990125179291,0.10546636581420898,0.42253878712654114,0.7898682355880737,1.8823776245117188,3.9831557273864746,8.493389129638672,8.663581848144531,9.911065101623535,12.136281967163086,12.645757675170898,12.322792053222656,14.589681625366211,3.965712785720825
0.01165771484375,-0.024899452924728394,-0.048613645136356354,-0.15495991706848145,-0.3262028098106384,-0.3931015133857727,0.06659948825836182,-0.1273406445980072,-0.1136670708656311,0.3558114469051361,-0.05991366505622864,0.11201465129852295,0.11892583966255188,-0.054516375064849854,0.10227853059768677,-0.5708726048469543,0.26048094034194946,-0.8538629412651062,0.5010098814964294,-0.8482904434204102,0.5726124048233032,1.9875396490097046,-2.2377476692199707,-4.203370094299316,-0.9359092712402344,0.2674882411956787,-1.808836817741394,-4.330759525299072,0.02358507364988327
-0.0228271484375,-0.09246876835823059,-0.14628760516643524,0.003170229494571686,0.15665246546268463,0.11820536851882935,-0.0054943859577178955,0.5233215689659119,0.3248438835144043,0.3127340078353882,-0.2642326056957245,-0.009885922074317932,-0.46407198905944824,-0.26610085368156433,-0.43714600801467896,-0.9679986834526062,-1.7481467723846436,-1.4708764553070068,-1.0410701036453247,-4.004786491394043,-3.666452646255493,-6.282358646392822,-7.0528130531311035,-9.580097198486328,-7.230833530426025,-10.665016174316406,-12.422109603881836,-13.490592002868652,-4.455749034881592
0.001556396484375,0.17617645859718323,0.36317917704582214,0.5464587211608887,0.6775630712509155,0.655991792678833,0.9105744957923889,1.2375000715255737,0.7424631118774414,0.8490908145904541,0.9722589254379272,0.902633011341095,0.46970707178115845,0.45249035954475403,-0.2383633255958557,-0.09472277760505676,0.060822419822216034,1.696545124053955,1.9455759525299072,1.3816797733306885,3.429062843322754,6.439482688903809,13.22307300567627,13.05392837524414,18.624597549438477,18.38401985168457,16.05756378173828,18.87063217163086,4.355567455291748
-0.03955078125,-0.1969631165266037,-0.3181430399417877,-0.23023928701877594,-0.389711856842041,-0.15746554732322693,-0.23926794528961182,-0.5001077651977539,-0.49403566122055054,-0.12477120757102966,-0.2816227078437805,0.04870867729187012,-0.13406088948249817,-0.0406065434217453,0.11753710359334946,0.32797926664352417,-0.09305659681558609,-0.01870086044073105,-0.7640784978866577,-1.7766849994659424,-1.6791824102401733,1.5520395040512085,-5.330842018127441,-4.385141372680664,-5.1518473625183105,-5.363465785980225,-9.073629379272461,-12.201623916625977,-2.69431209564209
-0.0021209716796875,0.0697120875120163,0.04769868031144142,0.30067211389541626,0.3963085412979126,0.41267478466033936,0.47325974702835083,0.633824348449707,0.5312180519104004,0.12385335564613342,0.744447648525238,0.9784034490585327,0.8434412479400635,0.6990253925323486,0.6881910562515259,0.5633107423782349,-0.12519735097885132,-0.39321422576904297,-1.5931966304779053,-0.9115184545516968,0.4167534112930298,1.5872180461883545,-0.8664383888244629,0.026394128799438477,1.460254430770874,2.306305408477783,4.039562702178955,1.193899154663086,-0.26268479228019714
-0.0400390625,0.2593212127685547,0.105261892080307,0.09315833449363708,-0.16145384311676025,-0.1354883760213852,-0.09987867623567581,-0.3750765919685364,-0.2782630920410156,-0.027671337127685547,0.021557465195655823,-0.033586468547582626,0.033654093742370605,0.6484771966934204,0.7740001678466797,0.9637838006019592,0.39696091413497925,0.4378150701522827,-0.04490339756011963,-0.5267427563667297,-0.7437153458595276,0.041134029626846313,-2.319526195526123,-3.6632111072540283,-4.064244747161865,-6.377975940704346,-3.482668876647949,0.7658734321594238,0.6100143194198608
-0.0196533203125,0.2067720890045166,0.15939021110534668,0.16595366597175598,0.2050132006406784,0.150223046541214,0.02865556627511978,0.10936734080314636,0.45655831694602966,0.7342005968093872,0.1838763952255249,-0.5377584099769592,0.167966827750206,-0.11892381310462952,-0.3276846408843994,-0.30416983366012573,-0.42894265055656433,-0.3306536376476288,-0.4716947674751282,-0.8934311866760254,1.217937707901001,5.741488456726074,2.77390193939209,2.364042282104492,2.8108997344970703,1.157045602798462,4.7396159172058105,5.111935138702393,0.3254767656326294
0.00360107421875,0.00015838444232940674,-0.08864203095436096,-0.15470333397388458,-0.10650798678398132,-0.33402323722839355,0.014819741249084473,0.08777967095375061,-0.35732048749923706,-0.7483600378036499,-0.3431163728237152,-0.40735432505607605,-0.15769052505493164,-0.2472410649061203,0.2778131365776062,0.2811416983604431,-0.5581392049789429,-0.7202532291412354,-1.2997426986694336,-0.13587236404418945,2.214962959289551,1.5984233617782593,3.779165506362915,4.744805335998535,4.9513959884643555,1.8652708530426025,2.919667959213257,-2.758056879043579,-1.3451391458511353
0.04736328125,-0.03674372285604477,-0.012586180120706558,0.13678400218486786,0.013953208923339844,-0.2534012794494629,0.02621370553970337,-0.15269511938095093,0.08067002147436142,-0.02921292930841446,-0.3341391086578369,-0.8804869651794434,-0.26773953437805176,-0.17559561133384705,-0.6530164480209351,-0.4893869161605835,0.19571608304977417,-0.3599368631839752,-0.019243359565734863,-0.8754880428314209,-3.089473009109497,-1.0248651504516602,2.2621567249298096,1.2460711002349854,-0.20379316806793213,-2.5333547592163086,1.6378334760665894,0.7311108112335205,-0.08742311596870422
-0.0537109375,0.15523366630077362,0.225627601146698,-0.27348577976226807,-0.3976755142211914,-0.26884379982948303,-0.3441348671913147,-0.258969783782959,-0.8971493244171143,-0.8102566003799438,-0.791061520576477,-0.7747188806533813,-0.6271418333053589,-0.8254435062408447,-1.0326420068740845,-0.9987126588821411,-0.8620617389678955,-0.7436352372169495,-0.4446799159049988,-0.7392820715904236,0.2260667085647583,0.7553635239601135,-5.411516189575195,-6.161446571350098,-6.204348087310791,-11.439682960510254,-10.569241523742676,-11.247954368591309,-1.6505305767059326
0.05078125,0.06836524605751038,-0.06711278855800629,-0.19003210961818695,0.30701208114624023,0.37050536274909973,0.050164490938186646,0.1426597535610199,-0.07339420914649963,-0.3487018346786499,0.019780367612838745,0.19523602724075317,0.4856226444244385,-0.5445622205734253,0.49849238991737366,0.5822641253471375,1.2122440338134766,1.0974295139312744,1.8412513732910156,1.084123969078064,2.072767734527588,4.341738700866699,4.361371040344238,5.003382682800293,7.126256942749023,8.411235809326172,8.211976051330566,10.355355262756348,1.3748228549957275
-0.018798828125,0.16794440150260925,-0.02155212312936783,0.03480030596256256,-0.1497790366411209,0.04224724322557449,-0.057125627994537354,0.4595530927181244,-0.20192474126815796,0.021886780858039856,0.1128292828798294,0.3520137071609497,0.002937011420726776,-0.05790907144546509,-0.07695725560188293,-0.35296767950057983,-0.5607719421386719,0.07267627120018005,0.5602453947067261,1.096224308013916,2.3115122318267822,2.9518680572509766,3.4654269218444824,1.5092618465423584,0.935753583908081,3.242457866668701,1.4446974992752075,-0.5014313459396362,-0.8207738399505615
-0.025146484375,0.04272535443305969,0.18289563059806824,0.20527155697345734,0.010469883680343628,0.1801607608795166,0.3670123815536499,0.12458515167236328,-0.10114380717277527,-0.2776297330856323,0.1990586817264557,0.3205519914627075,0.517266035079956,0.6430088877677917,0.31372255086898804,-0.06400415301322937,-0.6121922731399536,-1.0427217483520508,-0.7533247470855713,-1.198134422302246,-3.8325748443603516,-6.827260971069336,-7.931981086730957,-6.961862564086914,-5.16944694519043,-1.5642411708831787,0.7218601703643799,2.176879405975342,0.6905772089958191
-0.01177978515625,0.02263757586479187,0.1714509129524231,0.16228926181793213,-0.017753511667251587,0.031857214868068695,0.1411452293395996,-0.012300819158554077,0.04074123874306679,-0.17007212340831757,-0.12290561199188232,-0.2780681252479553,0.29889634251594543,0.3046630620956421,0.11659495532512665,-0.5455062389373779,-0.5649453401565552,0.05461621284484863,-0.51151442527771,-0.8116265535354614,-0.3551628589630127,-1.1192805767059326,2.6199870109558105,4.412186145782471,6.89461612701416,6.673098564147949,8.468639373779297,2.2660632133483887,2.2212722301483154
0.0101318359375,0.16811677813529968,-0.050183139741420746,0.2431195229291916,-0.16569942235946655,-0.14446812868118286,0.07295683026313782,0.2880780100822449,-0.23240309953689575,0.025912746787071228,0.3264167308807373,0.6794712543487549,0.9259420037269592,0.7227538824081421,0.8591408133506775,1.0164064168930054,1.328141212463379,1.9661803245544434,1.5891443490982056,1.9190034866333008,3.735163450241089,3.8093080520629883,-0.43949365615844727,-4.576918601989746,-5.591220855712891,-1.672471523284912,-4.0798869132995605,-3.7736949920654297,-1.919350504875183
0.007049560546875,-0.14324061572551727,-0.2214067429304123,-0.46103522181510925,-0.714895486831665,-0.8734613656997681,-0.9076582789421082,-0.7572992444038391,-0.4803517460823059,-0.5221414566040039,-0.5972607135772705,-1.0366790294647217,-1.4925038814544678,-0.9241358041763306,-0.9526304006576538,-0.4739464819431305,-1.0770870447158813,-1.42779541015625,-1.6104828119277954,-2.5895609855651855,-3.9248597621917725,-9.121767044067383,-6.493697166442871,-8.10894775390625,-6.313892364501953,-7.40523624420166,-4.875351905822754,-4.1004533767700195,-0.7678811550140381
-0.0296630859375,-0.14726020395755768,-0.05423063039779663,-0.12248484045267105,-0.3523560166358948,-0.1288548707962036,-0.25014811754226685,0.0243062824010849,0.0011660978198051453,0.04282834380865097,-0.03309287130832672,-0.8004482984542847,-0.9493798017501831,-1.3331036567687988,-1.549501895904541,-2.532068967819214,-2.1572420597076416,-2.912801504135132,-4.128722190856934,-4.087122917175293,-2.8387527465820312,-4.428463935852051,-4.8682661056518555,-9.515228271484375,-9.70270824432373,-7.880560874938965,-9.939279556274414,-9.370828628540039,-2.124932050704956
-0.018798828125,0.011696100234985352,-0.1557689607143402,-0.27455469965934753,-0.25114578008651733,-0.12559744715690613,-0.5396102070808411,-0.7123579382896423,-0.9462540745735168,-0.5792951583862305,-1.1553373336791992,-1.1973052024841309,-1.4071578979492188,-1.0528795719146729,-1.1828609704971313,-1.1138309240341187,-1.872300148010254,-2.6043176651000977,-3.200153112411499,-3.5161170959472656,-3.995866298675537,-7.32959508895874,-3.365462303161621,-6.44218635559082,-7.630308628082275,-7.232501029968262,-7.602690696716309,-9.058096885681152,-1.5439234972000122
-0.00013446807861328125,0.08650423586368561,0.26678770780563354,0.15663905441761017,-0.23364359140396118,-0.1250157207250595,-0.18821516633033752,-0.3117857575416565,-0.6256402730941772,-0.660339891910553,-0.26743772625923157,-0.5385469794273376,0.2992880642414093,0.18657580018043518,0.015271365642547607,-0.07634344696998596,0.07303455471992493,0.744606614112854,0.6847342252731323,0.7172046303749084,-1.0891004800796509,2.101624011993408,4.41316556930542,8.5897216796875,9.762378692626953,12.248412132263184,12.577058792114258,17.850370407104492,3.1631112098693848
-0.0174560546875,0.08486242592334747,0.06639480590820312,-0.22542572021484375,-0.3047909438610077,-0.8040766716003418,-0.7703728675842285,-0.7880116701126099,-0.9881299138069153,-0.7454670667648315,-0.8455578684806824,-0.24539005756378174,-0.5285958647727966,-0.5323349833488464,-1.316593050956726,-1.2656831741333008,-1.509843111038208,-0.7698050141334534,-1.640028953552246,-2.3611457347869873,-2.419478416442871,-1.8546113967895508,-0.994788408279419,-3.2984542846679688,-7.017542839050293,-10.377427101135254,-10.98599624633789,-11.080280303955078,-3.1982078552246094
-0.0147705078125,0.00597226619720459,0.029231997206807137,-0.07377146929502487,-0.16042771935462952,-0.10611597448587418,-0.02451566606760025,0.2352379560470581,-0.14789164066314697,-0.16173191368579865,0.03358843922615051,0.2865009903907776,0.5443856120109558,0.06676217913627625,-0.07087799161672592,0.454528272151947,0.4582597613334656,0.4088529944419861,0.8872642517089844,2.5958263874053955,3.1125950813293457,3.6441526412963867,-0.04158306121826172,-3.739638328552246,-5.798728942871094,-4.4135212898254395,-5.302494049072266,-3.845630168914795,-0.7930638194084167
0.0213623046875,-0.01568206027150154,-0.1987072229385376,-0.21835501492023468,-0.21371828019618988,-0.12876269221305847,0.08648296445608139,0.0059057846665382385,0.4919978380203247,0.7392380833625793,0.712654709815979,0.6591224074363708,0.8434496521949768,1.01466703414917,1.1394927501678467,1.1588134765625,1.9027749300003052,2.456616163253784,2.2529449462890625,2.733522415161133,4.437273025512695,6.415860176086426,9.044563293457031,8.803484916687012,8.553157806396484,9.7097806930542,9.376986503601074,11.62423038482666,2.6956143379211426
-0.027587890625,-0.006904385983943939,-0.015953030437231064,-0.23543210327625275,-0.23633292317390442,-0.314267635345459,-0.29402709007263184,-0.003835231065750122,0.20114755630493164,-0.38366883993148804,-0.18763554096221924,-1.0173977613449097,-0.843695342540741,-0.7559380531311035,-0.8555483222007751,-1.505669116973877,-1.7262985706329346,-0.6949838399887085,-1.2285115718841553,0.015575587749481201,0.05670621991157532,2.091250419616699,1.8471205234527588,1.5523216724395752,3.5589752197265625,3.1651535034179688,1.4719685316085815,3.0146920680999756,1.1920058727264404
0.0031280517578125,0.2509593963623047,0.17201144993305206,0.4713411331176758,0.4160905182361603,0.3204576373100281,0.2529052495956421,0.10043632984161377,0.1208311915397644,0.02995886281132698,-0.3102533221244812,0.641358494758606,1.5007861852645874,1.6030926704406738,1.4794836044311523,1.7080281972885132,2.1868767738342285,2.223548173904419,2.7224435806274414,2.7147178649902344,2.56786847114563,3.415818452835083,3.171449899673462,6.692174911499023,6.609471797943115,4.225147247314453,2.618067741394043,0.05835318565368652,-0.19638296961784363
0.031494140625,0.37698668241500854,0.3390848934650421,0.18721984326839447,0.8166239261627197,0.769766092300415,0.35412880778312683,0.629741907119751,0.7589708566665649,0.557284951210022,0.17313402891159058,-0.13070213794708252,0.07308502495288849,0.19633017480373383,-0.3879188895225525,-0.03024578094482422,-0.21893852949142456,0.7570545673370361,0.7838019728660583,1.0069987773895264,3.004132032394409,0.059691667556762695,-2.0711770057678223,0.9149003028869629,2.9549834728240967,7.490001678466797,8.32311725616455,6.448080539703369,2.471341848373413
0.00244140625,0.032796964049339294,0.060665544122457504,0.3088639974594116,0.3134082555770874,0.22486340999603271,-0.35628125071525574,-0.1927517056465149,0.09486965835094452,0.42068639397621155,0.5035521388053894,0.6599297523498535,0.7695459723472595,1.0146280527114868,0.6185890436172485,0.473520964384079,0.40525662899017334,-0.010195374488830566,1.5359753370285034,1.0410656929016113,0.6151441335678101,0.35593506693840027,-2.366379976272583,-3.7490763664245605,-5.888025760650635,-7.254806995391846,-6.9263014793396,-8.616466522216797,-2.563101291656494
0.0177001953125,0.06354287266731262,0.12214595079421997,-0.12337468564510345,-0.41460973024368286,-0.1411750316619873,-0.05846907198429108,0.08073132485151291,-0.14087536931037903,0.1297939568758011,-0.21516776084899902,-0.40425384044647217,-0.5172021389007568,-0.4765136241912842,-0.9906416535377502,-0.9837120771408081,-2.11796236038208,-2.3129920959472656,-2.2295351028442383,-0.4438798427581787,-2.3500983715057373,-4.293850421905518,-6.284895896911621,-11.22494888305664,-9.391953468322754,-13.546780586242676,-16.038063049316406,-19.736961364746094,-4.772412300109863
0.0267333984375,0.08003594726324081,0.13211587071418762,0.039632074534893036,-0.07640475034713745,-0.3434590697288513,0.0298110693693161,-0.06213235855102539,0.03947090357542038,0.5474919080734253,0.2291513979434967,0.40150192379951477,0.711365282535553,0.3382371664047241,0.3951912522315979,0.12744125723838806,0.35516825318336487,-0.17245912551879883,0.035888850688934326,0.8792368173599243,2.916677951812744,4.665467262268066,11.330050468444824,9.241945266723633,10.417054176330566,12.04696273803711,6.199878692626953,2.8724610805511475,-0.6795967221260071
0.0233154296875,-0.14112886786460876,-0.13454598188400269,-0.1344146728515625,-0.1135193258523941,0.03807222843170166,0.1656995713710785,0.2006484568119049,-0.33012646436691284,-0.715272068977356,0.0979735255241394,0.3291056156158447,-0.31312549114227295,-0.6718264818191528,-0.805808424949646,-0.9109748601913452,-1.996801733970642,-1.5772438049316406,-3.380378007888794,-2.0060253143310547,-0.40789973735809326,-1.6429471969604492,-3.570910692214966,-3.6148149967193604,-2.377617120742798,-4.833535671234131,-7.913061141967773,-9.20947265625,-2.4397640228271484
0.007293701171875,0.11823767423629761,0.42898988723754883,-0.0753149688243866,-0.2691015601158142,-0.27008163928985596,0.06636698544025421,-0.17446233332157135,0.10166361182928085,0.14217886328697205,0.2684316039085388,0.717383623123169,0.9893062710762024,0.6245458126068115,1.2612935304641724,1.1456891298294067,1.6377321481704712,1.3747508525848389,3.5123536586761475,3.851771593093872,4.778892993927002,6.370173454284668,9.337472915649414,10.41923713684082,9.629725456237793,12.624775886535645,14.194723129272461,15.086453437805176,2.9486567974090576
-0.01361083984375,0.15608873963356018,0.07682451605796814,0.27991238236427307,0.3460845947265625,0.22830626368522644,0.06432519853115082,-0.6354410648345947,-0.41111519932746887,0.09821784496307373,0.005845710635185242,-0.35748720169067383,-0.23188240826129913,0.04772913455963135,0.5546624660491943,-0.24082699418067932,-0.901324987411499,0.21689963340759277,1.0971695184707642,-1.2189503908157349,0.844937801361084,-1.1075037717819214,-2.2672078609466553,-5.337933540344238,-6.2172322273254395,-6.7374677658081055,-7.481949329376221,-8.362312316894531,-1.7338930368423462
0.06298828125,0.2918775975704193,0.08448691666126251,0.07280191034078598,-0.012061696499586105,0.1932464987039566,-0.49999818205833435,-0.49570000171661377,-0.5909825563430786,-0.6460549831390381,-0.5093925595283508,-0.12179320305585861,-0.9697424173355103,-0.9728827476501465,0.03874927759170532,-0.1071908101439476,-0.11901625990867615,0.11655449867248535,-0.3784066140651703,-0.5183221101760864,0.9241405129432678,2.3044917583465576,-1.1643726825714111,-0.853671669960022,-0.035575807094573975,-1.0575796365737915,1.903709888458252,-0.04455101490020752,-0.08497945964336395
-0.0301513671875,-0.04594781994819641,-0.09863229095935822,-0.14307332038879395,0.005534052848815918,0.026604443788528442,-0.10925295948982239,-0.3200846314430237,0.18110904097557068,-0.633825421333313,-0.2540263235569,-0.18376460671424866,-0.7305954694747925,-0.8128061294555664,-1.0479178428649902,-1.5600751638412476,-1.905438780784607,-1.224770188331604,-1.7246906757354736,-0.5274791717529297,1.7425779104232788,1.8503472805023193,-0.13716042041778564,-0.10111641883850098,0.5118363499641418,4.301756858825684,8.428470611572266,14.54800796508789,2.6119112968444824
0.056884765625,-0.3074016571044922,-0.2739730775356293,-0.05842599272727966,0.5079234838485718,0.045605018734931946,0.39872103929519653,0.6548566222190857,0.7539030313491821,0.2395305037498474,0.36176592111587524,0.9791590571403503,1.1578162908554077,1.0995460748672485,1.706605076789856,1.4652466773986816,1.6921875476837158,1.9084131717681885,2.1848533153533936,2.389676570892334,4.636077404022217,3.409823179244995,-1.3460545539855957,-0.7435455322265625,0.1166667640209198,-0.35051020979881287,-1.2028477191925049,-4.249823570251465,-1.5455114841461182
0.031982421875,-0.2899288237094879,-0.02063874900341034,-0.21275660395622253,-0.05057096481323242,-0.002653256058692932,-0.45995965600013733,0.05814099311828613,0.08512461930513382,-0.02470221370458603,0.06526751816272736,0.006024345755577087,-0.09290443360805511,-0.7521427869796753,-0.015556633472442627,-0.10160590708255768,-0.08430783450603485,-0.4534142017364502,0.7952139377593994,0.3671311140060425,0.6152433156967163,-2.375380039215088,-1.208807110786438,-2.685688018798828,-0.09783977270126343,-4.687294006347656,-4.536538600921631,-3.7674036026000977,-1.751197338104248
-0.00537109375,-0.246782124042511,-0.18371936678886414,-0.3270963430404663,-0.4371032118797302,-0.12843948602676392,-0.17896655201911926,-0.2542685568332672,-0.6802138090133667,-0.17672395706176758,-0.03252243995666504,-0.2765232026576996,-0.08441042900085449,-0.3656580448150635,-0.6128121614456177,0.1656571924686432,-0.26563337445259094,-1.3621402978897095,-1.4529681205749512,-1.4054234027862549,-2.5340232849121094,-0.8732757568359375,0.33527886867523193,0.7927020788192749,2.8764915466308594,4.355008602142334,7.417608261108398,5.482419967651367,1.1018649339675903
0.010498046875,0.01781635731458664,0.24102596938610077,0.19308359920978546,0.4514051377773285,0.06508424878120422,0.6222581267356873,0.2200937569141388,-0.5319072008132935,-0.628247857093811,-0.2813064754009247,-0.25481799244880676,-0.22282320261001587,0.027923770248889923,0.06876235455274582,0.5545650720596313,1.5492818355560303,0.7262613773345947,2.1519968509674072,1.8851056098937988,4.4008049964904785,2.6001384258270264,3.722811698913574,0.17264771461486816,1.4982975721359253,-0.8760132789611816,-3.9185523986816406,-2.0864334106445312,-0.5475749373435974
0.040283203125,0.13189280033111572,0.21681520342826843,0.18346154689788818,-0.21983131766319275,0.13873788714408875,-0.2272879034280777,0.24233762919902802,0.5299793481826782,0.26255589723587036,0.37954285740852356,-0.5978162884712219,-0.15742084383964539,-0.09567911177873611,-0.16668888926506042,-0.014053985476493835,-0.6395367383956909,-0.5878809690475464,-1.2921149730682373,0.508547306060791,-0.6043335199356079,-1.2498499155044556,-3.51936936378479,-6.089942455291748,-4.272047996520996,1.0470972061157227,-1.1746323108673096,5.4936981201171875,1.0078411102294922
-0.01904296875,-0.12610070407390594,-0.3938662111759186,-0.35560867190361023,-0.413444846868515,-0.5140492916107178,-0.27239158749580383,-0.5021727681159973,-0.4675358235836029,-0.47965651750564575,-0.5537424683570862,-0.15515881776809692,-0.907714307308197,-0.16012322902679443,0.35561561584472656,1.2711715698242188,1.342267632484436,0.7630982398986816,1.5794808864593506,2.045588970184326,1.491503119468689,0.07097733020782471,1.2652307748794556,2.094362497329712,1.6898744106292725,0.8962178230285645,4.707740783691406,3.9386649131774902,-0.11447735875844955
-0.0037384033203125,-0.1945515275001526,-0.44071853160858154,-0.1424541175365448,-0.26164454221725464,-0.08592186868190765,-0.1783432513475418,-0.19589440524578094,-0.5062291026115417,-0.3045456111431122,-0.46770966053009033,-1.4421131610870361,-1.745321273803711,-1.2730528116226196,-1.9628249406814575,-2.36535382270813,-2.8020834922790527,-3.3921058177948,-4.579401016235352,-5.194258213043213,-5.177812099456787,-5.558961391448975,-8.493734359741211,-7.958772659301758,-7.0366621017456055,-3.0839829444885254,-5.33773946762085,-3.705214023590088,-0.6095314025878906
-0.0076904296875,-0.06163661554455757,0.09223461151123047,0.04891018569469452,0.04683279991149902,0.14982232451438904,0.24261370301246643,0.053376197814941406,0.18199849128723145,0.7206835746765137,0.480637788772583,0.3218877911567688,-0.1016073226928711,0.46317097544670105,0.01760438084602356,0.0039374977350234985,-1.2947999238967896,-1.0506854057312012,-0.4118657112121582,-0.7574958801269531,-2.7207143306732178,-0.5632357597351074,1.6085801124572754,2.96360445022583,3.0654807090759277,7.0913543701171875,7.921750068664551,9.255331993103027,2.489518404006958
-0.01953125,0.13730241358280182,-0.08042709529399872,-0.15673363208770752,-0.1421526074409485,0.2438000738620758,0.1524220108985901,0.4305191934108734,-0.08111351728439331,-0.02633984386920929,-0.0783097892999649,-0.17308613657951355,-0.06017071008682251,-0.5923646688461304,-0.7212443947792053,-0.8729946613311768,-0.8999987840652466,-1.4015674591064453,-1.6986820697784424,-0.7416596412658691,0.4936964511871338,-1.2030127048492432,1.517508864402771,0.5248783826828003,-1.7659415006637573,-4.418936252593994,-7.321993827819824,-8.421309471130371,-0.6457563638687134
0.0208740234375,0.0723804235458374,-0.005885496735572815,0.08408994972705841,0.5735883116722107,0.5200619697570801,0.07246658205986023,-0.1381441056728363,-0.19007369875907898,-0.339958131313324,-0.1706637144088745,-0.8529435396194458,-0.741911768913269,-0.9704614877700806,-0.4411201775074005,-0.23534289002418518,-0.9413018822669983,-1.1519742012023926,-1.7898811101913452,-2.3628034591674805,-3.3479180335998535,-4.892014503479004,-2.5129098892211914,-1.2227925062179565,2.041778564453125,5.186092853546143,11.120940208435059,11.137190818786621,2.6617021560668945
0.0035858154296875,-0.06176598370075226,0.10647232085466385,0.28436070680618286,0.2533210217952728,0.34444937109947205,0.09855139255523682,0.11258792877197266,0.06911039352416992,0.1888972818851471,0.6883561611175537,0.003982424736022949,0.024711966514587402,0.08136910200119019,-0.025004088878631592,0.4434860050678253,0.021581172943115234,0.5616358518600464,1.5259270668029785,0.5992230176925659,3.844789981842041,3.508643627166748,1.0097558498382568,3.6824166774749756,6.4636969566345215,8.764925956726074,10.953889846801758,11.245487213134766,2.013453245162964
0.012451171875,0.13459162414073944,0.2746983468532562,0.16349828243255615,0.5356184244155884,0.46386829018592834,0.2519640326499939,0.12206970900297165,0.06381945312023163,-0.036101311445236206,0.37135306000709534,-0.004700720310211182,-0.21915248036384583,0.3226746916770935,0.27662917971611023,0.09133529663085938,0.7890921235084534,1.1646480560302734,0.9646083116531372,0.5030076503753662,-2.2028260231018066,0.5288046598434448,1.3947324752807617,0.045879364013671875,0.6710636019706726,3.453798532485962,3.936920642852783,4.539898872375488,0.6004400253295898
-0.045166015625,-0.11301778256893158,-0.209279865026474,-0.31392574310302734,-0.7441062331199646,-0.32188475131988525,-0.11497169733047485,-0.25269097089767456,-0.6435730457305908,-0.9536576271057129,-0.46576544642448425,-0.4183911681175232,-0.28333139419555664,-0.23093321919441223,-0.47068163752555847,0.6956643462181091,-0.550536036491394,0.4986388683319092,1.6146632432937622,3.2922682762145996,-0.15259814262390137,-2.8678762912750244,-1.308384895324707,1.730978012084961,4.065382480621338,2.071977138519287,4.669093132019043,6.191832542419434,1.9437649250030518
-0.053955078125,-0.03812830150127411,0.034577228128910065,0.23844705522060394,0.12430409342050552,0.12619245052337646,0.3963462710380554,0.4217561185359955,0.5387526154518127,0.46463513374328613,0.48693960905075073,0.7152671217918396,-0.05632513761520386,0.28700923919677734,0.7831498384475708,0.22880297899246216,0.17292994260787964,-0.2245546579360962,0.7340493202209473,1.372999668121338,-0.26821625232696533,3.758607864379883,7.814229965209961,6.573861122131348,3.869001865386963,4.992643356323242,7.112987995147705,4.613182544708252,1.710363745689392
-0.038818359375,0.16136103868484497,0.2113884538412094,0.30385443568229675,0.4291711449623108,0.34780460596084595,0.024598687887191772,0.24891749024391174,0.3270130753517151,0.3388444185256958,0.05456385016441345,-0.16937804222106934,0.21524286270141602,0.3808538317680359,0.43826109170913696,0.7035763263702393,0.8281224370002747,0.9046885967254639,0.9088654518127441,0.4969642162322998,1.8216123580932617,-0.06913304328918457,4.563215255737305,6.924785137176514,7.23663330078125,7.079564094543457,5.337372779846191,3.203596591949463,0.44636017084121704
-0.03955078125,-0.5935367941856384,-0.7060942649841309,-0.6975178718566895,-0.45666444301605225,-0.49063920974731445,-0.6519519686698914,-0.6239910125732422,-0.7119038701057434,-0.7192410826683044,-1.003615379333496,-1.1877928972244263,-1.7841956615447998,-1.7726364135742188,-1.140162467956543,-0.9575549960136414,-1.2657852172851562,-2.4702506065368652,-2.6374735832214355,-4.672523498535156,-4.607161998748779,-5.339055061340332,-4.691953182220459,-3.966886043548584,-1.8393868207931519,-2.3673043251037598,-3.332273483276367,-4.250858306884766,-0.5838143825531006
0.045654296875,0.35130774974823,0.39702361822128296,-0.000704541802406311,-0.17627878487110138,0.0011846423149108887,0.20344212651252747,0.3600755035877228,0.7056474089622498,0.9395055174827576,0.46797171235084534,0.8309872150421143,1.4600062370300293,1.2268141508102417,1.844748616218567,1.3708271980285645,1.4310669898986816,1.473659634590149,1.5113271474838257,0.13983416557312012,-1.0795390605926514,-2.685163974761963,-4.602938652038574,-3.4384987354278564,-0.8642203211784363,-3.854416847229004,-3.128145694732666,-1.5469058752059937,0.3544251620769501
-0.01300048828125,-0.04896160960197449,-0.27833473682403564,-0.20406904816627502,0.5327214002609253,0.026968955993652344,0.42730626463890076,0.6748932600021362,0.5267401933670044,0.42247474193573,0.3337571620941162,1.14737868309021,0.14740115404129028,0.34259599447250366,0.19823241233825684,0.6416668891906738,0.1251743733882904,0.623424232006073,2.7143943309783936,2.204685688018799,1.5327534675598145,2.7155327796936035,3.222118854522705,2.444766044616699,0.9332633018493652,3.2096364498138428,2.523714065551758,1.8811805248260498,-0.25317394733428955
0.0152587890625,-0.2282712608575821,-0.242183655500412,-0.3087797164916992,-0.010399669408798218,-0.31772756576538086,-0.03822341561317444,0.11830641329288483,0.2980981469154358,-0.027230948209762573,-0.41514143347740173,-0.4871142506599426,-0.9023171067237854,-0.46052464842796326,-0.6816703677177429,-0.7065831422805786,-0.44532233476638794,-0.3465046286582947,2.2229888439178467,1.6215388774871826,2.037382125854492,1.6296310424804688,0.26806843280792236,-1.5140430927276611,-0.3287978172302246,1.8655635118484497,4.364704608917236,7.475187301635742,0.6381176114082336
-0.0074462890625,0.1152724027633667,-0.052084386348724365,-0.2673213481903076,0.15953399240970612,0.0018781200051307678,-0.04785141348838806,0.1213984489440918,0.048177316784858704,0.08905310928821564,-0.3662717938423157,-0.7281021475791931,-0.7220613360404968,-0.7241311073303223,-0.43983393907546997,-0.5041676163673401,-0.2997240424156189,-0.6823964715003967,-0.9448935985565186,-0.8639506101608276,-0.07310116291046143,-1.0494840145111084,3.5745348930358887,2.227515697479248,1.5759484767913818,2.176422357559204,6.542481899261475,6.0094380378723145,2.0353329181671143
-0.0260009765625,-0.1677318811416626,-0.042145736515522,-0.36333876848220825,-0.7077852487564087,-0.5943850874900818,-0.5135952234268188,-1.0868526697158813,-0.7089648246765137,-0.9111282825469971,-0.8989005088806152,-1.2340366840362549,-1.631125569343567,-1.790658950805664,-1.7639086246490479,-1.189868450164795,-2.1963727474212646,-1.388594150543213,-1.739755392074585,-3.888003349304199,-4.223226547241211,-5.266478538513184,-6.225180149078369,-5.884588241577148,-6.638764381408691,-6.505058288574219,-3.5435404777526855,0.43512845039367676,-0.40423834323883057
0.007598876953125,-0.07379363477230072,-0.07891426980495453,-0.2001495659351349,-0.18052664399147034,-0.2444354146718979,0.07399426400661469,-0.02021390199661255,-0.03449714183807373,-0.008164852857589722,0.4313778281211853,1.3620996475219727,1.3350330591201782,1.3969333171844482,0.8258348107337952,0.20393434166908264,0.5991464257240295,0.6615515947341919,2.1488373279571533,4.152024269104004,4.6413893699646,5.943716526031494,5.711671829223633,6.340677261352539,7.512332916259766,4.4553446769714355,5.228405952453613,8.335250854492188,1.7431470155715942
0.02978515625,0.27789315581321716,0.0884755402803421,-0.15749993920326233,-0.3888396620750427,-0.27806007862091064,0.21023786067962646,0.25766247510910034,-0.09629851579666138,-0.5658921599388123,-0.09202218055725098,0.03240092098712921,-0.5453293919563293,-0.1662270426750183,-0.22405487298965454,-0.7583144307136536,-0.07541489601135254,-0.38583067059516907,-0.7587886452674866,-1.170013427734375,-3.101804494857788,-4.0448079109191895,1.4928700923919678,0.7894409894943237,1.5259716510772705,1.9202842712402344,3.332061767578125,2.4459481239318848,-0.7453293800354004
0.0162353515625,-0.06114672124385834,-0.06871351599693298,0.041954874992370605,-0.4122602641582489,-0.049243271350860596,-0.19326713681221008,-0.4165233373641968,-0.5020988583564758,-0.2284763604402542,0.05891576409339905,0.4225195050239563,0.32664841413497925,0.6632784605026245,0.8878780007362366,0.8523861765861511,0.7011240124702454,0.21872562170028687,0.31769055128097534,-0.9142476916313171,-0.09395569562911987,-1.508092999458313,0.39824938774108887,1.6248109340667725,1.5228687524795532,-0.1757727861404419,2.025460958480835,-0.31499457359313965,1.1221857070922852
-0.01129150390625,0.007174789905548096,0.06679299473762512,-0.04684232175350189,0.01858558878302574,-0.14103487133979797,-0.22468909621238708,-0.060646578669548035,0.24300351738929749,0.5632785558700562,0.2537776827812195,0.5441544651985168,0.26678717136383057,0.22346574068069458,0.09707176685333252,0.19953012466430664,0.8663711547851562,0.6346151828765869,1.3404850959777832,2.717836380004883,2.5962295532226562,3.1683390140533447,-0.18953466415405273,-0.5199649333953857,-2.0331430435180664,-2.0365123748779297,-0.14815080165863037,-1.214127779006958,0.6273617148399353
0.0033111572265625,-0.17095403373241425,-0.14337393641471863,0.009869590401649475,-0.05478755384683609,0.0866788923740387,0.1827763319015503,0.45977550745010376,-0.04209929704666138,-0.08408953249454498,-0.13202615082263947,-0.14154836535453796,0.07443030178546906,0.5079835653305054,0.3595247268676758,0.8713502287864685,0.8527551293373108,0.5011659264564514,-0.23405778408050537,-0.6926361322402954,-1.7989953756332397,-1.4329018592834473,-4.525768280029297,-5.3231706619262695,-6.302448272705078,-4.422920227050781,-3.69417142868042,-2.480116128921509,-0.3990895450115204
0.021240234375,0.3804417848587036,0.44091230630874634,0.46368247270584106,0.7768512964248657,0.5522858500480652,0.6053324341773987,0.2938595414161682,-0.03092557191848755,0.2362249791622162,0.03757092356681824,1.237381100654602,1.2475842237472534,1.3611717224121094,1.2493603229522705,1.4746519327163696,1.8586244583129883,3.107994794845581,3.3157646656036377,5.366814136505127,6.219265460968018,7.780173301696777,9.834293365478516,12.024215698242188,14.797589302062988,12.747910499572754,8.931119918823242,6.877775192260742,1.0779441595077515
0.07373046875,-0.3176364600658417,-0.08936608582735062,-0.12925539910793304,-0.09012620151042938,0.006934687495231628,0.13468028604984283,0.028447933495044708,0.3469410836696625,0.027200132608413696,0.2183784395456314,0.2866972088813782,0.49753516912460327,0.7692993879318237,1.3261311054229736,0.966686487197876,0.7739670872688293,0.1623474359512329,0.13422659039497375,0.3001790940761566,0.34855467081069946,0.9382781982421875,0.20458638668060303,-1.0208137035369873,-1.4217872619628906,-4.633415699005127,-5.201949119567871,-5.604344844818115,-0.7447569370269775
-0.0029449462890625,0.0195578932762146,-0.040913186967372894,0.2931169867515564,0.17892155051231384,0.19856849312782288,0.06019127368927002,-0.03198021650314331,0.00644490122795105,0.2873256206512451,0.8608981370925903,0.8445600271224976,0.5052418112754822,0.9508024454116821,1.563053011894226,0.9555187225341797,1.3295179605484009,1.4019997119903564,0.4655306935310364,0.24850815534591675,-0.7133709788322449,0.7120652198791504,0.6299442052841187,1.8670008182525635,5.803934574127197,8.503576278686523,10.482057571411133,9.007743835449219,1.6798452138900757
0.0247802734375,0.17310726642608643,0.13096871972084045,-0.03434925526380539,0.03979319706559181,0.07387293875217438,0.12200738489627838,0.4033299684524536,0.33364370465278625,0.22682741284370422,0.29536786675453186,-0.4086025059223175,-0.4742112159729004,-0.4123060703277588,-0.055872052907943726,-0.5352199673652649,0.11589977145195007,-0.10214918851852417,-0.19717106223106384,-0.21957048773765564,-1.2799307107925415,-3.22176194190979,-2.6528453826904297,-3.8611867427825928,-3.5730020999908447,-2.8491315841674805,-6.9384765625,-3.9098076820373535,-0.6843832731246948
0.0181884765625,0.0894482433795929,0.12353591620922089,0.015936627984046936,0.1773759126663208,0.2693890631198883,0.013912349939346313,0.02523317188024521,0.2449190467596054,0.2789064645767212,-0.07620641589164734,0.30960866808891296,0.086162269115448,0.03781357407569885,0.3208079934120178,-0.12328356504440308,-0.23426158726215363,0.19071249663829803,-0.5882546901702881,0.8965457677841187,-0.8592660427093506,-1.3282018899917603,-2.3288443088531494,-5.429187774658203,-6.59719181060791,-5.845322608947754,-6.797279357910156,-7.9912824630737305,-0.4342966675758362
0.01483154296875,-0.004272282123565674,0.040602631866931915,0.05708219110965729,-0.14575345814228058,0.1329498291015625,0.15763190388679504,0.2802439033985138,0.7058352828025818,0.9187582731246948,0.3994624614715576,0.39242780208587646,0.6616638898849487,0.6922088861465454,1.1503957509994507,0.8579294681549072,0.5056272149085999,0.08315220475196838,-0.0391019806265831,-0.8333180546760559,-0.367323637008667,-1.021776795387268,0.7608156204223633,0.7047595381736755,0.7394300699234009,0.1409098505973816,-1.6339194774627686,-4.746700763702393,0.38438230752944946
-0.0027923583984375,0.04102037101984024,-0.01992858201265335,0.035658519715070724,0.29849138855934143,0.46926456689834595,0.8190586566925049,0.2991969883441925,0.14028428494930267,0.25358182191848755,0.1361120045185089,0.6508796215057373,0.26329323649406433,0.664909839630127,1.0677484273910522,0.9506347179412842,0.05917733907699585,0.2044370025396347,0.6281256079673767,-0.5829572081565857,0.05169975757598877,-0.3192656636238098,-0.22626444697380066,-2.014000415802002,-3.945006847381592,-4.463551044464111,-3.8436930179595947,-5.0229902267456055,-1.5353260040283203
0.00970458984375,0.2884913384914398,0.23338675498962402,0.3452632427215576,0.4399854838848114,0.3421629071235657,0.3847593665122986,0.1853039264678955,0.268123596906662,0.36938008666038513,0.35246917605400085,0.03790825605392456,-0.20403483510017395,0.04414498060941696,0.07138673216104507,-0.7008437514305115,-1.0151094198226929,-0.6672796607017517,-1.3408522605895996,-1.8370147943496704,-3.5473103523254395,-3.8143668174743652,-3.7438764572143555,-3.239248752593994,-6.20320987701416,-9.187766075134277,-9.871752738952637,-9.386536598205566,-0.3977920114994049
-0.0263671875,-0.05972874537110329,-0.11440157890319824,-0.13419032096862793,0.0968732237815857,-0.1327892243862152,-0.07210670411586761,-0.07918229699134827,-0.6551226377487183,-0.466627836227417,-0.1065404862165451,0.35337114334106445,-0.4052633047103882,0.37535566091537476,-0.047811299562454224,-0.13332079350948334,-0.6368936896324158,-1.2187621593475342,-2.0507750511169434,-1.3529374599456787,-0.6990386247634888,0.3646214008331299,0.9422236680984497,-2.6255030632019043,-2.9857354164123535,-2.244352340698242,0.5648529529571533,2.7948248386383057,-1.1379209756851196
-0.0106201171875,0.013008162379264832,-0.04058784246444702,0.03038482367992401,0.2010158896446228,0.22536927461624146,0.3203011155128479,0.07047799229621887,-0.09179538488388062,-0.19626545906066895,-0.7466175556182861,-0.2740394175052643,-0.4068452715873718,-0.0989203155040741,0.1420057862997055,-0.13390351831912994,0.4281209707260132,0.400592565536499,1.3219246864318848,3.157613754272461,3.8325400352478027,2.524290084838867,1.470665693283081,-2.6761412620544434,-2.508302927017212,-1.6898218393325806,-0.9835476279258728,0.5683575868606567,0.008367229253053665
0.0242919921875,-0.01651977002620697,-0.017691727727651596,-0.31507372856140137,0.12939181923866272,0.1971651017665863,0.09860727190971375,0.4042777419090271,-0.13349482417106628,-0.10321733355522156,-0.2963981032371521,-0.08612048625946045,0.3178228735923767,0.5780127048492432,0.24273681640625,0.3088134229183197,0.5483391284942627,0.9347737431526184,0.9672502875328064,-1.1597543954849243,-0.6238575577735901,1.0240509510040283,-0.43599236011505127,4.149118900299072,7.831769943237305,7.007246017456055,3.3406028747558594,5.181478500366211,2.904855728149414
-0.041748046875,-0.030110642313957214,-0.1414463073015213,-0.24391211569309235,-0.5294369459152222,-0.4654128849506378,-0.3678644895553589,-0.618084728717804,-0.6631088256835938,-0.5765278935432434,-0.5392844676971436,-0.44653379917144775,0.6074515581130981,-0.0749235451221466,0.4077865779399872,0.5144466161727905,0.7003383636474609,-0.02205270528793335,0.7432763576507568,0.23737430572509766,0.003619253635406494,0.919156551361084,-0.3276468515396118,1.5180679559707642,1.0596489906311035,-1.2091002464294434,-0.8207151889801025,0.29177629947662354,0.3509961664676666
-0.0118408203125,0.02095150575041771,0.16214731335639954,-0.10335039347410202,-0.06139835715293884,-0.07667791098356247,-0.0765165165066719,0.07684028893709183,0.09220847487449646,-0.20579072833061218,-0.24198684096336365,0.1603773981332779,0.35478127002716064,0.31955447793006897,0.26652902364730835,0.053280048072338104,0.08575105667114258,-0.5149347186088562,-3.0419864654541016,-2.7706029415130615,-3.1584136486053467,-5.174347877502441,-6.4732184410095215,-7.859051704406738,-8.082478523254395,-11.169195175170898,-12.466148376464844,-9.063694953918457,-3.540062189102173
-0.0164794921875,0.032480768859386444,0.21640163660049438,0.18860477209091187,0.39861175417900085,-0.0671052634716034,0.03785014525055885,0.16370651125907898,0.1773148775100708,0.06050197035074234,-0.18936076760292053,0.5870110392570496,0.6657626628875732,0.14468908309936523,0.18776755034923553,0.03360743820667267,0.9486421942710876,0.36590468883514404,0.42628663778305054,-0.4523265063762665,0.40375980734825134,1.0573633909225464,1.0019381046295166,1.9045329093933105,4.136000633239746,5.967508792877197,7.2515950202941895,8.507774353027344,2.0730650424957275
0.0291748046875,0.3609983026981354,0.3416214883327484,0.4329999089241028,0.27935588359832764,0.3365297317504883,0.43970298767089844,0.24043571949005127,0.1504901945590973,0.2681000828742981,-0.28194403648376465,0.18712598085403442,-0.14528566598892212,0.0877310037612915,0.9340686798095703,1.4394351243972778,1.849936842918396,0.9816572666168213,0.8176113367080688,0.4969232380390167,0.18877136707305908,-1.0280770063400269,-3.2587532997131348,-3.733860731124878,-5.264515399932861,-8.971345901489258,-8.504889488220215,-5.598019123077393,-1.4152188301086426
-0.0098876953125,-0.29088789224624634,-0.2036236971616745,-0.10440483689308167,-0.15991884469985962,0.10234561562538147,0.09550224989652634,0.42433977127075195,0.26938608288764954,0.46736299991607666,0.09206317365169525,-0.3830055594444275,-0.06482531130313873,-0.08620750904083252,1.3201589584350586,1.1692231893539429,1.3691802024841309,1.6428145170211792,2.623465061187744,3.828366756439209,1.7879817485809326,1.7255704402923584,1.130610466003418,0.025399833917617798,-1.1416963338851929,-1.7338268756866455,-3.9899113178253174,-4.557187557220459,-0.6468402147293091
0.01409912109375,0.018581897020339966,0.09287143498659134,0.25674083828926086,0.028722435235977173,0.25244784355163574,0.15691986680030823,0.9790935516357422,0.4890556335449219,0.5340217351913452,0.584679126739502,1.1537586450576782,0.9235981106758118,1.152522325515747,1.2755415439605713,1.4128901958465576,1.3215160369873047,-0.28672361373901367,-0.15032309293746948,0.47714000940322876,0.8238433003425598,1.583309292793274,3.6412057876586914,5.03040885925293,5.233418941497803,3.283818483352661,2.292994260787964,-0.7368792295455933,-0.25036200881004333
0.01171875,0.04081699997186661,-0.037451766431331635,0.18204136192798615,-0.12668633460998535,0.11826014518737793,0.1440550684928894,-0.3153071701526642,-0.09455028176307678,-0.1432364135980606,0.1268291473388672,0.4958117604255676,0.39348775148391724,0.3436128497123718,1.1084084510803223,0.7477430105209351,1.3952076435089111,2.0252110958099365,2.062490224838257,2.0462656021118164,3.8263580799102783,2.788266897201538,-1.1202542781829834,-4.371623992919922,-2.2188944816589355,-4.013626575469971,-1.0661756992340088,0.8906769752502441,0.12666097283363342
0.02783203125,0.12236957252025604,0.10193301737308502,-0.03370831906795502,-0.14222724735736847,-0.5410084128379822,-0.5219406485557556,-0.41485702991485596,-0.4616672396659851,-0.44522762298583984,-0.3204140365123749,-0.7479877471923828,-0.29865384101867676,-0.31754669547080994,-0.984224259853363,-0.7383396625518799,-1.2983102798461914,-0.38417404890060425,-0.41707533597946167,-1.3321911096572876,0.942435622215271,0.9043981432914734,-1.4741458892822266,1.199732780456543,1.2704850435256958,-1.355565071105957,-1.7540826797485352,-4.912126541137695,-2.1845624446868896
0.0272216796875,0.16607433557510376,0.29996374249458313,0.1094951182603836,0.44563186168670654,0.05542434751987457,0.3611699938774109,0.32834675908088684,0.24852034449577332,-0.025796443223953247,0.252549946308136,0.024551555514335632,-0.22331100702285767,0.12797392904758453,0.3682857155799866,-0.3059491515159607,0.10081678628921509,0.25569948554039,-0.6947860717773438,-1.404651165008545,-2.207685708999634,-3.3507778644561768,-4.746335506439209,-5.394300937652588,-6.170688629150391,-4.496169567108154,-5.999083518981934,-2.749582290649414,-0.31158316135406494
-0.051025390625,-0.25875788927078247,-0.35894209146499634,-0.4748130142688751,-0.7029535174369812,-0.6140860319137573,-0.6653892993927002,-1.031773328781128,-1.277686595916748,-1.4799182415008545,-1.7804793119430542,-1.2403004169464111,-1.7163163423538208,-2.0598013401031494,-2.4068379402160645,-2.2501821517944336,-2.759578227996826,-3.7855868339538574,-5.432364463806152,-5.144282341003418,-8.544878959655762,-11.286970138549805,-8.453632354736328,-8.935172080993652,-14.152904510498047,-15.464573860168457,-16.031688690185547,-16.732881546020508,-3.6440343856811523
0.00140380859375,-0.1526244431734085,-0.16466274857521057,-0.18806125223636627,-0.24220500886440277,0.13478761911392212,0.1069500520825386,0.0667734146118164,0.23864823579788208,0.18953943252563477,0.6018180251121521,0.4391995668411255,-0.14860236644744873,0.28249502182006836,0.6594834923744202,0.6558182835578918,0.35103368759155273,0.9571739435195923,0.18449550867080688,0.16801638901233673,0.6657221913337708,2.961336374282837,1.5651535987854004,2.3320200443267822,5.39619255065918,5.862369537353516,6.517082691192627,7.480280876159668,2.561858654022217
0.00860595703125,-0.13889271020889282,-0.253326416015625,-0.0876709520816803,-0.3994816243648529,-0.5640804767608643,-0.22886866331100464,-0.3516547679901123,-0.27853357791900635,-0.1579638421535492,-0.4329596161842346,-0.5516444444656372,-1.214669108390808,-0.4966042637825012,-0.7554006576538086,-1.700607180595398,-0.6326577663421631,-0.370505690574646,-0.2914024591445923,-0.7810165882110596,0.5317981243133545,-1.027782678604126,3.67940616607666,3.782618761062622,4.991277694702148,3.3213930130004883,2.958408832550049,1.232895851135254,-0.1417800635099411
-0.0296630859375,-0.16059039533138275,0.06402161717414856,-0.009753555059432983,-0.36176469922065735,-0.20625030994415283,-0.29281672835350037,-0.18476438522338867,0.08060817420482635,-0.12891998887062073,-0.40312954783439636,-0.612406849861145,-0.7515844106674194,-1.1097980737686157,-1.4617583751678467,-1.617911696434021,-1.5903778076171875,-2.355677843093872,-3.282820463180542,-4.116307258605957,-6.601475715637207,-9.280123710632324,-11.421338081359863,-11.991048812866211,-13.754528045654297,-15.316326141357422,-13.914085388183594,-15.971802711486816,-3.3879852294921875
0.024169921875,0.4166361391544342,0.31827980279922485,0.21049103140830994,0.2531965374946594,0.24146929383277893,0.37777429819107056,0.23155319690704346,-0.07905811071395874,0.4960770308971405,-0.0069227516651153564,0.3281225264072418,0.00681198388338089,0.10836303234100342,0.1274929791688919,0.37614017724990845,0.04582993686199188,-0.25043755769729614,-1.546212077140808,-1.2128064632415771,-0.006806105375289917,1.6668089628219604,2.4921634197235107,4.064676761627197,4.540362358093262,5.180511474609375,4.9396843910217285,8.478588104248047,0.35055384039878845
0.0125732421875,0.1807970553636551,0.11182412505149841,-0.008081763982772827,0.364327996969223,0.4161919951438904,0.2051793336868286,0.3235880434513092,0.14919346570968628,0.45969319343566895,0.7378765344619751,0.5185551643371582,1.094995379447937,0.9201713800430298,1.16591477394104,1.8636878728866577,2.0048651695251465,2.2772629261016846,2.5441622734069824,2.959477663040161,2.7556824684143066,3.3315811157226562,3.343870162963867,1.2507998943328857,1.2773429155349731,1.3564677238464355,4.266744613647461,4.217728137969971,1.0142008066177368
0.01239013671875,-0.32628393173217773,-0.2445036917924881,-0.5607966780662537,-0.5930484533309937,-0.6135017275810242,-0.6454821825027466,-0.4703901410102844,-0.45358288288116455,-0.5825161933898926,0.08098486065864563,-0.3131851553916931,-0.5835268497467041,-0.405259370803833,-0.7954390645027161,-1.0772407054901123,-1.0399258136749268,-1.5960665941238403,-3.1184864044189453,-2.7527732849121094,-4.031427383422852,-5.943209648132324,-3.4403867721557617,-4.149169921875,-3.9081435203552246,-4.768611431121826,-4.068438529968262,-3.831505060195923,-0.951740026473999
0.0137939453125,0.23168030381202698,0.33548784255981445,0.6124550104141235,0.6952219009399414,0.41059961915016174,0.12397260963916779,0.3731990456581116,-0.07519599795341492,0.22580298781394958,0.2711988687515259,-0.5330147743225098,-0.2216651737689972,-0.8774086236953735,-1.1766767501831055,-1.7801682949066162,-2.1323089599609375,-2.8835482597351074,-2.4615907669067383,-3.432734966278076,-4.991745948791504,-2.978519916534424,-0.3184676170349121,-0.012464642524719238,1.2026077508926392,1.1229517459869385,2.604735851287842,2.0590288639068604,0.9845103025436401
-0.05615234375,0.1002533808350563,0.09171019494533539,0.16072732210159302,-0.2935473918914795,0.0074495673179626465,-0.28453829884529114,0.18955448269844055,-0.5595784783363342,-0.18727916479110718,-0.3369958698749542,-0.3667466640472412,0.07579737901687622,0.6628136038780212,0.5786604881286621,0.5684565305709839,0.3018539547920227,0.2558201253414154,0.8936432003974915,-1.6892242431640625,-2.4483728408813477,-4.6330461502075195,-5.493222236633301,-7.90500020980835,-10.195980072021484,-9.28476619720459,-8.256940841674805,-9.337750434875488,-2.68548321723938
-0.0257568359375,-0.09077027440071106,0.2204064428806305,0.030841857194900513,0.2161198854446411,-0.01755056530237198,-0.2037700116634369,0.11474967002868652,-0.45628881454467773,-0.11635500192642212,-0.5250890254974365,-0.9472672939300537,-1.0959436893463135,-0.6613261699676514,-0.21308931708335876,-0.08007250726222992,-0.3980499505996704,-0.9191761612892151,-1.6836105585098267,-0.021977782249450684,0.10813325643539429,-1.2371723651885986,-1.6189987659454346,0.5731254816055298,1.1582868099212646,2.0456602573394775,6.535758018493652,6.524015426635742,2.0836572647094727
-0.04052734375,0.24908408522605896,0.1625402420759201,0.025153158232569695,0.26458773016929626,0.07687713205814362,-0.03470659255981445,-0.030155763030052185,0.13512662053108215,0.21564647555351257,-0.4021546244621277,-0.2717348337173462,-0.3652360439300537,0.015145063400268555,-0.46039891242980957,-0.025098055601119995,0.0406152606010437,2.013965368270874,1.7134082317352295,3.237506866455078,2.3511135578155518,3.9578332901000977,8.097505569458008,6.910473823547363,7.067047119140625,8.048162460327148,9.010926246643066,8.12790584564209,2.5285158157348633
0.0234375,-0.1300666332244873,0.0010779798030853271,0.05177658796310425,0.5620704889297485,0.4108627438545227,-0.07235577702522278,-0.07478024810552597,-0.4917556047439575,-0.37770336866378784,-0.35980457067489624,-0.6579025387763977,-0.31131553649902344,0.1208580732345581,0.5807086825370789,0.6032031774520874,0.8901869058609009,-0.4095463752746582,0.7344341278076172,0.8975194692611694,1.6303372383117676,2.0254392623901367,-1.8740994930267334,-2.2056832313537598,-0.6164659261703491,-1.5396754741668701,3.782271385192871,4.015100002288818,1.087815761566162
0.038818359375,0.10572764277458191,0.26443764567375183,0.27126049995422363,0.2811671197414398,0.5779738426208496,0.44924014806747437,0.33310627937316895,0.27018222212791443,-0.1089513897895813,0.3083334267139435,0.1891864538192749,0.22427502274513245,-0.22188107669353485,-0.5563340783119202,-0.9225375652313232,-0.09286826848983765,-0.40090301632881165,-1.331556797027588,-2.6316211223602295,-2.8874359130859375,-5.325287342071533,-4.080505847930908,-4.0699028968811035,-4.4440107345581055,-6.241910934448242,-6.467745304107666,-6.0039191246032715,-0.9013505578041077
-0.0244140625,-0.008868813514709473,0.038917846977710724,-0.030152827501296997,0.004164028912782669,0.07296077907085419,0.2971447706222534,0.05028781294822693,-0.7622975707054138,-1.080397129058838,-1.297404408454895,-0.780485212802887,-0.06816226243972778,-1.108076810836792,-1.621034026145935,-1.8383522033691406,-1.2713615894317627,-0.834092378616333,-0.6143593192100525,-0.9903015494346619,-1.2077711820602417,-0.7808287739753723,0.5103906393051147,5.3675971031188965,5.816967010498047,1.9692585468292236,3.472851276397705,2.858225107192993,0.39492467045783997
0.0010223388671875,0.08718210458755493,0.0632418617606163,0.010658316314220428,0.3079267740249634,0.011882439255714417,-0.09904000163078308,-0.3203277289867401,-0.2164919078350067,-0.17882251739501953,-0.4143429100513458,0.11979487538337708,0.12692639231681824,0.41269955039024353,1.022601842880249,1.3591845035552979,2.2907772064208984,1.6768019199371338,2.4537203311920166,2.5890092849731445,3.669020652770996,2.9043641090393066,3.0920987129211426,1.2954614162445068,-0.427562952041626,3.8676323890686035,3.449195146560669,2.968967914581299,0.660094141960144
0.0306396484375,0.21914631128311157,0.2640465497970581,0.26959049701690674,0.09751299023628235,-0.011335089802742004,0.1493186354637146,-0.396460622549057,-0.1353539526462555,-0.0731266662478447,-0.34688040614128113,-0.22118818759918213,-0.9323450922966003,-0.8956352472305298,-1.5848419666290283,-1.3440296649932861,-0.9141908884048462,-2.4445056915283203,-2.731794595718384,-2.622692823410034,-4.214292526245117,-3.4661684036254883,-2.046686887741089,-3.628943920135498,-0.6955094337463379,-2.5874710083007812,-3.155177116394043,-6.592048645019531,-1.957236886024475
0.0145263671875,-0.20314918458461761,0.01649324595928192,0.13138701021671295,0.13931506872177124,0.31191733479499817,0.3009360432624817,0.16443200409412384,0.11643170565366745,0.5376706123352051,0.5445914268493652,0.6368622779846191,0.6810399293899536,0.6548370718955994,1.385542392730713,1.3483682870864868,0.9473984241485596,0.9582845568656921,-0.13304272294044495,-0.3371865153312683,1.7875196933746338,-0.04254937171936035,-3.209143877029419,-4.643685340881348,-6.213536262512207,-2.9491100311279297,-6.614999294281006,-5.6613006591796875,-2.225764036178589
0.009521484375,0.07147613167762756,0.1717640608549118,0.14475178718566895,0.2595396637916565,0.12778036296367645,0.09219276905059814,-0.6468045711517334,-0.14631837606430054,0.406977117061615,1.2139558792114258,0.8597525358200073,0.6797897219657898,0.30154117941856384,0.7420493364334106,1.0516091585159302,1.1743766069412231,1.987410306930542,2.735717296600342,4.113088607788086,4.731965065002441,5.444602966308594,5.2674880027771,5.137070178985596,7.175211429595947,12.75924301147461,13.594913482666016,14.347943305969238,3.053095817565918
0.0517578125,0.21204820275306702,0.09743454307317734,0.13538649678230286,0.38613414764404297,0.22021615505218506,0.19246092438697815,0.01961250603199005,0.18141314387321472,0.4445180892944336,0.33025887608528137,0.533821702003479,-0.3173706531524658,-0.19729363918304443,-0.33049315214157104,-0.6521105766296387,-1.3962984085083008,-0.8919252157211304,-1.4380029439926147,-1.1645021438598633,-3.0916216373443604,-5.16119384765625,-7.82000732421875,-6.702605724334717,-4.558748245239258,-4.840035915374756,-4.104823112487793,-4.1962890625,-0.8182453513145447
0.01007080078125,0.03517875447869301,-0.11568410694599152,-0.13011819124221802,-0.052912868559360504,0.1950545459985733,0.1730499565601349,0.04926575720310211,-0.2406405806541443,0.053480178117752075,0.6843132972717285,1.0105226039886475,0.9084161520004272,0.8422322273254395,0.38301998376846313,0.17945732176303864,-0.42390137910842896,-0.6585972905158997,0.7099381685256958,0.5401090979576111,4.681124687194824,7.185452461242676,6.523451805114746,8.942508697509766,9.755825996398926,13.384553909301758,16.520139694213867,16.646240234375,3.321993589401245
0.02392578125,0.14794126152992249,0.032242611050605774,-0.09322948008775711,-0.24253226816654205,-0.28397196531295776,0.051056474447250366,-0.011479280889034271,0.3174777925014496,0.5161370038986206,0.2694953680038452,0.17463059723377228,-0.2815207839012146,-0.9500504732131958,-0.6018019914627075,-0.3137262463569641,-0.31312233209609985,-0.5221235752105713,-0.21346282958984375,2.2951819896698,1.86105215549469,0.9142464399337769,-0.0066068172454833984,-0.1376936435699463,1.271118402481079,-0.26675570011138916,-0.05277454853057861,-3.587015151977539,-1.33228600025177
0.035888671875,0.13950839638710022,0.07471606135368347,0.11607193946838379,0.08967644721269608,0.3341458737850189,-0.09287601709365845,0.5085740089416504,0.29434195160865784,-0.014303207397460938,1.1209584474563599,1.003788709640503,1.0335444211959839,0.8383001089096069,-0.03446429967880249,0.29252734780311584,0.06442826986312866,0.6929261684417725,1.1234245300292969,1.709783673286438,1.2900804281234741,2.8176119327545166,1.8598802089691162,2.871812582015991,1.788304090499878,5.1997199058532715,5.513807773590088,1.8132123947143555,-0.06486935168504715
0.011962890625,0.20538246631622314,0.05324487388134003,0.03109242022037506,0.07860898971557617,0.11257302761077881,0.17638663947582245,0.10464440286159515,0.15323063731193542,-0.14700131118297577,-0.4939207434654236,0.3352178931236267,0.5293121337890625,0.8223657608032227,0.8765358924865723,0.8398098945617676,1.4129283428192139,1.855464220046997,2.1284217834472656,2.179657220840454,3.0228867530822754,7.227566242218018,10.257573127746582,10.776156425476074,10.920829772949219,12.988747596740723,18.05388832092285,16.887155532836914,3.3232107162475586
0.00927734375,0.48203447461128235,0.4257144033908844,0.6101202964782715,1.0970914363861084,0.7870844006538391,0.4673532247543335,0.19031983613967896,0.6503626108169556,0.7255666851997375,0.4309849739074707,0.7719005346298218,0.4784822463989258,0.6085482239723206,0.4634178876876831,0.4758094847202301,0.2165008783340454,-0.10336585342884064,-0.40163344144821167,-0.7516814470291138,-1.3793779611587524,-1.018906593322754,1.2567574977874756,-0.646329939365387,-2.9618234634399414,-2.939220428466797,0.6270804405212402,1.1276289224624634,1.9504034519195557
-0.06640625,-0.250019907951355,-0.14246143400669098,-0.003835633397102356,-0.5919796228408813,-0.5612369179725647,-0.027154207229614258,-0.5189406871795654,-0.8790932893753052,-0.7259117960929871,-1.019653558731079,-1.0578864812850952,-1.622022032737732,-1.0937442779541016,-0.38376760482788086,-1.146073579788208,-1.69101881980896,-2.2667136192321777,-2.0991322994232178,-3.241410255432129,-4.697790145874023,-6.478240966796875,-7.1699419021606445,-7.725604057312012,-8.255361557006836,-6.136133670806885,-6.196258068084717,-6.209615707397461,-1.7391594648361206
0.0595703125,0.1332441121339798,0.07673916965723038,-0.10808664560317993,-0.21562057733535767,0.09907028079032898,0.12456470727920532,-0.04354987293481827,-0.04802896827459335,0.37804678082466125,0.5583012104034424,0.28267747163772583,0.7056002616882324,0.48396074771881104,0.7109785079956055,0.4428226351737976,0.18700900673866272,-1.0803793668746948,-1.805616021156311,-2.7254226207733154,-3.2402944564819336,-5.418621063232422,-8.32567024230957,-6.333827495574951,-4.442635536193848,-3.990624189376831,-3.271451950073242,-2.026529312133789,-0.7219027280807495
-0.04150390625,-0.09798505902290344,-0.25365757942199707,-0.20165403187274933,-0.18042103946208954,-0.04171280562877655,0.2810114324092865,-0.3467918634414673,-0.290507972240448,0.29057422280311584,0.36179935932159424,0.14874935150146484,0.3402889370918274,0.07000601291656494,-0.3102591037750244,0.2628413736820221,-0.23490369319915771,-0.2732754945755005,0.6094707250595093,1.72810697555542,-0.08861017227172852,1.2746105194091797,-2.176619291305542,-4.175161361694336,-5.487525463104248,-7.555476188659668,-8.153944969177246,-7.795527458190918,-0.27772200107574463
0.02490234375,-0.07100801169872284,-0.0720462054014206,-0.1955592930316925,-0.04655449837446213,0.034359611570835114,-0.08684933185577393,-0.07601448893547058,-0.25903716683387756,0.0931539386510849,-0.036663949489593506,-0.017447561025619507,-0.2603064179420471,-0.46430373191833496,-0.5489276647567749,-0.6930065155029297,-0.7864267826080322,-1.2792372703552246,-0.03039705753326416,-1.4829940795898438,-1.0644302368164062,-0.41637933254241943,-1.520619511604309,-3.1730411052703857,-1.0243546962738037,1.4911152124404907,0.6157228946685791,-1.9853203296661377,-0.7755312919616699
0.0264892578125,-0.1165027841925621,0.1597609966993332,0.2926703691482544,0.5055263042449951,-0.035675883293151855,0.05631914734840393,0.053796276450157166,0.45900896191596985,0.2850278913974762,0.5822770595550537,1.1657198667526245,1.5664421319961548,1.604738473892212,1.5145118236541748,1.936905860900879,2.3496341705322266,1.8332526683807373,1.3810272216796875,2.619163990020752,0.07048869132995605,-0.4248749017715454,1.4924359321594238,-0.20332908630371094,0.4222913980484009,0.7942406535148621,-3.0740630626678467,-10.128620147705078,-2.447006940841675
-0.007080078125,0.1052638590335846,0.16305923461914062,-0.16322949528694153,-0.18041260540485382,-0.09486304223537445,0.008929342031478882,0.14516758918762207,-0.07370085269212723,-0.5160102248191833,-0.16299957036972046,0.0426345020532608,-0.21177351474761963,0.27126359939575195,0.37195655703544617,0.3072822690010071,0.45497408509254456,-0.05178919434547424,0.10515759885311127,-0.3729081153869629,-2.3596787452697754,-5.344995498657227,-2.7396764755249023,-4.275372505187988,-2.057570219039917,-6.657619476318359,-4.360301971435547,-2.1013355255126953,-2.497966766357422
-5.7220458984375e-05,0.017048995941877365,-0.07393522560596466,-0.09878164529800415,0.08806280791759491,-0.16809460520744324,-0.13856886327266693,-0.12232926487922668,-0.30248209834098816,-0.314947247505188,-0.2862958610057831,-0.07926644384860992,-0.2887539267539978,-0.13721376657485962,-0.19978362321853638,-0.8032679557800293,-0.5348573923110962,-0.552516758441925,-1.7908421754837036,-2.7337234020233154,-3.082916259765625,0.4035148620605469,0.888796329498291,0.6534261703491211,1.787375807762146,-2.6282596588134766,-5.69606876373291,-2.2399582862854004,-1.4351741075515747
0.016357421875,-0.22083456814289093,-0.26560792326927185,-0.31820088624954224,-0.6124478578567505,-0.2768486738204956,-0.27493157982826233,-0.3998758792877197,-0.3051650822162628,0.029649972915649414,0.45465975999832153,0.3866615295410156,0.024004220962524414,0.03686341643333435,0.4129990041255951,0.8171059489250183,1.465268611907959,0.772201657295227,1.1058008670806885,0.04442417621612549,-0.2562411427497864,-0.3174738883972168,2.543144941329956,-0.3652733564376831,0.8015500903129578,0.7227980494499207,0.5505316257476807,-2.5622010231018066,0.501513659954071
0.01422119140625,-0.21232515573501587,0.04818831384181976,-0.1681402027606964,-0.25680944323539734,-0.08950848877429962,-0.3031195104122162,-0.4426151514053345,0.02223503589630127,-0.0014991946518421173,-0.23167100548744202,0.08444210886955261,-0.221708744764328,0.1841025948524475,0.0026809945702552795,0.040454864501953125,-0.017922312021255493,1.2874270677566528,2.092747688293457,2.873032569885254,3.71736478805542,5.267580032348633,2.121533155441284,3.1708755493164062,3.6967995166778564,5.860701560974121,5.686494827270508,2.3836841583251953,0.4763672649860382
0.032958984375,0.004977397620677948,0.027916759252548218,0.026853438466787338,0.25700950622558594,0.07298937439918518,-0.2016185224056244,-0.44528916478157043,-0.1701255440711975,-0.4715411961078644,-0.3221176862716675,-0.16865789890289307,-0.30610063672065735,-0.04391297698020935,-0.8400535583496094,-0.7452564835548401,-0.193773090839386,0.23888608813285828,-0.7466508150100708,-0.2485576868057251,-2.2929816246032715,-1.5192902088165283,-3.0085790157318115,-5.863689422607422,-6.480875492095947,-4.577003479003906,-5.752458095550537,-5.607762813568115,-1.9092565774917603
0.01177978515625,-0.15646231174468994,-0.19053836166858673,-0.18309757113456726,0.011917084455490112,0.3243350684642792,0.45400470495224,0.4880608916282654,0.42936256527900696,0.4626536965370178,0.2992545962333679,0.492553174495697,0.18021121621131897,0.652326762676239,0.45931363105773926,-0.38696804642677307,-0.3213576376438141,-0.8692061901092529,-1.8351356983184814,-2.487766742706299,-4.238101005554199,-6.142575263977051,-5.184270858764648,-3.645434856414795,-4.449197292327881,-4.6890764236450195,-6.923142433166504,-13.08081340789795,-3.1180851459503174
-0.0045166015625,0.11952707171440125,0.0062507688999176025,0.24943126738071442,0.39552122354507446,0.2915206551551819,0.6006765365600586,0.5370407104492188,0.5059819221496582,0.22494961321353912,0.15269970893859863,0.43254733085632324,0.9033101201057434,0.2282881736755371,-0.11626341938972473,0.8885647058486938,0.8927489519119263,0.2809818983078003,2.1577112674713135,1.679573655128479,1.6744000911712646,2.3837716579437256,0.03603410720825195,-1.8384685516357422,-4.191844940185547,-5.894214630126953,-11.402226448059082,-13.95640754699707,-2.626910448074341
-0.00439453125,-0.009271800518035889,0.24734477698802948,0.015419140458106995,-0.009376220405101776,0.02053552120923996,0.09914734959602356,-0.4791024327278137,-0.16947080194950104,-0.11975272744894028,0.11653932929039001,0.27323976159095764,-0.3433619737625122,0.48120060563087463,0.4545504152774811,0.6393305659294128,0.35414326190948486,-0.12630295753479004,1.1803178787231445,1.4240025281906128,3.2880825996398926,1.8036820888519287,-0.6571723222732544,-1.2757418155670166,-3.1722941398620605,-3.457965135574341,-4.291323661804199,-2.286892890930176,-0.7181990742683411
0.0439453125,0.12698927521705627,0.00601506233215332,-0.16403937339782715,-0.0133419930934906,0.36315417289733887,0.14103850722312927,-0.1586160808801651,0.07358786463737488,-0.13348472118377686,0.30350086092948914,0.4704161584377289,0.5386738777160645,1.265997052192688,1.4638149738311768,1.4403352737426758,1.3874109983444214,2.0435478687286377,3.7472338676452637,5.00964879989624,5.558503150939941,4.825688362121582,2.9433212280273438,0.06382155418395996,-0.12012708187103271,3.3351762294769287,-1.4268624782562256,1.5547775030136108,0.6894615292549133
-0.005035400390625,0.10173109173774719,0.1591426283121109,-0.15007497370243073,-0.2214319407939911,-0.021105021238327026,-0.07525026798248291,-0.43168938159942627,-0.10880258679389954,0.25293418765068054,0.6552109122276306,0.3845407962799072,0.24740098416805267,0.8595073819160461,0.9275120496749878,1.1065361499786377,1.4215517044067383,2.664605140686035,2.5670430660247803,1.6194474697113037,2.2925453186035156,2.2992663383483887,3.627976894378662,1.9589351415634155,1.7088472843170166,-1.6662977933883667,-0.8539334535598755,1.8545485734939575,-0.3140552341938019
0.033203125,0.30910444259643555,0.04903039336204529,0.015004027634859085,0.1926710605621338,0.26758426427841187,0.3463509976863861,-0.09297811985015869,0.21821585297584534,-0.1076819896697998,-0.2804142236709595,-0.27893468737602234,0.12241961061954498,0.5939345955848694,0.8965126276016235,0.6080267429351807,0.1893349438905716,0.9075759053230286,-0.23080408573150635,-1.3559856414794922,-1.8324971199035645,0.2015681266784668,2.174795627593994,1.312914490699768,3.6730563640594482,2.4322333335876465,1.2151936292648315,5.710404396057129,1.3096801042556763
-0.016845703125,0.19325776398181915,0.22800040245056152,-0.11900171637535095,0.055917367339134216,0.4027317762374878,0.26045387983322144,0.29631486535072327,0.16741791367530823,-0.2227098047733307,-0.10116425156593323,0.4548417627811432,0.378426194190979,0.30299004912376404,1.0861999988555908,0.4679486155509949,1.347753882408142,0.9678846597671509,0.9835323095321655,1.3151044845581055,1.4777213335037231,-3.0213396549224854,-4.786440849304199,-5.381255626678467,-4.360846996307373,-3.1735455989837646,-1.911618947982788,-1.7674312591552734,-0.5859255194664001
0.0260009765625,0.22146955132484436,0.1523984670639038,-0.0779770165681839,0.36555248498916626,0.002990543842315674,0.12913878262043,0.041072726249694824,0.16509729623794556,0.12515723705291748,0.37946218252182007,0.9515830874443054,0.7492942214012146,1.240419864654541,0.6570634245872498,0.09518024325370789,0.6542601585388184,0.7328830361366272,1.0411033630371094,1.561388611793518,-0.2914851903915405,-0.7057065367698669,-0.45261645317077637,-1.8185173273086548,-1.0181849002838135,0.4682385325431824,3.541018486022949,2.915074586868286,1.6138120889663696
0.0283203125,0.10408161580562592,0.08664348721504211,0.0093003511428833,-0.13067783415317535,-0.1876061111688614,0.06719288229942322,-0.012409484013915062,0.19569122791290283,0.23319676518440247,0.12897133827209473,0.2191152721643448,-0.8496180772781372,-0.4354081153869629,-0.5474918484687805,-0.6556463837623596,-0.8069270849227905,-0.008152604103088379,0.7399358749389648,-0.11204230785369873,-1.680772304534912,-2.3153810501098633,-3.5060887336730957,-3.570122718811035,-1.1579713821411133,-1.015194058418274,-1.3008885383605957,1.6637049913406372,0.7961512804031372
-0.011474609375,0.008759640157222748,-0.0424635224044323,-0.04309491068124771,-0.09741736948490143,0.13573405146598816,0.3340798616409302,0.2191849797964096,0.4432656168937683,0.5636644959449768,0.5517510771751404,-0.004678606986999512,-0.47508499026298523,-0.45363765954971313,-0.610001266002655,-1.023650050163269,-0.46053361892700195,-0.2825598120689392,-0.2736048102378845,1.9986960887908936,6.2553791999816895,9.208845138549805,13.742166519165039,14.76833724975586,13.542710304260254,15.183356285095215,17.777301788330078,20.105051040649414,5.160857677459717
-0.0164794921875,0.04841872677206993,0.1641903519630432,0.013052694499492645,-0.17693570256233215,-0.4427100718021393,-0.43469783663749695,-0.4130033850669861,-0.48804694414138794,-0.15201950073242188,0.04411192238330841,0.19576969742774963,0.34088289737701416,0.37526392936706543,0.09895320236682892,0.09778507053852081,-0.6201450228691101,-0.16820597648620605,0.09516644477844238,0.6671608686447144,-0.826519250869751,-0.39227068424224854,3.0613651275634766,2.94787859916687,3.774061679840088,5.548748970031738,8.896602630615234,8.463794708251953,2.166781187057495
-0.041259765625,-0.246549591422081,-0.25998812913894653,-0.07085081934928894,-0.17893025279045105,-0.4624505341053009,-0.6289440393447876,-0.3095434308052063,-0.0345970094203949,-0.3153418004512787,-0.30635905265808105,0.32929861545562744,0.6495472192764282,0.1818901002407074,0.09281297028064728,0.09433575719594955,-0.8259377479553223,0.23201069235801697,1.0922056436538696,0.23614484071731567,-1.3392136096954346,-4.795775413513184,-4.660955905914307,-6.706015586853027,-4.364246368408203,-4.6741485595703125,-1.737185001373291,-1.728934645652771,-1.1410506963729858
0.0001697540283203125,-0.2746655344963074,-0.10861378163099289,-0.18838980793952942,-0.21048735082149506,0.03827159106731415,-0.39106321334838867,-0.2645442485809326,-0.728572428226471,-0.6934269070625305,-0.6250823736190796,-0.46069061756134033,-0.9526333808898926,-0.7246679067611694,-0.6436933279037476,-1.436036467552185,-0.5486868023872375,-0.9733015298843384,-0.8838386535644531,-2.1783924102783203,-3.4810657501220703,-3.966674327850342,-2.7331185340881348,-1.2272961139678955,1.763472318649292,5.465326309204102,12.762661933898926,13.984373092651367,4.019308090209961
-0.01287841796875,0.06194567680358887,-0.041450098156929016,-0.2622910141944885,0.16923001408576965,0.32653939723968506,0.01656252145767212,-0.1924576759338379,0.7369294166564941,0.6612937450408936,0.19933339953422546,-1.0507514476776123,-0.23483985662460327,0.06361448764801025,-0.09579016268253326,-0.6676517128944397,-0.2726590931415558,-0.16159848868846893,0.5490660667419434,0.33276957273483276,-2.012111186981201,-2.3554272651672363,-3.1646392345428467,-0.9054813385009766,0.20062559843063354,-0.8174811005592346,1.6736693382263184,1.2666168212890625,2.5165646076202393
-0.017822265625,-0.02666342630982399,-0.2103922814130783,-0.2367369830608368,-0.3674490749835968,0.013053175061941147,-0.041360314935445786,0.017408009618520737,-0.13986660540103912,-0.029978930950164795,-0.3852306604385376,-0.7425916194915771,-0.935231626033783,-1.0351593494415283,-0.9243535399436951,0.11801570653915405,0.08292962610721588,0.4756552577018738,1.3069379329681396,0.5880582928657532,3.082280397415161,2.6207404136657715,0.16202354431152344,0.2297273874282837,-2.108722686767578,-2.9240341186523438,-6.1468048095703125,-6.024918556213379,-1.2186832427978516
0.031982421875,-0.12310263514518738,-0.21809977293014526,-0.009557902812957764,-0.2021285593509674,-0.23696497082710266,-0.34324735403060913,-0.4205383062362671,-0.07995259761810303,-0.40933313965797424,0.20814615488052368,0.17640268802642822,-0.2385876178741455,-0.08079172670841217,-0.1496274471282959,0.0010614395141601562,-0.5631484985351562,-0.506738543510437,-1.4057457447052002,-3.440319538116455,-4.427094459533691,-6.981595039367676,-11.840046882629395,-12.769781112670898,-9.38267707824707,-7.455406188964844,-10.88558578491211,-8.09034538269043,-2.6156625747680664
-0.00628662109375,0.20634768903255463,0.22482796013355255,0.12532226741313934,0.6404905915260315,0.13473382592201233,0.3376801311969757,0.2041533887386322,0.08698917180299759,-0.04474329948425293,0.14814433455467224,-0.4225804805755615,-0.41611483693122864,-0.6149243116378784,-0.09956984221935272,-0.450799822807312,0.1603926420211792,-0.6460868120193481,0.3305131196975708,-0.43483400344848633,1.6447012424468994,5.262601852416992,-0.13150644302368164,2.6784775257110596,3.000053644180298,3.0673627853393555,-0.11885452270507812,-3.2008047103881836,-1.8267122507095337
-0.0106201171875,0.017439313232898712,-0.08116409182548523,0.056458353996276855,0.06809481233358383,-0.03768952190876007,0.03359021246433258,-0.17406761646270752,-0.29359719157218933,0.10842898488044739,0.4999619126319885,0.053521156311035156,-0.2717304229736328,-0.025076568126678467,-0.19899994134902954,-0.14378228783607483,-0.10245954990386963,0.07094535231590271,-0.32759639620780945,-1.8214623928070068,0.13604450225830078,-1.6721924543380737,-4.559370994567871,-9.10847282409668,-8.592300415039062,-9.3783597946167,-7.50848913192749,-6.4026947021484375,0.39190587401390076
0.052978515625,-0.006445199251174927,-0.0698971301317215,-0.3702129125595093,-0.2420382797718048,0.14801570773124695,0.13249559700489044,0.5634860396385193,0.13893836736679077,0.3485199809074402,0.49924275279045105,0.061075359582901,0.38153553009033203,-0.1470150351524353,-0.3226620554924011,-0.31171882152557373,-1.485367774963379,-1.390284538269043,-1.0848264694213867,0.5244347453117371,-0.6487494707107544,-1.9061594009399414,-0.04874277114868164,2.933319091796875,3.730433464050293,1.5063989162445068,2.845984935760498,6.1998186111450195,2.013964891433716
-0.046875,-0.3441738486289978,-0.38558387756347656,-0.1459016352891922,0.25719520449638367,0.2496059238910675,0.12792055308818817,0.35822561383247375,-0.0007264316082000732,-0.14452940225601196,0.022732824087142944,0.10330358892679214,-0.7103387117385864,-0.3501906096935272,-0.8472520112991333,-0.9687088131904602,-1.0969418287277222,-0.3565793037414551,0.7741475701332092,0.5480238199234009,-0.0014717578887939453,1.7601298093795776,5.590297698974609,5.181327819824219,8.066011428833008,7.985017776489258,8.70045280456543,8.645380020141602,1.8566304445266724
-0.035888671875,-0.04066222906112671,0.009631246328353882,0.02451542764902115,-0.026498869061470032,-0.2732987403869629,-0.07882644236087799,0.06390461325645447,0.18622402846813202,0.061926960945129395,-0.10794210433959961,0.16023880243301392,-0.46687066555023193,-0.4766163229942322,-0.8236618638038635,-0.8342998623847961,-2.103393077850342,-1.6655359268188477,-0.7021796703338623,-0.6465599536895752,0.7633911967277527,4.072351932525635,4.546965599060059,5.867920398712158,6.348365783691406,6.774109840393066,12.118936538696289,11.80380630493164,1.7027276754379272
-0.00543212890625,0.22003775835037231,0.20141802728176117,0.20049986243247986,0.3982529938220978,0.39748692512512207,0.16720718145370483,-0.03734554350376129,0.15199099481105804,0.13434556126594543,-0.24563518166542053,-0.16902168095111847,0.07685190439224243,-0.3735071122646332,-0.2601417005062103,0.19598671793937683,0.08030003309249878,-0.8837816715240479,-1.6706324815750122,-0.4613535404205322,0.7834503054618835,-3.386706829071045,-8.193506240844727,-8.790671348571777,-10.105578422546387,-9.835173606872559,-10.296319961547852,-8.906885147094727,-4.532415390014648
-0.0022125244140625,-0.050168849527835846,-0.074386365711689,0.04989425837993622,-0.14937293529510498,-0.02138940989971161,-0.021814007312059402,-0.2206721007823944,-0.09774923324584961,0.04160035401582718,0.2546662390232086,0.3296489417552948,0.5684505701065063,0.41502583026885986,0.7914314270019531,0.7942181825637817,0.5514254570007324,0.5451570749282837,2.6714439392089844,1.2804787158966064,3.193575143814087,3.127135753631592,0.33280491828918457,0.42988264560699463,2.1292762756347656,1.1961442232131958,0.8409816026687622,0.04119384288787842,-0.8942490220069885
-0.0128173828125,-0.15181049704551697,-0.08040178567171097,-0.15690714120864868,0.22116971015930176,0.04676961898803711,-0.1551043689250946,-0.5390326976776123,-0.47104156017303467,0.029706448316574097,-0.4574822783470154,-0.40917515754699707,-0.258779913187027,-0.38414692878723145,0.10676684975624084,-0.10489323735237122,-0.42885053157806396,0.3439915180206299,-1.8150980472564697,-1.911977767944336,-3.337632179260254,-0.6244375705718994,-0.6097412109375,0.5956887006759644,1.6922956705093384,6.481774806976318,5.337136745452881,6.147634506225586,2.458792209625244
-0.00104522705078125,0.1221517026424408,0.12213954329490662,0.054398879408836365,0.09452550113201141,0.13839128613471985,0.1564088612794876,0.2424326241016388,0.5551841855049133,0.2603236436843872,-0.6297177672386169,-0.06787818670272827,0.049978919327259064,0.3444819152355194,0.31876981258392334,0.23154720664024353,0.6946879029273987,1.3301546573638916,3.251951217651367,2.2344613075256348,2.35408878326416,5.072160243988037,4.853586196899414,7.711057662963867,6.861685752868652,5.03277587890625,4.551654815673828,8.534988403320312,1.5653529167175293
0.041015625,-0.04279105365276337,-0.036450374871492386,-0.0008314661681652069,-0.135487899184227,-0.4511449933052063,-0.2725716829299927,-0.25378963351249695,-0.6603411436080933,-0.6730952262878418,-0.4560620188713074,-0.5786007642745972,-0.6667693257331848,-0.766999363899231,-0.7335315346717834,-1.042992353439331,-0.721137523651123,-0.691964864730835,-3.1213302612304688,-2.312295913696289,0.2100081443786621,2.2185540199279785,6.505245685577393,6.026498317718506,5.8233842849731445,4.632797718048096,9.23177719116211,3.6635732650756836,0.9952025413513184
0.04248046875,0.2536991536617279,0.12321798503398895,0.21546605229377747,0.5073577165603638,0.25516650080680847,-0.05183163285255432,-0.24942898750305176,-0.14001017808914185,-0.1940131038427353,-0.2862322926521301,-0.632920503616333,-0.6246067881584167,-0.9725347757339478,-0.4172450602054596,-0.8496090173721313,-1.7522125244140625,-3.001948833465576,-3.2767908573150635,-3.07932710647583,-5.613217353820801,-6.780840873718262,-3.8208048343658447,-6.243335247039795,-4.121067523956299,-7.188014030456543,-4.723806858062744,-12.704712867736816,-2.518181085586548
0.01025390625,-0.15272156894207,-0.2861487865447998,0.05867256224155426,0.0009854435920715332,-0.02901078760623932,-0.3692048490047455,-0.08184906840324402,-0.29168567061424255,-0.5250829458236694,-0.009864985942840576,-0.0460713654756546,0.11288470029830933,0.5370113253593445,0.26022976636886597,0.3450687825679779,0.4879714250564575,0.5734350681304932,1.5698678493499756,-0.9403660297393799,-1.199495792388916,-1.4861656427383423,-2.6711432933807373,-3.027641534805298,-4.138574600219727,0.6434259414672852,-3.2822299003601074,-0.5223689079284668,-0.6182317137718201
0.030029296875,0.05086454749107361,0.11355386674404144,0.10501901805400848,0.07728461921215057,-0.2766698896884918,-0.1279219686985016,-0.3025084435939789,-0.5993456840515137,0.046343863010406494,0.3357751965522766,0.07982997596263885,-0.5140665173530579,-0.9131456613540649,-0.05569809675216675,-0.2723107635974884,-0.2580731213092804,-0.26869359612464905,0.36529624462127686,-0.15880346298217773,0.10729086399078369,1.316694974899292,1.5334700345993042,0.2803184986114502,-2.5067861080169678,-2.7753405570983887,-5.52996826171875,-3.024568796157837,-1.3015520572662354
0.002716064453125,0.06174645572900772,0.14779573678970337,0.2926162779331207,0.38203874230384827,0.3430066704750061,0.45076993107795715,0.45511651039123535,0.28761351108551025,0.1943298876285553,0.8712142705917358,1.0121498107910156,1.2338671684265137,0.7133064270019531,1.1920241117477417,0.8847274780273438,1.1139658689498901,0.4285532832145691,0.686755895614624,0.8161609768867493,0.8328242301940918,4.254485607147217,4.967195510864258,8.083627700805664,8.22946548461914,12.408469200134277,13.526369094848633,19.094165802001953,4.514659404754639
0.013916015625,0.09552256017923355,-0.06528644263744354,-0.2435704618692398,0.04402203857898712,0.4410396218299866,0.27034249901771545,0.21252067387104034,-0.366679310798645,-0.19037938117980957,-0.041723862290382385,0.1890309900045395,-0.294763445854187,-0.3843507170677185,0.5078719854354858,0.37751537561416626,0.29531389474868774,-0.4673324227333069,-0.5510035157203674,-1.0439811944961548,-1.7083168029785156,-0.006034374237060547,-1.7364282608032227,-2.6180572509765625,-4.988276958465576,-5.067370414733887,-8.580072402954102,-3.363947868347168,-0.6184688210487366
-0.0084228515625,0.18315543234348297,0.027784422039985657,-0.04698915034532547,0.10480424016714096,0.24460244178771973,0.01867280900478363,-0.34003087878227234,-0.024676188826560974,-0.11493197083473206,-0.28809672594070435,-0.23352771997451782,-0.32622668147087097,-0.20865222811698914,0.7039170265197754,0.4546542167663574,0.3615095615386963,-0.36227211356163025,-0.5823787450790405,-0.6630802154541016,-2.4910688400268555,-1.7380132675170898,1.420225739479065,2.9718661308288574,3.4485538005828857,4.4502644538879395,7.811588287353516,5.564828395843506,2.6594786643981934
0.0191650390625,0.3435651957988739,0.4600650370121002,0.4213058054447174,0.23019056022167206,0.12911218404769897,0.4780229330062866,0.61922287940979,0.916800320148468,0.652932345867157,0.4872196316719055,0.45922380685806274,0.7842797636985779,0.5483576059341431,0.4173133671283722,0.5848754048347473,0.7025452256202698,-0.19606882333755493,-0.4312719404697418,0.5828450918197632,0.2066475749015808,-1.2505491971969604,0.4920719861984253,-0.6382628679275513,-1.7913259267807007,-0.7711536884307861,-2.46974515914917,-2.2247862815856934,-0.45132800936698914
0.0230712890625,-0.16412955522537231,-0.3571086525917053,0.06469574570655823,0.08696429431438446,0.11680014431476593,-0.04366210103034973,-0.00378243625164032,-0.09621408581733704,0.42723381519317627,0.49889346957206726,0.6213632822036743,0.28704363107681274,-0.024987220764160156,0.05874910205602646,-0.35230425000190735,-0.2749747633934021,1.1567165851593018,1.607907772064209,1.3992664813995361,4.025760650634766,2.7433364391326904,8.007574081420898,8.840476989746094,12.360349655151367,13.453927040100098,11.39547348022461,8.2850341796875,0.9392298460006714
-0.0301513671875,-0.055824458599090576,-0.16500553488731384,-0.09019391983747482,-0.08287305384874344,-0.015156418085098267,-0.1782171130180359,0.13812342286109924,0.48206627368927,0.2892003655433655,0.4133627414703369,-0.11264818906784058,0.1791769415140152,-0.08595132827758789,-0.3401006758213043,-0.3476012349128723,-1.883432149887085,-2.159679651260376,-2.3126723766326904,-2.4928221702575684,-2.3497536182403564,-1.9499472379684448,-4.29023551940918,-6.146780014038086,-5.150639057159424,-3.294934034347534,-4.674452781677246,-5.694868087768555,-2.012211322784424
0.0205078125,-0.0006555244326591492,-0.14406804740428925,-0.1473531275987625,-0.1194688007235527,-0.2219429910182953,-0.17213188111782074,0.2036992907524109,0.1296696811914444,0.28703951835632324,-0.16553914546966553,-0.27167242765426636,-0.016091279685497284,0.23411428928375244,0.009089723229408264,0.5222992897033691,0.6005818247795105,1.3198812007904053,0.7260171175003052,-0.1855165958404541,2.3098130226135254,2.420133352279663,-1.8241379261016846,-4.431804656982422,-5.993914604187012,-7.993457794189453,-8.147296905517578,-4.7611918449401855,0.41491028666496277
-0.01251220703125,0.01708380877971649,-0.04857432097196579,-0.2188757359981537,-0.26698294281959534,-0.2219463288784027,0.06232158839702606,-0.009805262088775635,-0.24730366468429565,-0.11826817691326141,-0.13820534944534302,0.14340324699878693,0.4681362509727478,-0.07843732833862305,-0.1923334151506424,0.11917769908905029,0.03503302484750748,-0.8282374143600464,-2.457773208618164,-2.3290257453918457,-1.714931607246399,0.11167263984680176,3.52044677734375,6.5105695724487305,7.483097553253174,6.524522304534912,7.7829389572143555,7.482155799865723,1.8364160060882568
-0.0026397705078125,0.11403407156467438,0.06009699031710625,0.20840846002101898,0.23117730021476746,0.4325351119041443,-0.10592910647392273,-0.4019126892089844,-0.49196723103523254,-0.09012550115585327,0.41200900077819824,0.24435046315193176,0.7175546884536743,1.0938442945480347,0.6912838220596313,1.7538237571716309,1.3996422290802002,2.179013729095459,3.0394060611724854,3.6773366928100586,5.133951187133789,6.249016761779785,4.7138142585754395,3.4592552185058594,3.644291400909424,6.381355285644531,6.719942092895508,5.832798004150391,2.0890865325927734
0.0189208984375,0.10688138008117676,0.029708996415138245,-0.012764103710651398,-0.33017706871032715,-0.23219428956508636,-0.14742736518383026,-0.2702704668045044,-0.14543913304805756,-0.3652312457561493,-1.076554775238037,-0.8359439373016357,-1.2920089960098267,-0.6043620109558105,-0.35474276542663574,-1.3230655193328857,-0.6527602672576904,-0.9750851392745972,-1.7004954814910889,-1.8365496397018433,-0.165793776512146,-0.5609875917434692,0.43943870067596436,-0.8831322193145752,0.5809151530265808,-4.541950225830078,-3.5051894187927246,-3.589583158493042,0.39599117636680603
0.0038909912109375,0.13037678599357605,0.36254918575286865,0.20545874536037445,-0.08356356620788574,-0.1534871608018875,0.01427188515663147,-0.3637552261352539,-0.3836829662322998,-0.27548858523368835,0.061971306800842285,-0.020117148756980896,-0.16986748576164246,0.04630008339881897,-0.20141227543354034,0.09067609906196594,-0.8714662790298462,-1.2535276412963867,-1.410744071006775,-0.17885497212409973,-0.780302882194519,-0.4345301389694214,-0.4946407079696655,4.003808498382568,5.0142669677734375,3.4178659915924072,6.7144927978515625,7.22266960144043,0.9626431465148926
0.004638671875,-0.17374975979328156,-0.1948160082101822,-0.22624962031841278,-0.2822587192058563,-0.3802058696746826,-0.4184700846672058,-0.8779855370521545,-1.1509063243865967,-0.7898353934288025,-1.0240107774734497,-0.5837618112564087,0.04586806148290634,-0.0448879599571228,-0.004211295396089554,0.6176645159721375,1.4310708045959473,1.4309920072555542,-0.1731034517288208,0.7620151042938232,0.5958138704299927,-2.2560009956359863,-4.515493392944336,-3.365872383117676,-2.9524614810943604,-2.383613109588623,-4.012392044067383,-5.63380241394043,-0.28026479482650757
-0.004302978515625,0.050316765904426575,0.09616424888372421,0.025678306818008423,-0.15617188811302185,0.25581374764442444,0.391220360994339,0.2788642346858978,0.5870707631111145,0.6546248197555542,0.4464472532272339,0.5320438146591187,0.3874213695526123,0.5952852368354797,0.861716091632843,0.3263167440891266,0.6035889387130737,-0.5905158519744873,-0.22866719961166382,0.9301976561546326,2.256591796875,1.7920539379119873,2.655444622039795,1.5352283716201782,0.6720181703567505,0.7341127395629883,-1.0540332794189453,-4.150296211242676,-0.07540998607873917
-0.010498046875,-0.014086347073316574,0.000959835946559906,-0.05736130475997925,0.014963239431381226,-0.05153322219848633,-0.1265544295310974,-0.3042150139808655,-0.3063206076622009,-0.28567028045654297,-0.12733197212219238,-0.3740837275981903,-0.9944289326667786,-1.2522224187850952,-1.904784917831421,-1.5607482194900513,-1.2841547727584839,-1.2685678005218506,-0.752411425113678,0.6531449556350708,-1.0134776830673218,-2.196272134780884,-4.849539756774902,-3.5806002616882324,-4.238888263702393,-3.3356900215148926,-4.907514572143555,-9.313617706298828,-3.0586471557617188
-0.007415771484375,0.1361565887928009,0.15704123675823212,0.09307901561260223,-0.04734570533037186,0.13971590995788574,-0.07940991967916489,-0.4003540575504303,-0.37930846214294434,-0.47337016463279724,-0.5211595296859741,-0.11066457629203796,-0.3270377814769745,-0.8512555360794067,-1.0492680072784424,-0.22060266137123108,-1.6693553924560547,-1.913143515586853,-2.742241382598877,-5.115235328674316,-4.929286479949951,-8.531423568725586,-9.760614395141602,-10.201095581054688,-12.221266746520996,-14.237733840942383,-13.357280731201172,-11.638317108154297,-3.052762031555176
-0.007293701171875,-0.23751583695411682,-0.2051648050546646,-0.007440896704792976,-0.2398146390914917,-0.2559463381767273,0.05810815095901489,0.1984122395515442,0.48875272274017334,0.011496305465698242,-0.009616181254386902,-0.0837550163269043,0.2097638100385666,-0.3479679226875305,-0.3175675570964813,-0.7217641472816467,-1.3151694536209106,-1.8043614625930786,-2.6796650886535645,-2.6154589653015137,-1.7093205451965332,-0.6680139303207397,-2.8345775604248047,-3.565455675125122,-3.1082189083099365,-3.9128007888793945,-6.014739990234375,-9.67032241821289,-2.730186939239502
-0.00421142578125,0.12383275479078293,0.1392391324043274,0.3294421434402466,-0.04298824071884155,0.07593035697937012,-0.1031893640756607,-0.22701750695705414,-0.1032780259847641,0.31394729018211365,-0.43071773648262024,-0.6316489577293396,-0.38538113236427307,-0.3514958322048187,-0.45694246888160706,-0.29620903730392456,-1.5616391897201538,-2.067573308944702,-2.107025146484375,-1.4789576530456543,-0.87445068359375,-1.3511712551116943,-0.40222883224487305,-0.3170667886734009,0.5106614232063293,0.6108798980712891,2.3135547637939453,-1.490943193435669,-0.5218527913093567
0.016845703125,-0.18607932329177856,-0.0016044676303863525,-0.07231111824512482,0.39899659156799316,-0.01632365584373474,-0.13735292851924896,-0.37203580141067505,-0.3864748477935791,-0.23276285827159882,-0.304817795753479,-0.7117519378662109,-0.9763020873069763,-1.055686354637146,-1.3838324546813965,-0.7404540777206421,-0.3629361391067505,-0.09315401315689087,1.1003637313842773,0.20058119297027588,2.2380475997924805,6.461179733276367,11.400684356689453,10.771648406982422,11.022733688354492,10.368317604064941,13.20794677734375,8.193856239318848,0.8912277817726135
-0.00142669677734375,0.04282012954354286,-0.1793498694896698,-0.20601888000965118,0.3059541583061218,0.07046858966350555,0.21981047093868256,0.017210453748703003,0.08444420248270035,0.2651005983352661,-0.3247266411781311,-0.0037615597248077393,0.5230768918991089,0.5260054469108582,0.8584242463111877,0.5577570796012878,0.3469986915588379,0.6464744806289673,-0.4960883855819702,2.0159718990325928,0.5034438967704773,-0.8809045553207397,-6.123016357421875,-4.097661972045898,-10.6397705078125,-11.915962219238281,-13.000319480895996,-11.503997802734375,-2.809816837310791
0.0089111328125,0.09359166771173477,0.18695229291915894,0.21622809767723083,0.5290350914001465,0.20034335553646088,0.05531015992164612,0.1388125717639923,0.20543578267097473,0.14427709579467773,0.4894656538963318,0.5950901508331299,-0.08568301796913147,0.18940165638923645,0.502676248550415,0.17481005191802979,0.6804158091545105,-0.19006097316741943,-0.8333243131637573,-0.6968945860862732,2.1196470260620117,2.038700819015503,5.621153354644775,5.173109531402588,1.1628003120422363,0.9197966456413269,0.6011477708816528,0.04378509521484375,-0.774934709072113
0.039794921875,-0.02375909686088562,-0.1396867334842682,0.04522763937711716,-0.19132493436336517,-0.40953660011291504,-0.10498844087123871,-0.1435466855764389,-0.9847642183303833,-0.8393239974975586,-0.8200141191482544,-0.5348725318908691,-0.1813443899154663,-0.7080099582672119,-1.2220041751861572,-1.4036872386932373,-1.2040613889694214,-1.2856035232543945,-0.6395785212516785,-0.35208845138549805,1.5743744373321533,1.7976534366607666,0.7832105159759521,0.8842496871948242,0.8284093141555786,-0.7840108275413513,-0.7697601318359375,-3.646021604537964,0.1268458366394043
0.00531005859375,-0.06635905057191849,0.04496793448925018,0.18542999029159546,0.018044233322143555,-0.18199056386947632,-0.5050609111785889,-0.12525323033332825,0.05463061481714249,0.10650571435689926,0.6239848732948303,0.24187499284744263,0.3884323537349701,0.739099383354187,0.978435754776001,0.944301187992096,1.4679266214370728,1.4788968563079834,2.1673855781555176,-0.03037184476852417,-0.6978980898857117,0.08941853046417236,1.7567476034164429,3.179819107055664,1.3572988510131836,-0.8755911588668823,-3.2917888164520264,-1.1037135124206543,0.011814193800091743
0.01080322265625,0.2857162356376648,0.14798322319984436,-0.07674776017665863,0.04794806241989136,0.2912379503250122,0.01032787561416626,0.27634891867637634,-0.19221484661102295,0.27607104182243347,0.4273727536201477,0.07786451280117035,-0.3832113742828369,-0.19380870461463928,-0.3653307259082794,-0.418573796749115,-0.5302028656005859,-0.8403041362762451,-0.22086340188980103,-1.2995507717132568,0.40511226654052734,2.396331310272217,0.5705320835113525,-0.7920736074447632,-3.2994301319122314,0.8069262504577637,3.2955360412597656,4.985683441162109,1.8936889171600342
-0.0263671875,0.17523428797721863,0.19153690338134766,0.21897372603416443,-0.09541165828704834,0.10802093148231506,-0.19266468286514282,-0.03259369730949402,0.21294650435447693,-0.26782622933387756,-0.5313887596130371,-0.2797737419605255,-0.45701608061790466,0.2112354040145874,0.7085437774658203,0.8343459367752075,1.518716812133789,1.3825076818466187,0.14012861251831055,3.036163330078125,2.799834966659546,1.4618847370147705,0.7523506879806519,-3.894977569580078,-3.711158514022827,-2.163684844970703,0.7313225269317627,-0.8939568996429443,0.6122399568557739
-0.006011962890625,0.1168014407157898,-0.025075867772102356,0.4053220748901367,0.8428565263748169,0.5150998830795288,0.03480011224746704,0.07940781116485596,-0.011744130402803421,0.12021452188491821,0.03674514591693878,-0.08537289500236511,0.5113764405250549,0.42825090885162354,0.3669775426387787,-0.178885817527771,0.11331570148468018,-0.3938499391078949,1.1115614175796509,1.2854700088500977,1.8154265880584717,4.207675933837891,-0.20441913604736328,0.24536031484603882,-2.500680923461914,-4.719531536102295,-6.665384292602539,-6.5431342124938965,-1.755734920501709
-0.00079345703125,-0.06986094266176224,0.04188670217990875,0.044761113822460175,-0.3160306215286255,-0.061599016189575195,-0.22117868065834045,-0.4832489490509033,-0.5025174617767334,-0.25924745202064514,0.11451078951358795,-0.05285656452178955,0.26913315057754517,0.46806663274765015,0.8741206526756287,1.1781630516052246,1.352258563041687,0.9282272458076477,0.5272111892700195,0.15900397300720215,2.422886848449707,4.200483322143555,6.618740081787109,6.841926097869873,7.31935453414917,9.376808166503906,10.854520797729492,11.32848834991455,3.7070508003234863
0.008544921875,-0.22439207136631012,-0.28112077713012695,-0.33199232816696167,0.048974573612213135,-0.35263630747795105,-0.2691322863101959,-0.498171865940094,-0.5629866123199463,-0.6822860836982727,-0.10058242082595825,-0.3488312363624573,0.4062650799751282,0.22083914279937744,0.30598312616348267,0.26822489500045776,0.8309027552604675,0.6059078574180603,0.4297093152999878,0.7884021997451782,-0.34208762645721436,-0.2744288444519043,-4.593270778656006,-1.401698350906372,-0.9443705677986145,-1.4505565166473389,-2.1628475189208984,-4.90460729598999,-0.7472675442695618
-0.0142822265625,-0.031027402728796005,-0.3164895176887512,-0.3377206027507782,-0.22091060876846313,0.04541806876659393,-0.1693202257156372,-0.321958065032959,0.07369327545166016,-0.0685332790017128,0.15769672393798828,-0.2852299213409424,0.15894418954849243,-0.11010757833719254,-0.21781572699546814,-0.031131625175476074,-0.6825302839279175,-0.2457374930381775,-0.6966435313224792,-1.6555261611938477,-2.915478229522705,-0.9460091590881348,-1.695314645767212,-3.6644251346588135,-4.827716827392578,-5.436995029449463,-7.957858085632324,-5.124833106994629,-1.0060802698135376
-0.004302978515625,-0.10106675326824188,-0.048698265105485916,0.11791093647480011,-0.29762038588523865,0.14674995839595795,0.06274464726448059,0.1469537764787674,-0.2600703239440918,-0.3494173586368561,-0.8552089929580688,-0.7832630276679993,-0.2015356421470642,-0.09969358146190643,-0.3055875897407532,-0.74820876121521,-0.2346377819776535,-0.1566201150417328,1.25664484500885,0.8365386724472046,1.4892090559005737,0.8577196598052979,1.5687353610992432,1.8629735708236694,1.8781523704528809,2.9724953174591064,2.6559324264526367,-1.8772838115692139,-0.3658503592014313
-0.058349609375,-0.10230030864477158,-0.27443718910217285,-0.1984420120716095,0.15790361166000366,-0.19115447998046875,-0.7601746320724487,-0.4071257710456848,-0.8582900762557983,-0.846481442451477,-0.9332925081253052,-1.1903432607650757,-0.7708801031112671,-0.8390690088272095,-0.5477083921432495,-0.21371114253997803,-0.7931911945343018,-1.6845619678497314,-2.2808990478515625,-1.6664820909500122,-2.720345973968506,-3.7598612308502197,-8.811334609985352,-7.194100856781006,-9.791801452636719,-8.923995971679688,-14.333210945129395,-16.75278663635254,-3.895750045776367
-0.04248046875,-0.2606182098388672,-0.040476709604263306,0.07040253281593323,0.38822034001350403,-0.26146000623703003,-0.1855950802564621,0.10890123248100281,0.11934313178062439,0.2858607769012451,0.21406330168247223,-0.0743078887462616,-0.3810534179210663,-0.37935131788253784,-0.05171802639961243,0.2643788456916809,-0.45730751752853394,-0.054920852184295654,-0.6962583065032959,-1.0763760805130005,-3.3093361854553223,-3.1421921253204346,-1.1824519634246826,-2.8855068683624268,-1.246474266052246,-0.5601423978805542,-1.50534188747406,-6.013751029968262,-1.764746904373169
0.03955078125,0.09289189428091049,-0.011330276727676392,-0.148868590593338,0.03554312884807587,-0.03775826096534729,-0.018025830388069153,0.3116210103034973,-0.015883147716522217,-0.08365552127361298,-0.8552682399749756,-0.051448673009872437,-0.46231573820114136,-0.17317155003547668,-0.25176191329956055,-0.08342400193214417,0.41235512495040894,0.10903766751289368,-0.6565558910369873,-0.9548323154449463,-2.624321937561035,-1.872633695602417,-1.8402057886123657,-1.5627119541168213,-0.5529800057411194,-1.8628687858581543,-4.7807111740112305,-5.854005336761475,-1.5213351249694824
0.031494140625,0.04342801496386528,0.2512637674808502,0.1840948462486267,0.09442770481109619,-0.04202046990394592,0.4373331665992737,0.6171121597290039,0.8186392188072205,0.545116126537323,0.20714055001735687,0.21259969472885132,0.14514592289924622,0.3421136438846588,0.053904712200164795,0.007783800363540649,-0.15023721754550934,-0.3591669201850891,0.37680792808532715,-1.6573033332824707,-3.5819597244262695,-1.858845829963684,-0.106361985206604,3.1942970752716064,1.687290906906128,4.640449047088623,2.807061195373535,5.611783027648926,1.6178137063980103
-0.0010833740234375,0.12031961977481842,0.14902502298355103,-0.02897927165031433,-0.37046894431114197,-0.31322023272514343,-0.042312294244766235,-0.416681170463562,-0.02974596619606018,0.17991483211517334,-0.06294947117567062,0.2401466965675354,0.7328176498413086,0.2409292459487915,-0.27641963958740234,-0.34618422389030457,0.4075791835784912,-0.21971386671066284,0.08744338154792786,-0.30727890133857727,2.8419761657714844,4.656909942626953,2.453887939453125,5.216012001037598,0.8843107223510742,3.6759886741638184,-0.06396627426147461,-2.9649035930633545,-0.6075397729873657
-0.045654296875,0.13592107594013214,0.09899726510047913,0.14873537421226501,-0.12932293117046356,-0.009613953530788422,0.22854679822921753,0.364470899105072,0.00545009970664978,0.19959107041358948,0.5029264688491821,0.8286776542663574,1.2172898054122925,0.937229573726654,0.8742976188659668,0.8264566659927368,1.4292759895324707,1.7729465961456299,1.3749070167541504,-0.29875099658966064,0.3030669093132019,-1.088209867477417,0.56600022315979,2.555032730102539,2.2587435245513916,-1.7665319442749023,-0.8154610395431519,-2.8693809509277344,0.14022880792617798
0.001861572265625,0.2021014392375946,0.23585864901542664,0.5593275427818298,0.6336829662322998,0.37190693616867065,-0.14220869541168213,0.009338445961475372,0.0503915473818779,0.24712412059307098,-0.16536295413970947,0.01539243757724762,0.41146647930145264,0.2664952278137207,0.5161824226379395,0.4002110958099365,0.46780288219451904,0.539176881313324,0.7422000169754028,1.6107276678085327,-1.2419047355651855,-0.8695330619812012,-1.1195811033248901,-0.6061196327209473,-0.18278944492340088,-1.7430148124694824,-1.976670265197754,-1.8152188062667847,0.45615634322166443
-0.0255126953125,0.11043370515108109,0.024423860013484955,0.30059385299682617,0.15949127078056335,0.48136621713638306,0.49339759349823,0.5087121725082397,0.30300769209861755,0.4611847698688507,0.8111127614974976,0.5558755397796631,1.3948687314987183,0.7771461009979248,1.127070426940918,1.723265290260315,2.062191963195801,2.231557846069336,1.8198769092559814,2.3713176250457764,1.6659739017486572,2.1259968280792236,2.6922686100006104,1.9745467901229858,4.627451419830322,2.3217244148254395,4.488691329956055,3.115373373031616,0.7243558764457703
0.0034942626953125,-0.16688302159309387,-0.14023065567016602,-0.4440293610095978,-0.3425614833831787,-0.7670150399208069,-0.5485866665840149,-0.3970601558685303,-0.31530600786209106,0.32119742035865784,0.39013662934303284,0.8448236584663391,0.652710497379303,0.4510912001132965,0.2049430012702942,0.38696759939193726,0.7432416677474976,-0.015039265155792236,-0.7017037272453308,-0.7126387357711792,-2.033174991607666,-3.6611814498901367,-4.460914611816406,-6.844796180725098,-9.17055606842041,-11.602468490600586,-13.767409324645996,-13.4957275390625,-2.311345338821411
-0.027099609375,0.09506350010633469,0.07221494615077972,0.013597788289189339,-0.09021510928869247,0.11650607734918594,0.3537445068359375,0.3609848916530609,-0.28712406754493713,0.01629301905632019,-0.20842473208904266,0.8464539051055908,0.6113525032997131,0.3341459035873413,0.30995234847068787,0.18188419938087463,0.38528043031692505,1.2468667030334473,1.6474246978759766,4.014887809753418,4.893072128295898,7.682977676391602,8.262556076049805,7.798770904541016,7.3945159912109375,4.308099746704102,5.0073957443237305,4.2451982498168945,0.7707559466362
0.0272216796875,0.017994768917560577,-0.1079496368765831,0.07683072984218597,0.6942918300628662,0.24873802065849304,0.17249470949172974,-0.032608091831207275,-0.42727211117744446,-0.23145975172519684,-0.16186988353729248,-0.04789292812347412,-0.18224424123764038,0.48207467794418335,0.2816794216632843,-0.31709957122802734,-0.2275526076555252,-0.6309093832969666,-2.1858255863189697,-1.548083782196045,0.35399341583251953,1.9665045738220215,0.3629155158996582,0.12270814180374146,1.1658122539520264,0.5389103889465332,0.013620615005493164,-0.8295930624008179,0.03924759477376938
-0.007110595703125,0.12850946187973022,0.09698539972305298,-0.08637553453445435,0.15924805402755737,-0.31092730164527893,-0.4976072311401367,-0.01724192500114441,0.5362884998321533,0.0815308690071106,0.14664556086063385,-0.3440811038017273,0.40594053268432617,0.42586851119995117,0.3833879828453064,0.2464783638715744,0.2644014358520508,-1.309263825416565,0.9776232242584229,2.2708897590637207,3.462434768676758,1.7818613052368164,1.0459725856781006,3.6964828968048096,4.163741111755371,1.9279942512512207,6.949944972991943,6.7399001121521,2.164870023727417
0.0142822265625,-0.13071969151496887,-0.14432339370250702,-0.3176174461841583,-0.08190125226974487,-0.23309631645679474,0.3408292531967163,0.2283002734184265,0.31679654121398926,0.3598410189151764,0.3640655279159546,-0.2812941372394562,-0.7032890319824219,-0.6607580184936523,-0.9299396276473999,-1.0639933347702026,-0.9676653742790222,-0.7368980646133423,-0.5710208415985107,-1.5583839416503906,-1.178966760635376,-0.9443399906158447,-2.403831720352173,-2.509795665740967,-1.1261601448059082,-2.323709726333618,-3.783149480819702,-1.2199454307556152,-1.7312387228012085
0.00653076171875,-0.14697381854057312,-0.2592145800590515,-0.3036724925041199,-0.28635114431381226,-0.29212698340415955,-0.18229693174362183,-0.5526122450828552,-0.6505783796310425,-0.36432063579559326,-0.6244591474533081,-1.1410459280014038,-0.7563238739967346,-0.29743248224258423,0.3522023558616638,-0.04313617944717407,-0.3489762842655182,-0.7103643417358398,0.6822917461395264,0.5058675408363342,-0.1212693452835083,-0.7308859825134277,-0.25546902418136597,-3.9524593353271484,-2.347613573074341,-2.682328224182129,-4.655091285705566,-3.265078544616699,-0.8078519105911255
-0.016845703125,-0.22397908568382263,-0.05570270121097565,0.08064654469490051,-0.09590548276901245,0.472488671541214,0.2566938102245331,0.18410557508468628,0.36073803901672363,0.45837193727493286,0.42262139916419983,0.6574438214302063,0.8246385455131531,1.0535125732421875,0.5924432277679443,0.6937007308006287,1.0755079984664917,1.4675580263137817,1.5561490058898926,2.1903762817382812,3.896258592605591,0.6738109588623047,-2.0542211532592773,-3.154284715652466,-2.267627477645874,-5.82926607131958,-3.2674455642700195,-3.7885913848876953,-0.6497591733932495
0.042236328125,-0.006604354828596115,0.1436672806739807,0.18510515987873077,0.5615217685699463,0.39079636335372925,0.2749684751033783,0.3216131031513214,0.031127601861953735,0.12021543085575104,0.2208869308233261,-0.5513405799865723,-0.13311326503753662,0.11322543770074844,0.11151129007339478,-0.4342108368873596,-0.09855172038078308,0.3830861747264862,-0.914803683757782,-0.9176990985870361,-3.3619933128356934,-4.261260986328125,0.6925797462463379,3.636582612991333,6.211706161499023,5.103816986083984,6.909708499908447,7.618245601654053,1.3537163734436035
-0.0177001953125,-0.0763777643442154,-0.23754216730594635,-0.48111221194267273,-0.2423669993877411,-0.25142937898635864,-0.44416946172714233,-0.42425572872161865,-0.7110400199890137,-0.17934313416481018,-0.043974362313747406,-0.24653461575508118,-0.5599233508110046,-0.8124110102653503,-0.880643367767334,-1.3049286603927612,-0.3715828061103821,0.4128009080886841,0.5613496899604797,-0.6127930283546448,-0.2936248779296875,-2.759207248687744,0.1373138427734375,2.19222354888916,1.9682095050811768,1.4319539070129395,2.8234453201293945,6.265408039093018,1.8010411262512207
0.037353515625,0.714322566986084,0.5268433094024658,0.45718663930892944,0.657260537147522,0.39536169171333313,0.2673782706260681,0.3390098214149475,0.14220307767391205,0.2086302638053894,0.06246548891067505,-0.024364113807678223,0.001415058970451355,0.33724328875541687,0.3526417315006256,0.6903375387191772,0.16771626472473145,-0.7199475169181824,-0.16404515504837036,-3.60404634475708,-2.7448391914367676,-2.707716464996338,-1.703332781791687,-2.777763843536377,-2.459763526916504,1.3771740198135376,3.3116583824157715,1.5635240077972412,0.011883453465998173
-0.0103759765625,-0.044955283403396606,-0.05775190144777298,-0.0981764867901802,-0.21139518916606903,-0.1088847815990448,0.2497244030237198,0.43289703130722046,0.6289662718772888,0.426539808511734,0.2184058278799057,0.7449671030044556,0.05796673148870468,-0.37194541096687317,-0.6044450998306274,-0.054756343364715576,-0.8171899318695068,-0.15649175643920898,-0.7374197244644165,-2.005800247192383,-4.498955726623535,-5.7246246337890625,-7.281688690185547,-7.314554691314697,-9.751490592956543,-10.747328758239746,-13.646193504333496,-14.464624404907227,-4.336531639099121
0.0118408203125,-0.13357342779636383,-0.2784512937068939,-0.2072460651397705,0.012061849236488342,0.34771034121513367,0.22594577074050903,0.09965363144874573,-0.007163971662521362,-0.1253642737865448,0.039399757981300354,0.3816079795360565,1.0671229362487793,1.1953179836273193,0.8661196827888489,0.9054490923881531,-0.4583956003189087,-0.17849937081336975,0.33324941992759705,-0.5598840713500977,-0.19379585981369019,-4.13994836807251,-6.134345054626465,-7.3440775871276855,-5.470329284667969,-7.831329345703125,-6.478625297546387,-6.489836692810059,-2.6633265018463135
-0.0294189453125,-0.14160506427288055,-0.03801071643829346,0.01171017438173294,-0.43874916434288025,-0.5039744973182678,-0.022926121950149536,-0.13225406408309937,-0.1522453874349594,0.14369803667068481,0.11571386456489563,0.29808998107910156,-0.1189068853855133,0.40086111426353455,0.6700801849365234,0.885009765625,1.3755654096603394,1.6652772426605225,2.6243746280670166,2.596872329711914,3.936091899871826,3.6908318996429443,3.19315505027771,2.956122875213623,3.3058438301086426,0.8809478282928467,5.104015350341797,6.714941501617432,1.0900665521621704
0.0291748046875,-0.08630745857954025,0.0410127192735672,0.11883099377155304,-0.22642070055007935,-0.028629861772060394,-0.02923828735947609,-0.06584145128726959,-0.13106098771095276,-0.23701471090316772,-0.6495915055274963,-0.1325465440750122,-0.06722842156887054,0.26797783374786377,0.09655052423477173,0.6974388360977173,0.6790134906768799,0.2502692639827728,1.0580942630767822,-1.1442562341690063,1.4900245666503906,1.2396214008331299,2.3623287677764893,2.4082984924316406,4.241943836212158,5.951589584350586,8.172782897949219,7.8452067375183105,2.186431646347046
-0.005767822265625,0.16820454597473145,0.08627671003341675,-0.0764760673046112,-0.0753464326262474,0.2160431295633316,0.0639389306306839,0.2950214743614197,0.05889177322387695,0.0377831757068634,0.40049824118614197,0.6516276597976685,0.25805965065956116,0.13187271356582642,0.4981021583080292,0.09075534343719482,-0.46636003255844116,-0.26172176003456116,-0.5842776298522949,0.9623585939407349,-0.4359542429447174,-1.5258859395980835,1.192307710647583,2.330906629562378,1.9525697231292725,3.5582971572875977,-0.529212474822998,1.9510047435760498,-0.10547425597906113
0.03759765625,-0.00393405556678772,0.1775107979774475,0.05079098045825958,-0.14420685172080994,0.07897435873746872,0.23604898154735565,0.11565461754798889,0.2599445581436157,0.0034444183111190796,-0.3201513886451721,-0.16307586431503296,0.25507763028144836,0.08129192888736725,0.06938713788986206,-0.1097579225897789,-0.10586866736412048,-0.6800870299339294,-0.2561179995536804,-1.0541481971740723,0.3766101598739624,-2.1220521926879883,-3.310525417327881,-1.0269229412078857,-2.701115131378174,-5.553292274475098,-2.8007848262786865,2.9839916229248047,-1.3194489479064941
-0.046875,-0.11232370883226395,-0.21326971054077148,0.12839695811271667,0.37430301308631897,0.1616436243057251,-0.08662541210651398,0.101874940097332,0.10995292663574219,-0.0821734070777893,0.11535347998142242,-0.01439453661441803,-0.29339271783828735,-0.8548311591148376,-0.7649746537208557,-1.0595145225524902,-1.0868830680847168,-1.4820420742034912,-3.2214934825897217,-4.1512980461120605,-4.756128787994385,-8.733377456665039,-12.735756874084473,-12.805744171142578,-14.56999397277832,-20.515424728393555,-26.06492042541504,-27.07966423034668,-6.2610182762146
-0.038330078125,0.09063506126403809,0.335051953792572,0.25621381402015686,0.4701079726219177,0.06477302312850952,0.20834720134735107,0.15244311094284058,0.5567547678947449,0.5599894523620605,0.3738611340522766,0.4241686463356018,0.4789619445800781,0.6515414714813232,0.7589821815490723,1.0355546474456787,-0.09121686220169067,0.4450911581516266,2.2052674293518066,1.5542582273483276,-1.3946378231048584,0.5388263463973999,0.10101091861724854,-2.1721391677856445,-0.9778447151184082,0.9198729991912842,-2.5096359252929688,2.7704145908355713,0.14018215239048004
0.056884765625,-0.11250286549329758,-0.20462600886821747,-0.009175658226013184,-0.08017119765281677,-0.2315296232700348,0.13813135027885437,-0.0037748217582702637,-0.2601548433303833,-0.22397154569625854,-0.5507398843765259,-0.7898118495941162,-1.120296835899353,-1.1696014404296875,-0.4685567617416382,-0.03946012258529663,0.1411445587873459,-0.07741257548332214,-1.5266448259353638,1.0484503507614136,0.12796235084533691,0.14273303747177124,-2.801523447036743,-1.0593626499176025,1.353789210319519,4.941295146942139,8.353370666503906,11.783217430114746,2.718432664871216
0.00738525390625,0.05151441693305969,-0.2241152971982956,-0.25485801696777344,0.10081842541694641,-0.15321172773838043,-0.319438636302948,-0.3691285252571106,-0.7170501947402954,-0.376804381608963,-0.2986527979373932,-0.397070050239563,-0.35648250579833984,-0.3423658609390259,0.19558444619178772,0.3755837082862854,0.06305074691772461,-0.3951541781425476,-1.3559784889221191,-1.0847892761230469,0.4998127222061157,1.6164507865905762,-2.860515594482422,-6.984153747558594,-3.8597192764282227,-2.206209421157837,-5.531611442565918,-5.410128116607666,-1.740763545036316
0.01397705078125,-0.08568540960550308,-0.016721002757549286,-0.12690022587776184,0.45614877343177795,0.4894523322582245,0.5103600025177002,0.2257968783378601,0.036686971783638,0.07761988043785095,0.8037130236625671,1.1734588146209717,1.0909745693206787,1.2690272331237793,1.45936918258667,0.8677616119384766,1.3238096237182617,2.0159859657287598,2.1127610206604004,1.8013739585876465,0.6323356628417969,0.04119643568992615,-0.5848726034164429,-1.338346242904663,-0.3870689868927002,2.280104398727417,6.114877700805664,4.666010856628418,1.2168148756027222
-0.026611328125,0.14099439978599548,0.2794130742549896,0.08134128153324127,0.22082264721393585,0.2624835968017578,0.22845852375030518,0.016168221831321716,-0.10294827818870544,0.08689780533313751,0.17556065320968628,0.1486874222755432,0.12189233303070068,0.04397919774055481,0.04892897605895996,0.1887594759464264,0.5731137990951538,1.0928966999053955,0.8063130974769592,1.4361307621002197,2.8708994388580322,4.094857215881348,4.513906002044678,2.427610397338867,4.180660724639893,5.871981620788574,3.081993579864502,6.225038528442383,1.457581877708435
0.0037994384765625,0.07503891736268997,0.025652285665273666,-0.016229823231697083,0.29485979676246643,0.10628999769687653,0.3303908407688141,0.23456063866615295,-0.029210448265075684,0.026253536343574524,0.5411430597305298,0.701610803604126,0.6434993147850037,0.7580751180648804,0.49472594261169434,0.2300603985786438,0.12460827827453613,-0.7532625198364258,1.1644206047058105,0.40439239144325256,-0.6020077466964722,0.4641960561275482,1.4695167541503906,-1.6475828886032104,-1.8054330348968506,-1.369014859199524,-2.0389108657836914,0.34471094608306885,0.8399419188499451
-0.05126953125,0.14023108780384064,0.18723060190677643,0.2535593807697296,-0.020927608013153076,0.11950129270553589,-0.21029049158096313,-0.28752952814102173,0.027713432908058167,0.26400646567344666,0.7710678577423096,1.1411983966827393,1.4338847398757935,0.936842679977417,0.933666467666626,1.2277297973632812,1.5823280811309814,1.870889663696289,3.0159130096435547,2.8542165756225586,5.2433319091796875,6.899054527282715,7.768335342407227,4.4019856452941895,4.505634307861328,5.577286720275879,1.934631109237671,0.9112643599510193,-0.5001256465911865
0.04541015625,-0.1686217486858368,-0.14414682984352112,-0.18830761313438416,-0.2229079306125641,-0.23096689581871033,-0.6451506614685059,-0.17782065272331238,-0.09745940566062927,0.12219249457120895,-0.2502784729003906,-0.8478688597679138,-1.032518744468689,-1.1495455503463745,-1.033494472503662,-1.2929893732070923,-1.5035794973373413,-1.9545811414718628,-2.0617802143096924,-3.1894025802612305,-3.0142736434936523,-2.2385082244873047,-1.3444010019302368,-0.4570310115814209,-1.001462697982788,-0.8645761013031006,4.10758113861084,-0.7338941097259521,1.1049326658248901
0.005157470703125,-0.24236705899238586,-0.20924201607704163,-0.1975921094417572,0.1904957890510559,-0.1473061442375183,-0.1999184787273407,-0.15963688492774963,-0.23674821853637695,0.4736997187137604,0.12533500790596008,-0.009867213666439056,0.8095685839653015,0.7474328279495239,0.3862253427505493,-0.41135528683662415,0.14214996993541718,1.247138261795044,1.9728167057037354,4.2371439933776855,6.205685615539551,5.77357292175293,6.7810773849487305,7.306229591369629,6.111636161804199,8.392946243286133,9.745962142944336,11.2018404006958,2.969999074935913
0.0247802734375,-0.01170957088470459,-0.050175443291664124,0.0898437350988388,0.12016130983829498,-0.008833512663841248,0.20793120563030243,0.5571404695510864,0.01969572901725769,-0.04913083463907242,-0.20516368746757507,-0.40329232811927795,-0.8110915422439575,-0.6803790926933289,-0.3381810188293457,-0.7240163087844849,-0.9367815256118774,-0.8050121068954468,0.03194591403007507,-0.018156766891479492,0.27109354734420776,1.0800533294677734,-1.9042584896087646,-1.53257417678833,0.5309715867042542,2.603242874145508,-2.285493850708008,-6.237900257110596,-1.4271864891052246
0.00738525390625,-0.32004302740097046,-0.18555742502212524,0.05164793133735657,-0.7422810792922974,-0.5331794023513794,-0.3514973819255829,-0.4752121567726135,-0.5040723085403442,-0.5258038640022278,-0.2699624300003052,-0.5780817270278931,-0.7396198511123657,-0.10990715026855469,-0.3563474118709564,-1.0843608379364014,-0.09752941131591797,-0.51340252161026,-0.5143835544586182,-1.7736997604370117,-2.8138465881347656,-5.381081581115723,-6.734899997711182,-9.424674987792969,-10.292167663574219,-12.339248657226562,-14.437707901000977,-15.545380592346191,-4.32526969909668
0.021240234375,-0.17247110605239868,-0.17334046959877014,-0.27396631240844727,-0.23510634899139404,-0.19388839602470398,-0.03774937987327576,-0.3608555197715759,-0.591169536113739,-0.5819534063339233,-0.7322990894317627,-0.9898054003715515,-0.339171826839447,-0.35719364881515503,-0.39263850450515747,-0.5856170654296875,-1.2601404190063477,-2.0308480262756348,-0.8566842079162598,-1.7678000926971436,-4.74299430847168,-4.8399858474731445,-4.300403594970703,-3.7388696670532227,-2.40065336227417,-1.620856761932373,-3.283696174621582,-4.4699506759643555,-0.534938395023346
0.02734375,-0.13981372117996216,-0.2805423438549042,-0.044746458530426025,-0.04201352596282959,0.06716670840978622,-0.017084315419197083,0.5271229147911072,0.12072262167930603,0.3534777760505676,0.42874640226364136,0.14471480250358582,-0.2602337896823883,-0.26415887475013733,-0.4401562213897705,-0.6777313947677612,-0.531791090965271,-0.948237955570221,-1.2725096940994263,-0.7745978832244873,0.10259437561035156,1.8739529848098755,2.4593753814697266,-0.4531850814819336,-0.8259769082069397,0.06459736824035645,2.2190752029418945,1.3390734195709229,0.22682307660579681
0.052001953125,0.2226724624633789,0.13280506432056427,-0.09341338276863098,-0.06744340062141418,-0.1734195053577423,-0.500726580619812,-0.361061692237854,-0.1592794507741928,-0.26531872153282166,-0.1745671033859253,0.003823906183242798,0.3857758045196533,0.41640499234199524,0.5781165957450867,0.695328950881958,1.2906043529510498,0.44361984729766846,2.6015732288360596,1.3237390518188477,1.753055453300476,4.36616325378418,5.560699462890625,5.166346549987793,7.2885332107543945,10.621610641479492,7.089649677276611,7.723921298980713,1.5974379777908325
0.00811767578125,-0.2048887014389038,-0.22581835091114044,-0.2714003026485443,-0.4498520493507385,-0.37375226616859436,-0.44369691610336304,-0.33206185698509216,-0.5177397727966309,-0.38970911502838135,-0.053454458713531494,0.26461416482925415,-0.25396767258644104,0.023057103157043457,-0.07104560732841492,-0.4861236810684204,-0.9649529457092285,-0.4916701018810272,-1.6150341033935547,-2.13931941986084,-2.5077695846557617,-2.2101237773895264,-4.460386276245117,-5.843295574188232,-9.34781265258789,-7.149292945861816,-8.377609252929688,-5.548222064971924,-1.1809087991714478
0.07177734375,-0.0857037901878357,-0.2802070677280426,-0.4468458294868469,-0.5591849088668823,-0.49990609288215637,-0.2289426028728485,-0.054420553147792816,-0.3723655641078949,-0.2536320090293884,-0.6934748888015747,-1.07389497756958,-1.255985975265503,-0.9767264127731323,-0.5036783218383789,-0.29699981212615967,-0.21283531188964844,-0.18512123823165894,-1.4541457891464233,-1.0463922023773193,-1.2678626775741577,-1.149587869644165,-1.6548926830291748,-4.354150772094727,-5.089015483856201,-2.5396664142608643,-0.2513377070426941,-3.5594139099121094,-0.9243292808532715
-0.00167083740234375,0.13262119889259338,0.2408967912197113,0.23833023011684418,0.4905167818069458,0.21361446380615234,-0.1462174654006958,-0.12975990772247314,0.34594956040382385,0.41934674978256226,0.2683680057525635,-0.026947468519210815,0.12205955386161804,-0.22649092972278595,-0.4818958640098572,0.12524038553237915,-0.7227920889854431,-0.1962546706199646,-0.4254317879676819,-0.0645134449005127,1.5059703588485718,3.918290376663208,3.3043875694274902,8.143460273742676,6.083173751831055,7.331904888153076,2.161929130554199,2.07438325881958,-0.30663934350013733
0.042724609375,-0.14805205166339874,-0.11676978319883347,-0.21556758880615234,-0.12658925354480743,-0.17753532528877258,0.11833730340003967,0.225282222032547,0.047697633504867554,-0.1454012542963028,-0.6158197522163391,-0.1006084680557251,-0.2999560832977295,0.2517183721065521,0.6002343893051147,0.5423597693443298,-0.2764723598957062,0.31328004598617554,-1.0747722387313843,-1.740081787109375,-1.6295231580734253,-0.03846102952957153,-1.1774110794067383,-0.6999302506446838,-3.478121280670166,-3.1035237312316895,-8.77489185333252,-7.96961784362793,-1.0959852933883667
0.026123046875,0.029893793165683746,0.005313940346240997,-0.008819788694381714,0.14985941350460052,-0.07616989314556122,-0.48249873518943787,-0.41935044527053833,0.14862415194511414,-0.004962161183357239,-0.43261247873306274,-1.0844393968582153,-0.5033911466598511,0.4363332986831665,0.24990543723106384,0.41395819187164307,-0.05160725116729736,-0.4829297661781311,-0.12233626842498779,-0.5505144596099854,-0.8111308217048645,0.2728455066680908,-1.1683626174926758,-0.028942972421646118,1.6995595693588257,1.048180341720581,2.7537550926208496,-2.5975594520568848,-0.1510714441537857
-0.053955078125,-0.10053800791501999,0.16200147569179535,0.12229817360639572,-0.008133172988891602,0.2601895332336426,-0.17946964502334595,0.03956884145736694,-0.43264853954315186,-0.2729423940181732,-0.2738419771194458,-0.4371296167373657,-0.4955843687057495,-0.35363373160362244,-0.5271570682525635,-0.4798654317855835,-0.7219067811965942,-0.6586163640022278,0.3482580780982971,-1.012009620666504,-2.4272994995117188,-3.9225449562072754,-3.152050018310547,-4.562137126922607,-2.9656074047088623,-3.562380790710449,-1.7423982620239258,-2.759742259979248,0.49969080090522766
-0.052734375,0.04278646409511566,0.05974996089935303,0.17610806226730347,0.14748504757881165,0.38108623027801514,0.24785465002059937,0.1537751406431198,0.36948537826538086,0.38382062315940857,0.06514844298362732,0.545649528503418,-0.16878974437713623,-0.08432561159133911,-0.029650449752807617,-0.18552400171756744,0.7712851762771606,0.09391617774963379,0.9451371431350708,0.05730214715003967,-1.128011703491211,-0.6516467332839966,0.08714655041694641,-0.007685601711273193,-1.7220065593719482,-1.7508035898208618,3.3865344524383545,4.121645450592041,0.9162974953651428
-0.0299072265625,-0.15071074664592743,-0.18003715574741364,-0.14919644594192505,-0.4675212800502777,0.20918604731559753,0.8061824440956116,0.5018742084503174,0.06531092524528503,0.10379695147275925,0.06660701334476471,0.2153000831604004,-0.3726487457752228,-0.49449437856674194,-0.13609325885772705,-0.5813030004501343,-0.15172386169433594,-0.22594118118286133,1.5826053619384766,1.8473150730133057,3.234894275665283,4.526715278625488,4.238572120666504,-0.1577143669128418,1.272761344909668,-0.029727935791015625,-2.305020809173584,-3.0439023971557617,-2.0622212886810303
-0.00946044921875,-0.38244080543518066,-0.3334072530269623,-0.6662498712539673,-0.9964194297790527,-0.40784627199172974,0.09927001595497131,-0.23569050431251526,-0.1961047649383545,-0.12902182340621948,-0.1706470251083374,0.06697840988636017,-0.2531726658344269,-0.38331931829452515,-0.23818781971931458,0.12697704136371613,0.10788244754076004,-1.2978769540786743,-0.2622396945953369,-1.6259431838989258,-3.5994882583618164,-3.7205560207366943,-4.267996788024902,-2.616238594055176,-3.1256957054138184,-5.111794471740723,-3.513732433319092,-6.985758304595947,-1.1368815898895264
0.0174560546875,0.08513480424880981,-0.11012127250432968,-0.09866899251937866,-0.12692809104919434,-0.23935411870479584,-0.280771940946579,-0.3039218485355377,-0.7464836835861206,-0.3496415615081787,-0.8556821346282959,-1.3638803958892822,-1.7705696821212769,-1.7721846103668213,-1.5729446411132812,-1.6526405811309814,-1.2785656452178955,-0.8726274371147156,-0.4972933530807495,-1.5145800113677979,-3.0865700244903564,-3.6931889057159424,-4.169381618499756,-6.534874439239502,-4.89817476272583,-5.543215274810791,-5.487350940704346,-2.435929536819458,0.44608038663864136
0.0634765625,0.3550974428653717,0.24938639998435974,0.3649933934211731,0.8638995885848999,0.47948962450027466,0.837529718875885,0.5362306237220764,0.923844575881958,0.6955686807632446,0.3826696276664734,0.5951998829841614,0.5519586205482483,0.2116803228855133,0.17392408847808838,0.36360156536102295,0.31459614634513855,-0.31560465693473816,0.31389352679252625,2.6306145191192627,1.0228867530822754,-1.2315447330474854,-3.1491196155548096,-2.4913885593414307,-2.655271530151367,-5.553973197937012,-10.908187866210938,-13.789894104003906,-2.511368989944458
0.00701904296875,-0.02017180621623993,-0.14742635190486908,-0.15065550804138184,-0.42821305990219116,-0.03265419602394104,-0.5183930397033691,-0.2320038080215454,0.1842156946659088,-0.16815194487571716,-0.27608126401901245,-0.5684687495231628,-0.7916634678840637,-0.44005703926086426,-0.4722878038883209,-1.5093587636947632,-0.3339052200317383,-0.5591219663619995,-0.3853929042816162,-0.419725626707077,-0.18449878692626953,0.7865128517150879,-0.24156349897384644,-0.5920085906982422,-1.234647512435913,-1.368453025817871,-2.2914488315582275,-2.941032886505127,-0.6930473446846008
-0.0712890625,-0.1363302767276764,-0.12813088297843933,-0.016170956194400787,0.08517585694789886,0.155918151140213,-0.08375602960586548,-0.08265484869480133,0.06488416343927383,-0.3056751489639282,-0.5609409809112549,-0.40691548585891724,-0.35514044761657715,-0.2255094200372696,-0.6758188605308533,-0.9333109855651855,-0.17308610677719116,-0.2338164746761322,-0.209896981716156,-0.11920064687728882,0.9286239147186279,2.7424709796905518,1.2091917991638184,2.5510923862457275,5.041354179382324,2.1987791061401367,9.497697830200195,8.192708969116211,2.033827781677246
0.0263671875,-0.09618797898292542,-0.2511994540691376,-0.3235231041908264,0.04282379150390625,-0.061785534024238586,-0.2703637182712555,-0.08032099157571793,0.6446532011032104,0.5074705481529236,0.12343356013298035,-0.29013723134994507,-0.4394615590572357,-0.30006664991378784,0.026524603366851807,0.08191049098968506,0.603236198425293,0.2348819077014923,2.6546311378479004,2.6912484169006348,1.5593923330307007,1.461479663848877,3.915398120880127,-0.5033323764801025,-1.4323151111602783,-0.814445972442627,-3.0013041496276855,-6.486063480377197,-3.0415186882019043
0.0036773681640625,0.17938464879989624,0.0848560482263565,0.01864883303642273,-0.06116265058517456,-0.3097381889820099,0.2686585783958435,0.1310163140296936,0.5539253950119019,0.17343929409980774,-0.07916232943534851,-0.3469432592391968,0.2161908745765686,0.7870127558708191,1.1212984323501587,0.8337422609329224,0.7938432693481445,0.9178999066352844,0.7773008346557617,2.45869779586792,0.7822237014770508,-2.56768798828125,-6.04722261428833,-5.259995937347412,-6.369275093078613,-7.580451965332031,-10.004287719726562,-4.98602294921875,0.13737598061561584
0.0118408203125,0.160386860370636,0.40311211347579956,0.3616979420185089,0.5580642819404602,0.16209539771080017,0.6153533458709717,0.46576377749443054,0.2122988998889923,0.1292572021484375,-0.9276596903800964,-0.4211084842681885,-0.23024562001228333,-0.08689692616462708,-0.2548232674598694,0.020621120929718018,0.2026832550764084,-0.02898252010345459,0.7060048580169678,-0.5634115934371948,-0.4844716787338257,-0.4449796676635742,2.3905551433563232,5.618309020996094,8.313814163208008,10.472492218017578,16.178319931030273,13.91362190246582,3.4898412227630615
-0.03369140625,-0.07094044983386993,-0.07001693546772003,-0.04658818989992142,-0.004551596939563751,-0.10656724125146866,0.024437755346298218,0.12445071339607239,-0.019452258944511414,0.03446950018405914,0.025450728833675385,0.28014126420021057,0.24707671999931335,0.405453622341156,0.7058160901069641,0.755220890045166,0.7741262912750244,0.23734986782073975,-0.42742007970809937,0.03332594037055969,-0.9704477787017822,-1.1833882331848145,-5.33134126663208,-5.649625778198242,-5.289541721343994,-9.411182403564453,-9.619544982910156,-8.479162216186523,-1.0805010795593262
-0.030517578125,-0.042060501873493195,-0.07329900562763214,-0.0566091351211071,-0.08362163603305817,-0.04160352051258087,0.16183245182037354,0.2640952467918396,-0.17066043615341187,0.2069699466228485,-0.025735653936862946,0.2243964970111847,-0.4592275023460388,-0.5783827304840088,-0.7166229486465454,-0.08417356014251709,-0.5557571649551392,-0.47614651918411255,-0.7683322429656982,-2.0905394554138184,-0.8667689561843872,-3.163229465484619,-2.0783891677856445,-2.8383302688598633,0.22785496711730957,-0.5681253671646118,0.18542134761810303,-0.7670396566390991,0.5474728941917419
-0.00848388671875,-0.24470539391040802,-0.14035923779010773,-0.3116261661052704,-0.8180956244468689,-0.7169803977012634,-0.5148888230323792,-0.14540515840053558,-0.1450052410364151,0.2212873250246048,-0.26059579849243164,-0.9777932167053223,-0.6648151278495789,-0.4522867798805237,-0.5296732187271118,-1.0657920837402344,-1.6836254596710205,-1.4314303398132324,-1.0954664945602417,-2.3746180534362793,-1.1460044384002686,-3.4500837326049805,-0.42605113983154297,0.1345583200454712,-0.035774827003479004,1.1091033220291138,5.593587875366211,4.711158275604248,-0.299778550863266
0.031494140625,0.22993728518486023,0.18764448165893555,0.06445114314556122,0.013957560062408447,-0.10597354173660278,0.522030234336853,0.4292184114456177,-0.07197245955467224,0.1470799446105957,-0.14176040887832642,-0.4366191625595093,-0.7165895104408264,-0.674683690071106,-0.8042815923690796,-1.0185868740081787,-1.5070440769195557,-1.4765679836273193,-0.1404992938041687,-1.5115400552749634,-1.7797253131866455,-2.9478068351745605,-7.566950798034668,-9.762084007263184,-6.522100448608398,-7.943460941314697,-9.061634063720703,-8.164508819580078,-2.172527313232422
-0.03564453125,-0.5178740620613098,-0.4094185531139374,-0.44859379529953003,-0.337692528963089,-0.4925984740257263,-0.2246834635734558,-0.23217913508415222,-0.42281976342201233,-0.20594359934329987,-0.23172688484191895,-0.3014306426048279,-0.6057015657424927,-0.7105556130409241,-0.6013460755348206,-0.3311992883682251,-0.9022153615951538,-1.6441885232925415,-1.87837815284729,-0.36385321617126465,-0.35038620233535767,-1.3056790828704834,-3.8758089542388916,-4.1495771408081055,-3.7416188716888428,-6.011588096618652,-5.378063678741455,-3.9471333026885986,-1.2156193256378174
0.0028533935546875,-0.002368435263633728,0.02343398705124855,0.2572063207626343,0.5033746957778931,0.3783634305000305,-0.031598806381225586,-0.10405443608760834,0.08108513057231903,0.03493805602192879,0.236605703830719,0.5576047897338867,0.2641451954841614,0.4001927971839905,0.015037231147289276,0.5873021483421326,0.8093622922897339,0.42399412393569946,-0.6148718595504761,0.5747900605201721,1.4717042446136475,3.7838172912597656,5.65129280090332,2.9883785247802734,1.62319016456604,1.8041433095932007,-0.9470374584197998,0.12707388401031494,0.9229998588562012
-0.023681640625,0.015652000904083252,-0.01291780173778534,-0.012123748660087585,0.12425459176301956,0.4083958864212036,0.1953333020210266,-0.16689303517341614,-0.2838636040687561,-0.4335521459579468,-0.3745883107185364,-0.1196412444114685,-0.1406840980052948,-0.26230913400650024,-0.26264405250549316,-0.4106103181838989,-0.17987066507339478,-0.7015154957771301,0.3001314401626587,-0.12024140357971191,-3.702831268310547,-2.5961499214172363,-1.704272985458374,-0.3611733913421631,-3.2182159423828125,-4.337485313415527,-1.928287148475647,-2.2882726192474365,0.16196992993354797
-0.013671875,0.030349552631378174,0.03877672553062439,0.09650632739067078,0.7133978009223938,0.31107088923454285,0.09310109913349152,0.3067319393157959,0.47811219096183777,0.08589492738246918,0.3574223518371582,-0.2011224329471588,-0.014639407396316528,-0.24285179376602173,-0.6826661825180054,-0.1544041633605957,-0.3851039707660675,-1.0908187627792358,0.15030288696289062,0.47651147842407227,-0.7119574546813965,0.7242252826690674,1.7104078531265259,1.5112828016281128,3.2412219047546387,3.0097432136535645,2.7219347953796387,2.114561080932617,-0.2884170711040497
0.0147705078125,0.14165017008781433,0.05432066321372986,0.07735849916934967,0.42509567737579346,0.17546062171459198,0.05177456513047218,0.23595170676708221,0.4694955348968506,0.36440378427505493,0.32297417521476746,-0.09727180004119873,-0.24467423558235168,-0.48415544629096985,-0.4198799729347229,-0.2874525189399719,0.06670612096786499,0.21621409058570862,0.1568548083305359,-0.4005853533744812,-3.2093586921691895,-3.57023286819458,-3.730074405670166,-1.9569165706634521,-6.492192268371582,-6.294954776763916,-6.49758243560791,-5.788320541381836,-0.9522572159767151
0.000949859619140625,0.13562701642513275,0.25111907720565796,-0.016906291246414185,0.40785160660743713,0.5787423849105835,0.384491890668869,-0.04973602294921875,0.3458990454673767,-0.10681086778640747,-0.6682339906692505,-0.21301782131195068,-0.011489316821098328,-0.36420315504074097,0.18670621514320374,0.6001242399215698,0.1804233193397522,0.006079733371734619,1.4525766372680664,1.790370225906372,0.29683351516723633,0.32167482376098633,-0.868660032749176,-0.09886151552200317,1.2625858783721924,-0.03735709190368652,-0.8139193058013916,6.556088447570801,2.0166239738464355
-0.09228515625,-0.2553565800189972,-0.28667330741882324,-0.14294609427452087,-0.15610051155090332,-0.2089744508266449,-0.15652687847614288,-0.006375312805175781,-0.056327927857637405,-0.013899147510528564,-0.30941352248191833,0.26296961307525635,-0.40932220220565796,-0.2363942563533783,-0.3193134665489197,-0.3787003755569458,-0.39046356081962585,-0.3335115909576416,-1.4934982061386108,-2.015963315963745,-1.4904265403747559,-2.3306431770324707,-5.195206642150879,-6.465568542480469,-7.713587284088135,-9.154030799865723,-8.20009994506836,-5.888409614562988,0.3696903884410858
-0.019775390625,0.1717761754989624,0.14413422346115112,-0.06432728469371796,-0.5424008965492249,-0.17791971564292908,-0.33328354358673096,0.1861601173877716,-0.39193183183670044,-0.012561172246932983,-0.5412399768829346,-0.9268492460250854,-0.2112903594970703,-0.1487613320350647,0.5365475416183472,0.6039900183677673,-0.5316457748413086,-0.48560985922813416,-1.0935736894607544,0.5569565296173096,0.545967698097229,2.184619188308716,0.13100016117095947,2.2634787559509277,1.8202111721038818,0.6518334150314331,5.193735599517822,2.9499258995056152,0.8131592869758606
0.032470703125,-0.0008106976747512817,-0.2076684683561325,-0.15790650248527527,-0.19616305828094482,-0.002329885959625244,-0.2012518048286438,-0.16875194013118744,0.5208450555801392,0.07780760526657104,-0.10076697170734406,-0.24946893751621246,-0.08252964913845062,0.11437508463859558,0.5388226509094238,0.14181628823280334,-0.08321163058280945,0.6994686126708984,1.2209246158599854,1.5883458852767944,5.028592586517334,6.920779705047607,7.319678783416748,8.372426986694336,9.34304141998291,10.432079315185547,12.071897506713867,12.368023872375488,4.1507368087768555
0.0260009765625,-0.04082333296537399,0.014588147401809692,0.19662192463874817,-0.1233387440443039,-0.3522025942802429,-0.23127460479736328,-0.054434314370155334,-0.639093279838562,-0.10865800082683563,-0.4548448622226715,-0.4700888395309448,-0.42701733112335205,-0.46857601404190063,0.025795578956604004,-0.35470885038375854,-0.4134340286254883,-0.4193066656589508,-1.3208222389221191,-1.4341399669647217,-0.09815001487731934,0.3506883382797241,0.22026494145393372,-1.389899492263794,-1.7722561359405518,-3.7312262058258057,-6.869997978210449,-6.341229438781738,-1.4645601511001587
-0.041259765625,-0.19914808869361877,-0.04269716143608093,0.05775163322687149,-0.12758201360702515,0.02564050257205963,-0.2863829433917999,-0.2770145535469055,-0.2874617576599121,-0.22445350885391235,0.4263458847999573,0.7144247889518738,0.988487720489502,0.7127940654754639,0.7901078462600708,0.5938604474067688,-0.01977214217185974,-0.41360363364219666,0.19441956281661987,-1.0666674375534058,-3.2625317573547363,-6.152726650238037,-5.7518463134765625,-7.085483551025391,-4.304086685180664,-4.983754634857178,-5.782925605773926,-1.6630890369415283,-1.3746447563171387
-0.0174560546875,0.3702858090400696,0.06610491871833801,-0.03382333368062973,0.12885065376758575,-0.12359712272882462,-0.43598639965057373,-0.8092166185379028,-0.47518497705459595,-0.45192083716392517,-0.1436726152896881,-0.003461182117462158,-0.0906946063041687,-0.2839512228965759,0.22175642848014832,-0.2689625024795532,0.27236372232437134,0.10182112455368042,0.5781351923942566,1.0409669876098633,0.9946100115776062,1.021843433380127,-2.791726589202881,-1.261272668838501,-0.5923181772232056,-2.9847679138183594,-2.361186981201172,2.4985857009887695,0.43538472056388855
0.045166015625,0.11350958049297333,0.16786476969718933,0.10150367021560669,0.25762808322906494,-0.02571466565132141,-0.2307070791721344,-0.4699174761772156,-0.5897409319877625,-0.1791953444480896,-0.4919368624687195,-0.20041844248771667,-0.23634672164916992,-0.10848996043205261,-0.11994388699531555,0.22120007872581482,-0.8647979497909546,1.116586446762085,1.364192247390747,0.8866226077079773,-0.8811283111572266,-1.2883609533309937,-3.062250852584839,-3.3022403717041016,-1.381313681602478,-3.079439640045166,-4.994291305541992,-6.95179557800293,-2.1511824131011963
0.03271484375,-0.27509984374046326,-0.24994146823883057,-0.32442885637283325,-0.3408558964729309,-0.3659909665584564,-0.26257339119911194,-0.17862793803215027,0.04508586227893829,-0.2438080906867981,-0.017501354217529297,0.23162546753883362,0.2182079255580902,0.3642352223396301,-0.009642772376537323,-0.10256661474704742,-0.4776563048362732,-0.46898138523101807,0.8175398707389832,-1.1803724765777588,0.5426989197731018,3.26346492767334,2.940746307373047,2.196235418319702,2.406024932861328,3.1457278728485107,0.8963255882263184,2.9660892486572266,1.4465306997299194
-0.06298828125,-0.1497267782688141,-0.3941570520401001,-0.36736688017845154,-0.3019310235977173,-0.33512774109840393,-0.16577264666557312,-0.16076558828353882,0.07887184619903564,0.0289059579372406,0.21164678037166595,0.28095728158950806,-1.4154963493347168,-1.0156110525131226,-1.2229464054107666,-1.2188405990600586,-1.0266846418380737,-1.544508695602417,-0.9852423667907715,-2.6372461318969727,-5.862745761871338,-11.737863540649414,-14.159296989440918,-11.64426040649414,-13.9599609375,-16.955751419067383,-17.18654441833496,-18.711627960205078,-3.571995496749878
0.0201416015625,0.37217092514038086,0.3543492257595062,0.05215910077095032,0.10856828093528748,-0.13516339659690857,0.3477702736854553,0.22422245144844055,0.5783215165138245,0.521806538105011,0.32596638798713684,-0.3293949365615845,-1.313254714012146,-1.0396625995635986,-0.6227524280548096,-0.4797469973564148,-0.5010837316513062,-0.38253992795944214,-0.22581744194030762,-0.6792472004890442,-0.5097057819366455,-2.141838788986206,-5.287875652313232,-5.559515476226807,-4.66282320022583,-1.7571699619293213,-2.4737329483032227,-0.6198468208312988,1.3996062278747559
0.043701171875,-0.09783213585615158,-0.18525557219982147,-0.3752495050430298,-0.8004845976829529,-0.24681007862091064,-0.26329466700553894,-0.276565819978714,-0.013811498880386353,0.12494127452373505,-0.7231104373931885,-0.21900799870491028,-0.16158725321292877,-0.4209539592266083,-0.3248797357082367,-0.9631576538085938,-1.2903738021850586,-0.08090269565582275,0.049097467213869095,-0.9441609382629395,-0.6220220923423767,-3.321575403213501,-4.163088798522949,-1.9434008598327637,-0.7419941425323486,-4.893069267272949,-0.46010422706604004,-0.08878189325332642,-0.4798840284347534
0.0240478515625,0.025058653205633163,0.057117968797683716,0.16398575901985168,0.2770281732082367,0.046651214361190796,0.13215674459934235,0.21048668026924133,0.4858968257904053,-0.1137247085571289,0.059749990701675415,0.48565682768821716,0.4591156542301178,0.36548715829849243,0.26650384068489075,-0.31909406185150146,-0.23101314902305603,-0.5359835624694824,-0.33133625984191895,-1.900173306465149,-2.079719066619873,0.10180234909057617,6.441313743591309,5.517907619476318,6.294927597045898,7.948161602020264,7.911537170410156,6.00386905670166,0.9096384644508362
0.00390625,0.19639627635478973,0.15345866978168488,0.2793765366077423,-0.4568080008029938,-0.3086531460285187,-0.4545964300632477,-0.77204430103302,-0.8231831192970276,-0.8099164366722107,-0.5049864053726196,-0.7912775278091431,-1.526713252067566,-0.5978196859359741,-1.0064034461975098,-0.9548588991165161,-1.5448131561279297,-1.1523311138153076,-1.8722527027130127,-1.7752985954284668,-0.9774590730667114,-1.6950658559799194,0.17871594429016113,-2.034071207046509,-0.3602473735809326,-2.2771987915039062,-1.5683187246322632,1.857033610343933,1.212117075920105
0.004180908203125,-0.21786627173423767,-0.07963582873344421,-0.058825552463531494,-0.08383864164352417,0.11470700800418854,-0.001173660159111023,-0.230615496635437,-0.6026108264923096,-0.46342405676841736,-0.3997161388397217,-0.4535827040672302,0.5708371996879578,0.08176559209823608,0.17593488097190857,-0.8630250692367554,-0.7528033256530762,-0.34038737416267395,-0.5397637486457825,0.016910314559936523,2.790584087371826,2.2584047317504883,1.6418876647949219,1.6827878952026367,2.292214870452881,0.29263436794281006,3.790691614151001,4.158390998840332,2.1152985095977783
0.019775390625,0.2974809408187866,0.23342570662498474,0.28117790818214417,0.26407143473625183,0.20169255137443542,0.11999672651290894,0.35456275939941406,0.3618278503417969,0.3145022392272949,0.4652339220046997,0.364676296710968,0.21607375144958496,0.2571519613265991,0.4395619034767151,0.8432832360267639,1.340769648551941,0.4165914058685303,0.17507338523864746,0.10211537778377533,-1.0275957584381104,0.8890143632888794,4.041037559509277,-0.14353227615356445,-3.1698269844055176,-4.30692195892334,-7.119048595428467,-7.49998664855957,-2.424248218536377
-0.0341796875,0.01058942824602127,0.17785197496414185,-0.15477168560028076,0.20701774954795837,0.28715789318084717,0.09384852647781372,0.0162600576877594,-0.0731399655342102,-0.0987979918718338,0.11694417893886566,0.20456594228744507,0.26791951060295105,0.2538605332374573,0.46187978982925415,-0.029923617839813232,-0.39166808128356934,0.2661336064338684,-0.8743377327919006,-2.6432650089263916,-3.0710177421569824,-1.675166368484497,-2.572093963623047,-1.885279655456543,-2.8878118991851807,-1.9190257787704468,0.4253948926925659,3.2910423278808594,0.28587469458580017
-0.039306640625,0.042847514152526855,0.14842578768730164,-0.10494711995124817,-0.21278592944145203,-0.3310931324958801,-0.4180690050125122,-0.6052140593528748,-0.7867589592933655,-0.49674829840660095,-0.3570757508277893,-0.4165573716163635,-1.2374480962753296,-0.554169774055481,-0.4085163474082947,-0.43896305561065674,-0.39644622802734375,-1.2248945236206055,-0.7832380533218384,-1.1107274293899536,-0.814324140548706,1.0982410907745361,0.44803178310394287,-0.07008790969848633,1.676213264465332,1.7737618684768677,3.6001646518707275,1.8067868947982788,1.193787932395935
0.0011444091796875,-0.14144599437713623,-0.23175346851348877,-0.1946539282798767,0.1020444929599762,0.007471546530723572,0.13818137347698212,0.21645709872245789,0.35449254512786865,0.5436553955078125,1.0944850444793701,0.7872360944747925,0.3187161386013031,-0.18993401527404785,-0.48809224367141724,-1.6604973077774048,-1.3682315349578857,-0.002567470073699951,-2.4968461990356445,-1.484425663948059,-2.4410901069641113,-4.40965461730957,-4.954312324523926,-7.303580284118652,-8.400097846984863,-9.154732704162598,-7.473559856414795,-9.663986206054688,-0.47289228439331055
-0.004119873046875,-0.3502734899520874,-0.030712231993675232,0.08139141649007797,-0.10031825304031372,-0.4378950893878937,-0.18723605573177338,-0.11269506812095642,-0.008109863847494125,-0.02988278865814209,-0.4770294427871704,0.3094564378261566,-0.5395448207855225,-0.6567586064338684,-0.30101248621940613,-0.05493012070655823,-0.5868346095085144,-0.5823472738265991,0.8163785934448242,0.6784956455230713,-0.09404075145721436,-2.107588529586792,-3.1522865295410156,-1.3455569744110107,-3.277043581008911,-3.547974109649658,-2.4133689403533936,-2.717707872390747,-0.21139377355575562
0.01043701171875,0.18702781200408936,0.2524954676628113,0.08364330232143402,0.47820740938186646,0.07194784283638,0.18753284215927124,0.5348510146141052,0.19835135340690613,0.042042218148708344,0.3455505967140198,0.48540329933166504,0.47275954484939575,0.2816503047943115,0.07858476042747498,1.0550141334533691,1.5012893676757812,0.9752795696258545,1.5288249254226685,2.959791660308838,1.0805389881134033,-0.2836958169937134,-0.6635400056838989,-0.13054627180099487,-0.5948261022567749,-3.96716570854187,-4.6028852462768555,-7.754050254821777,-2.002946615219116
-0.0087890625,0.07742536067962646,-0.010852627456188202,-0.2708554267883301,-0.46569404006004333,0.10703220218420029,-0.05568491667509079,-0.11100642383098602,-0.11920659244060516,-0.1917322278022766,-0.32989999651908875,-0.557701826095581,-0.4076785445213318,-0.11087725311517715,-0.6855521202087402,-0.49296796321868896,-1.2398537397384644,-1.1648995876312256,-1.4481033086776733,1.1223247051239014,1.2663605213165283,-0.05963790416717529,-4.302902698516846,-4.9648895263671875,-4.153655052185059,-6.34578275680542,-4.909950256347656,-7.498380184173584,-1.7735706567764282
-0.003875732421875,-0.17894023656845093,-0.11366786062717438,0.07536035031080246,0.031700678169727325,-0.2299058437347412,-0.03597438707947731,0.07331077754497528,0.6294128894805908,0.6640833616256714,0.8115666508674622,1.0322610139846802,1.2714594602584839,1.054680347442627,0.3072943091392517,0.10359512269496918,0.10144364833831787,0.6823937892913818,0.39465540647506714,-0.03374969959259033,-0.36363840103149414,0.55966717004776,-0.8278567790985107,-3.107266664505005,-5.001533031463623,-0.4052999019622803,-5.087043762207031,-1.2577139139175415,0.8065213561058044
-0.0205078125,0.10163921117782593,-0.0566830039024353,0.24225600063800812,0.0698036402463913,0.18450504541397095,-0.23243705928325653,-0.22256556153297424,-0.29243266582489014,-0.09788587689399719,0.012391597032546997,0.38902342319488525,0.48579204082489014,1.01802396774292,0.879997968673706,0.3882649838924408,0.8249132037162781,0.24456769227981567,0.20053374767303467,-0.5576843619346619,-1.3014135360717773,-0.8791917562484741,0.2720673084259033,2.7978837490081787,1.1958056688308716,2.0718626976013184,5.123693466186523,3.727295398712158,1.5307157039642334
-0.01019287109375,-0.12653028964996338,-0.1514403074979782,-0.37721824645996094,0.18001964688301086,-0.1001027300953865,-0.2692331373691559,-0.7736820578575134,-0.8595220446586609,-1.064875602722168,-0.9701379537582397,-0.9496755003929138,-0.8056933879852295,-0.7866383194923401,-0.6978604197502136,-0.6459956169128418,-0.8014194369316101,-0.49483680725097656,-1.7894785404205322,-2.20637845993042,-4.496881484985352,-4.670804977416992,-6.423382759094238,-8.536327362060547,-10.268465042114258,-10.220582962036133,-11.043428421020508,-11.972209930419922,-2.898838996887207
0.03662109375,-0.060960717499256134,-0.14975321292877197,-0.17743170261383057,-0.7584917545318604,-0.6652792096138,-0.2601390779018402,-0.03094717115163803,-0.13207370042800903,-0.2650865316390991,-0.4130540192127228,-0.3670928478240967,-0.012315720319747925,-0.0056276991963386536,-0.06293169409036636,0.6216000318527222,0.6253446936607361,1.1263929605484009,0.4470190405845642,-0.2760038375854492,2.17665433883667,1.6131253242492676,5.44097375869751,6.837891578674316,6.894140243530273,5.645257472991943,5.573422431945801,6.698779106140137,2.5935041904449463
0.006317138671875,-0.15218621492385864,-0.0029361099004745483,-0.00940551608800888,-0.10677812993526459,0.13311070203781128,-0.005047053098678589,-0.13720303773880005,0.0880463719367981,0.3502436578273773,0.7142831683158875,0.3697527050971985,0.8490317463874817,0.7972897887229919,0.4990808963775635,0.5299400091171265,0.13243138790130615,0.30523771047592163,0.2654592990875244,0.8767324686050415,0.34111249446868896,-1.8839901685714722,0.5801236629486084,0.5759880542755127,1.9269602298736572,2.6286401748657227,1.5660187005996704,3.1878795623779297,0.1414550095796585
0.004730224609375,-0.0885656327009201,-0.017752639949321747,-0.0034286007285118103,0.26319262385368347,-0.08795100450515747,0.0011263638734817505,-0.19740235805511475,-0.2537800669670105,-0.17875652015209198,-0.20784248411655426,-0.30500319600105286,-0.6210927963256836,-0.9739083647727966,-1.387562870979309,-0.8129007816314697,-0.8974785804748535,-0.8900643587112427,-1.7810003757476807,-1.6113371849060059,-3.9201669692993164,-3.70285701751709,-5.141829967498779,-0.5981864929199219,1.6510390043258667,0.14092326164245605,-0.39457079768180847,0.44299349188804626,0.8981912732124329
0.00958251953125,0.1769229620695114,0.09849101305007935,0.22700151801109314,-0.2841903269290924,0.2435111403465271,0.6238943338394165,0.6349302530288696,0.7421916127204895,0.6300851106643677,0.9009428024291992,0.7710734009742737,0.37999746203422546,-0.13565337657928467,-0.5596598386764526,-0.28668248653411865,-0.151233971118927,-0.5269145965576172,0.13192236423492432,-0.18292087316513062,-1.280815601348877,-2.3713202476501465,-5.718532562255859,-3.3181753158569336,-4.900978088378906,-5.730124473571777,-9.28256607055664,-6.758932590484619,-3.008901357650757
-0.0191650390625,0.07953539490699768,0.11125245690345764,0.3289896547794342,-0.30731144547462463,-0.13404901325702667,-0.18232250213623047,-0.45015618205070496,0.1240965723991394,0.08898323774337769,-0.0853399932384491,0.6300639510154724,-0.1352556049823761,0.5603256225585938,0.41804173588752747,0.13741835951805115,0.01990678906440735,0.9196942448616028,1.3262876272201538,0.8206079006195068,1.0552400350570679,4.471999168395996,1.871572494506836,5.039282321929932,8.063362121582031,12.04312801361084,6.827872276306152,6.22093391418457,3.0705296993255615
0.031005859375,-0.21630865335464478,-0.26384812593460083,-0.2590276598930359,-0.13385090231895447,0.2990197539329529,0.5136942863464355,0.264719694852829,0.3144022822380066,0.4705408215522766,0.37862637639045715,0.16298821568489075,0.07402194291353226,0.8527411222457886,1.1516234874725342,1.1861226558685303,1.6564701795578003,2.705587148666382,5.348794460296631,7.158156394958496,6.852367401123047,8.439157485961914,12.840457916259766,13.074102401733398,15.267230033874512,16.8277587890625,17.816089630126953,15.99915885925293,3.7663586139678955
0.019287109375,-0.07958285510540009,-0.1365342140197754,-0.169978067278862,0.08224894106388092,-0.03952778875827789,-0.17995133996009827,0.21732553839683533,0.09973591566085815,0.06800645589828491,0.18342000246047974,0.007642537355422974,-0.5138969421386719,0.1626681089401245,-1.04451322555542,-1.2870010137557983,-1.3683760166168213,-1.571425437927246,-1.7702912092208862,-3.111306667327881,-4.880265235900879,-6.125828742980957,-3.285792827606201,-4.808738708496094,-3.465416431427002,-0.9879908561706543,0.06323564052581787,-3.2227158546447754,-2.0883355140686035
0.050537109375,0.32275718450546265,0.20949381589889526,0.30857351422309875,0.49208852648735046,0.5291212201118469,0.3738666772842407,0.29273393750190735,0.6124923825263977,0.28504833579063416,0.26722627878189087,0.2701852023601532,0.8205758333206177,0.7878831624984741,0.632080614566803,0.5017702579498291,0.2556186318397522,0.4658045172691345,1.4361293315887451,-1.1981011629104614,-1.2993721961975098,-1.0576883554458618,0.316744327545166,-0.9013514518737793,0.886014461517334,1.3068137168884277,1.664777159690857,0.5690675377845764,1.3027031421661377
-0.0101318359375,0.21268756687641144,0.09654420614242554,0.02540195733308792,0.5798673629760742,0.36884063482284546,0.3000684678554535,0.17888718843460083,0.2836119830608368,0.4038265347480774,0.512426495552063,0.07772648334503174,-1.0006184577941895,-0.9801688194274902,-0.6665884256362915,-0.16232553124427795,-0.058608733117580414,-0.5895724296569824,-2.2238192558288574,-1.9400227069854736,0.4499906301498413,-3.3895153999328613,-5.1154465675354,-6.4944634437561035,-4.9104814529418945,-1.0841784477233887,0.7248668074607849,1.3164234161376953,0.6267874836921692
-0.0196533203125,-0.019306018948554993,0.20435363054275513,0.03927614539861679,0.1457746922969818,0.021485909819602966,0.05699698626995087,0.21242785453796387,0.0704135000705719,0.08310438692569733,-0.3479986786842346,-0.15012818574905396,0.5459705591201782,0.15810778737068176,0.22341802716255188,0.7585784792900085,0.7757089138031006,1.012887954711914,0.7414790987968445,2.4238343238830566,3.0752158164978027,3.118370532989502,6.2562761306762695,4.753774166107178,4.958581924438477,5.349975109100342,1.8505080938339233,1.3823057413101196,0.20419490337371826
0.041015625,-0.38304659724235535,-0.32955512404441833,-0.2744410037994385,-0.0525105744600296,0.25531435012817383,-0.28272944688796997,-0.09485511481761932,-0.19876785576343536,0.006736546754837036,0.42062216997146606,0.06342554092407227,-0.5820059180259705,0.037338197231292725,0.1932533085346222,0.7311545014381409,0.7078864574432373,1.7156623601913452,2.438295602798462,2.4728097915649414,2.1698598861694336,3.0614893436431885,1.610360860824585,1.3985018730163574,1.9999127388000488,5.234591484069824,3.0955276489257812,2.5733981132507324,0.3636283278465271
-0.01422119140625,0.09574662148952484,0.05310340225696564,0.26736173033714294,0.4271945655345917,0.49896469712257385,0.4889795184135437,0.06653088331222534,0.3017216920852661,0.48562631011009216,0.5610187649726868,0.1412416696548462,-0.17023202776908875,0.2514078915119171,0.009686499834060669,-0.747164785861969,-0.3918550908565521,-0.806769609451294,-0.674159586429596,-0.15356189012527466,-0.264390230178833,2.0453689098358154,5.27497673034668,8.583856582641602,7.860504150390625,6.76174783706665,5.245637893676758,6.343023777008057,0.7599286437034607
-0.0546875,0.05760173499584198,0.034599874168634415,0.09694597125053406,0.13905110955238342,0.095061294734478,0.027372077107429504,0.13785186409950256,0.018436886370182037,-0.1190078854560852,0.2227507084608078,0.03815297782421112,-0.44294166564941406,-0.23147141933441162,-0.4755336046218872,-0.08804917335510254,0.17243318259716034,0.4725181460380554,0.25531286001205444,-0.9489988088607788,-1.1376674175262451,-0.055233001708984375,-1.9798568487167358,1.0401196479797363,-0.914406418800354,-1.3985928297042847,-1.2451152801513672,-3.1326370239257812,-0.2663135826587677
-0.0257568359375,0.04182535409927368,0.3885746896266937,0.04705536365509033,-0.15047842264175415,-0.08714920282363892,0.12363085150718689,-0.31053799390792847,-0.16251595318317413,-0.06738651543855667,-0.18079258501529694,-0.5931892395019531,-0.8965304493904114,-0.675891637802124,-0.655643880367279,-0.7355467081069946,-1.2021892070770264,-0.7935456037521362,-0.9704711437225342,-0.9531892538070679,-1.6922633647918701,-1.46266770362854,-1.646493911743164,-1.6627118587493896,-1.5450334548950195,-1.8616522550582886,-1.4260730743408203,-5.134426593780518,-0.3052673935890198
0.048828125,-0.11722466349601746,-0.08984360098838806,-0.2912009358406067,-0.12338751554489136,0.4161558747291565,0.6877298355102539,0.548258900642395,0.4439876973628998,0.3623504638671875,0.3671025335788727,0.023553788661956787,-0.24900159239768982,0.033904820680618286,-0.6385531425476074,-0.6893860101699829,-1.5825886726379395,-2.224349021911621,-2.2189383506774902,-2.7031519412994385,-3.4194822311401367,-2.9022316932678223,-0.6524600982666016,-1.0670197010040283,-1.2416722774505615,-0.7735368609428406,-6.361151695251465,-9.125632286071777,-2.512254476547241
0.03466796875,0.2992493212223053,0.2498653531074524,0.2998887896537781,-0.07380896806716919,-0.07343707978725433,-0.4954036772251129,-0.24045634269714355,-0.09799018502235413,-0.165593683719635,-0.1162995770573616,-0.3615477383136749,0.14846321940422058,0.15014700591564178,-0.04248230159282684,-0.08647282421588898,-0.6715211868286133,-0.48963165283203125,-0.9647520780563354,-1.4634721279144287,-1.144371747970581,-1.2041668891906738,0.8052713871002197,1.121773600578308,0.4266897439956665,0.988619863986969,-2.5689187049865723,-8.389557838439941,-3.190943717956543
0.029296875,-0.1501244157552719,0.08589296787977219,-0.21568460762500763,-0.4626981019973755,-0.2430243194103241,0.06748434156179428,-0.4526751637458801,-0.2773568034172058,-0.332153856754303,0.1717405617237091,0.12045630812644958,-0.29732826352119446,-0.45415595173835754,-0.8128526210784912,-1.2560412883758545,-0.6536365747451782,0.1534508466720581,0.9368199706077576,0.8365148901939392,0.14016073942184448,1.2543985843658447,5.960362911224365,6.97988224029541,7.034111976623535,7.613481521606445,9.080095291137695,10.26064395904541,1.2111895084381104
-0.000667572021484375,0.224953755736351,0.19635698199272156,0.4447133541107178,0.4024163782596588,0.36990153789520264,0.41689279675483704,-0.058382242918014526,0.2713050842285156,0.21963126957416534,0.028772063553333282,-0.4618520736694336,-0.8550657033920288,-0.6177871227264404,-0.24804037809371948,-0.010780811309814453,-0.07775040715932846,0.04417099058628082,1.0543572902679443,-1.3017290830612183,-0.985668957233429,1.6049004793167114,-0.15758919715881348,-2.6205761432647705,0.3722116947174072,-2.1648013591766357,1.139807939529419,2.727912187576294,1.3525745868682861
-0.0284423828125,0.2819575071334839,0.18725791573524475,0.2174718677997589,0.2193167805671692,0.028577759861946106,-0.42817312479019165,-0.2935551404953003,-0.4163050651550293,-0.6426395177841187,-0.579743504524231,-0.6410455703735352,-1.1186038255691528,-0.669357180595398,-1.1573631763458252,-0.5657240748405457,-0.6718130111694336,0.38411134481430054,-0.3514631390571594,-1.2278366088867188,-1.0015747547149658,-0.5274128913879395,0.020192503929138184,-1.0293165445327759,0.14003151655197144,2.433657169342041,7.375313758850098,6.225018501281738,2.4694504737854004
0.006744384765625,0.13724112510681152,0.09921763837337494,0.13685831427574158,-0.12478038668632507,-0.17108160257339478,-0.0014186948537826538,0.48501795530319214,0.23295904695987701,0.5787332057952881,0.273243248462677,0.5083292126655579,0.9677236080169678,0.09858858585357666,-0.6889759302139282,-0.905447244644165,-1.194663166999817,-0.38647735118865967,0.004818946123123169,-1.4669331312179565,-1.7392717599868774,1.0434157848358154,3.3118743896484375,5.219785690307617,4.880267143249512,9.860530853271484,9.72640323638916,12.002808570861816,2.681513547897339
-0.00194549560546875,-0.08750931918621063,-0.04508669674396515,0.2951871454715729,0.3389693796634674,0.08259318768978119,-0.08983493596315384,0.20257727801799774,0.1488865613937378,0.0605618953704834,0.2716986835002899,-0.6228888034820557,-0.42661893367767334,-0.4826483726501465,-0.25574997067451477,-0.07756161689758301,-0.7449832558631897,-2.263385534286499,-0.9141182899475098,0.6398196816444397,-0.13488349318504333,0.6608794331550598,4.161787986755371,4.923847675323486,4.5980424880981445,1.8478150367736816,4.44088077545166,1.3813467025756836,0.3410590589046478
-0.01708984375,-0.15278251469135284,0.0494236946105957,0.27471721172332764,-0.16843846440315247,-0.04956923425197601,0.4195238947868347,0.2408788949251175,0.5993936657905579,0.5676063299179077,0.28781235218048096,0.46258604526519775,-0.2546033263206482,-0.10801583528518677,-0.22234560549259186,0.3371623158454895,-0.13025397062301636,0.21402069926261902,-0.009758532047271729,-1.1411197185516357,-3.567232608795166,-2.786710739135742,-2.5290024280548096,-5.366396427154541,-2.7704081535339355,-2.670285701751709,-0.1775987148284912,-1.9442073106765747,-0.4775634706020355
-0.0189208984375,-0.06896010041236877,-0.10684603452682495,-0.15966030955314636,-0.26211491227149963,-0.302991658449173,0.010275691747665405,-0.08646578341722488,-0.22076910734176636,-0.15314996242523193,-0.7485136985778809,-0.06286290287971497,-0.1900162398815155,-0.09737185388803482,-0.07544951140880585,-0.23328810930252075,-0.03170028328895569,-0.3755246102809906,-1.1861611604690552,0.4379841089248657,0.4782693386077881,1.7305022478103638,4.283943176269531,5.798597812652588,3.1259377002716064,2.7556090354919434,4.331249713897705,8.168264389038086,0.2069406807422638
-0.011474609375,0.020671777427196503,-0.026959199458360672,-0.0031245946884155273,-0.08577650040388107,0.01222459226846695,-0.12020447850227356,-0.1490657776594162,0.03693148493766785,0.14400815963745117,0.01479870080947876,0.4687497615814209,0.7048346400260925,0.33089524507522583,-0.1476811170578003,0.11120074987411499,0.13431358337402344,0.06745737791061401,-0.7974047660827637,-0.8063384890556335,-0.028533071279525757,-0.6206002235412598,-0.5924152135848999,-2.496426582336426,-3.220177412033081,-1.4376661777496338,0.47183799743652344,-1.5503357648849487,-1.060490608215332
-0.0159912109375,0.0362728089094162,0.13589954376220703,0.11054381728172302,0.2122626155614853,0.052531853318214417,0.05609552562236786,-0.3895014524459839,0.17943689227104187,-0.5037524700164795,-0.15855062007904053,0.19897761940956116,-0.32389184832572937,-0.2832834720611572,-0.3776260018348694,-0.1182829737663269,0.24345463514328003,0.025070741772651672,1.3503743410110474,2.3462142944335938,5.401066780090332,11.092255592346191,10.077521324157715,7.712018966674805,6.523707389831543,3.5269277095794678,3.8000855445861816,3.654768228530884,0.5677894353866577
-0.057373046875,-0.24809756875038147,-0.33196598291397095,-0.33691322803497314,-0.5733728408813477,-0.5534401535987854,-0.6246230602264404,0.1717522144317627,0.08749885857105255,0.2665569484233856,0.7329674363136292,1.3834710121154785,1.2966030836105347,0.9906511306762695,0.40541964769363403,0.8899388313293457,0.25584113597869873,0.2295035719871521,-0.7313365936279297,-1.0060698986053467,-2.8340373039245605,-2.077362298965454,-4.904462814331055,-3.041940450668335,-3.460184335708618,-3.546947956085205,-7.120418548583984,-5.730154037475586,0.19875028729438782
-0.0264892578125,-0.183273047208786,-0.032484427094459534,-0.14853554964065552,-0.24777483940124512,-0.41348448395729065,-0.37970301508903503,-0.3415711224079132,-0.37751322984695435,0.24824640154838562,-0.011190295219421387,-0.5980284214019775,-0.12550516426563263,-0.3252534568309784,0.2258877456188202,0.41735750436782837,0.048789024353027344,0.9926820993423462,-0.6748435497283936,-0.5276524424552917,-1.5418704748153687,-3.0210039615631104,-3.9632511138916016,-4.604072570800781,-4.159520626068115,-3.079481601715088,-3.582453489303589,-4.0571184158325195,-0.5547292828559875
0.001373291015625,0.15274649858474731,0.16059792041778564,0.05279551446437836,-0.17269855737686157,-0.0518876276910305,-0.23586171865463257,-0.042341411113739014,0.04548239707946777,-0.05105108022689819,-0.13314011693000793,0.08641345798969269,-0.18002495169639587,-0.6666332483291626,-1.1248599290847778,-1.230736494064331,-2.0275230407714844,-1.3418703079223633,-1.4335862398147583,-2.2038984298706055,-2.4745893478393555,-3.8762145042419434,-2.3035354614257812,-0.765618085861206,-0.018535494804382324,0.48711395263671875,0.9642271399497986,4.952065944671631,-0.5121256709098816
0.0194091796875,0.014404337853193283,-0.045022908598184586,0.2136305272579193,0.579062819480896,0.06467655301094055,0.38780444860458374,0.27669036388397217,0.285529226064682,0.5229895114898682,0.5474118590354919,0.20570030808448792,0.3188379406929016,-0.5100610256195068,-0.9703866243362427,-0.6594423055648804,-0.8917385339736938,-0.308982253074646,-0.7470683455467224,0.47148045897483826,1.2776122093200684,3.078918218612671,3.82578182220459,3.6730713844299316,3.672177791595459,7.225263595581055,11.396652221679688,11.876998901367188,2.00508713722229
-0.0220947265625,0.040138453245162964,0.1506347805261612,0.15459182858467102,0.13135528564453125,-0.07581178098917007,-0.31530582904815674,-0.08157803118228912,0.20104748010635376,0.2960624694824219,-0.20893505215644836,0.2717057466506958,-0.1302356719970703,-0.0313616544008255,0.2946926951408386,0.23379772901535034,-0.45862239599227905,-0.09690603613853455,-0.2198059856891632,-1.726507544517517,-0.2733868956565857,0.026213228702545166,-1.8701962232589722,-1.0464091300964355,-3.732625961303711,-4.443611145019531,-9.764307022094727,-6.013967514038086,-0.486284464597702
-0.0031890869140625,-0.10224214941263199,-0.16111306846141815,-0.17761735618114471,-0.21008886396884918,-0.01997530460357666,-0.143230140209198,-0.910664439201355,-1.2802507877349854,-1.3409404754638672,-1.4295997619628906,-1.1792919635772705,-0.4980194568634033,-0.6013399362564087,-0.1157992035150528,0.41538888216018677,-0.09383928775787354,0.5937514305114746,-1.0922478437423706,-0.5794578790664673,-1.0173419713974,-0.8410567045211792,0.10263329744338989,0.6501737236976624,-1.2180947065353394,-4.253576755523682,-8.214334487915039,-7.368764400482178,-1.2675750255584717
-0.0279541015625,0.017980467528104782,-0.20243781805038452,-0.2522158622741699,0.3563215732574463,0.27865350246429443,0.11139343678951263,0.4423491954803467,0.264137327671051,0.34916961193084717,-0.005447834730148315,-0.2738651931285858,0.5732928514480591,0.7655184268951416,0.7422119379043579,0.6975728869438171,0.7390117645263672,1.3810228109359741,1.635678768157959,0.19119977951049805,-0.3048390746116638,-1.219070315361023,-0.5266945362091064,1.436798334121704,5.012625217437744,6.177154541015625,4.201185703277588,3.662243604660034,1.2740461826324463
0.0201416015625,0.053455084562301636,0.08721994608640671,0.07475506514310837,-0.34182849526405334,-0.1770380139350891,0.45176759362220764,0.3348485827445984,-0.00654524564743042,-0.05580134689807892,0.5156254768371582,-0.09489986300468445,-0.1493624746799469,-0.45931315422058105,-0.6019957065582275,-0.34534332156181335,-0.684103786945343,0.5063002705574036,-1.3663278818130493,-0.942001223564148,-3.5927791595458984,-4.968587398529053,-6.753053188323975,-6.698888301849365,-3.918732166290283,-5.610509872436523,-6.944425582885742,-6.201926231384277,-0.3484121859073639
-0.053955078125,0.20272883772850037,0.12279793620109558,0.042873356491327286,0.15391188859939575,0.12165088206529617,-0.5371203422546387,-0.20677444338798523,0.08290645480155945,-0.17806708812713623,-0.060350820422172546,0.2209824025630951,0.27367180585861206,-0.1693265438079834,-0.6167837381362915,0.17405331134796143,0.38589927554130554,0.28806740045547485,0.2738952040672302,-0.07980838418006897,1.4810781478881836,2.5275206565856934,3.8870832920074463,0.5299191474914551,1.6652240753173828,-1.7352769374847412,-0.8574011325836182,0.8909376263618469,0.6753213405609131
-0.0380859375,0.01885998249053955,-0.10722458362579346,-0.05489855259656906,-0.25988394021987915,-0.0028367340564727783,0.14982827007770538,-0.1361655294895172,-0.08827464282512665,-0.48442342877388,-0.03526175022125244,-0.23974017798900604,0.4675949811935425,0.3227875232696533,0.39739763736724854,0.060688287019729614,-0.014945536851882935,0.6763321161270142,0.7013111114501953,-0.4932566285133362,-2.041959524154663,-2.073390483856201,-0.007125377655029297,-3.803206205368042,-4.473393440246582,-5.49661111831665,-4.386603832244873,-9.779115676879883,-3.560145854949951
0.047119140625,0.1753377616405487,0.019029080867767334,0.16512325406074524,0.1337953805923462,0.13500869274139404,0.1644110083580017,0.29448390007019043,0.56015944480896,0.7688241004943848,0.9792715311050415,1.3983068466186523,1.343473196029663,1.0712471008300781,1.0056639909744263,0.9493338465690613,1.6195197105407715,1.1733283996582031,3.751220226287842,3.4099910259246826,5.2472381591796875,7.051461696624756,8.142280578613281,9.474122047424316,6.461341857910156,8.258720397949219,2.947582721710205,0.6626026630401611,0.9760185480117798
0.01019287109375,0.06523050367832184,0.1175108402967453,-0.1746029555797577,0.6962108016014099,-0.07228487730026245,-0.11756367236375809,-0.7266659736633301,-0.6866878867149353,-0.18260163068771362,0.06026151776313782,-0.2456665337085724,-0.10460177063941956,-0.4922782778739929,-0.08323642611503601,-0.4333290159702301,-0.08863312005996704,-0.33545368909835815,1.597996473312378,2.371018886566162,3.1155993938446045,6.376718044281006,5.148247718811035,1.1428205966949463,2.9423656463623047,0.6944994926452637,2.730078935623169,-1.4716031551361084,-0.2118156999349594
0.01806640625,-0.003239870071411133,0.013852119445800781,-0.0632602721452713,0.038702525198459625,-0.3858930468559265,-0.17741912603378296,0.15421482920646667,0.2679401636123657,-0.02416253089904785,-0.19029250741004944,0.12124714255332947,0.8128029108047485,1.073575735092163,0.9920406937599182,0.8920894861221313,1.4936350584030151,0.6861771941184998,-0.47525715827941895,-0.9510668516159058,-1.5675562620162964,-1.6420495510101318,-4.850429534912109,-2.6436004638671875,-3.0876307487487793,0.3074185848236084,-2.884209632873535,-0.8629828691482544,-0.4512385129928589
0.0184326171875,0.16777491569519043,0.01559474691748619,0.015158385038375854,0.10052837431430817,-0.01426766812801361,-0.15361861884593964,-0.21579259634017944,0.4559553265571594,0.9721357226371765,0.5180134773254395,1.1785331964492798,0.9185794591903687,0.9986447095870972,1.6677460670471191,1.2810627222061157,1.3631235361099243,2.0781710147857666,2.7573392391204834,1.7160388231277466,3.775338888168335,3.037219524383545,6.88197135925293,4.338595867156982,4.453168869018555,1.916830062866211,4.699728012084961,4.451866149902344,1.770219087600708
0.00384521484375,0.14694243669509888,0.09234267473220825,0.08608173578977585,0.33321240544319153,-0.03148725628852844,0.032388776540756226,-0.15404920279979706,0.31190723180770874,0.283682256937027,0.7249802350997925,1.2718037366867065,1.3269253969192505,0.7689870595932007,0.6079406142234802,0.2887760400772095,0.5363945960998535,0.025899112224578857,1.323506474494934,2.283506393432617,2.7381057739257812,2.208181858062744,5.0875163078308105,4.379263401031494,5.126256942749023,10.831369400024414,14.035226821899414,15.301037788391113,4.315857887268066
0.00860595703125,0.015264436602592468,0.007438812404870987,-0.037254732102155685,0.09023796021938324,0.06250416487455368,-0.07162778824567795,-0.31633687019348145,0.46001505851745605,0.42376095056533813,0.4870345890522003,-0.003662005066871643,-0.48066186904907227,-0.4820501208305359,0.08063608407974243,-0.17926764488220215,-0.7579819560050964,-2.2167787551879883,-0.930040717124939,-0.8789533376693726,-1.7694159746170044,-0.6181424260139465,3.272840976715088,2.513512134552002,0.5999622344970703,0.20829355716705322,0.805774986743927,3.3701889514923096,-0.005747362971305847
-0.052978515625,-0.015736199915409088,-0.11668072640895844,-0.0375722199678421,0.3944847881793976,0.2609335482120514,-0.21058489382266998,0.010174155235290527,0.3336411416530609,-0.15328019857406616,0.1224716305732727,0.18135403096675873,0.6008075475692749,0.38972601294517517,0.1083490252494812,-0.4998847246170044,-0.30733180046081543,-0.9127790927886963,-0.12151539325714111,0.6067595481872559,0.7448465824127197,1.5534971952438354,1.7572284936904907,0.3980693817138672,-0.5872951745986938,-3.7428646087646484,-6.781350612640381,-5.707450866699219,-0.44206658005714417
-0.00909423828125,0.10158072412014008,0.01904766634106636,-0.011044498533010483,0.1950172632932663,-0.007205560803413391,0.01495620608329773,0.2431706190109253,0.29335838556289673,-0.24287807941436768,-0.44667384028434753,-0.17256098985671997,-0.7046457529067993,-0.4636669456958771,-0.335819274187088,0.011173740029335022,-0.468627393245697,-0.883676290512085,-0.10403871536254883,0.7980906963348389,-1.8314810991287231,-4.063144683837891,-2.108053207397461,2.0412533283233643,2.9024171829223633,-0.09385061264038086,-1.811094880104065,0.2115262746810913,0.30218857526779175
0.022216796875,-0.05385735630989075,-0.19964569807052612,-0.13733305037021637,-0.15649373829364777,-0.08755166828632355,-0.08262848854064941,-0.05030577629804611,-0.10908320546150208,-0.1999109387397766,-0.11575329303741455,-0.17014768719673157,-0.23164935410022736,-0.5913260579109192,0.0977904200553894,0.12319445610046387,0.9169789552688599,2.214756727218628,1.8742319345474243,-0.6046004295349121,-1.0372250080108643,0.645551860332489,-0.8239174485206604,-2.349975109100342,-2.8702759742736816,0.5646746158599854,-0.44373655319213867,-1.7138071060180664,-0.12467988580465317
0.0218505859375,0.2336920201778412,0.14950087666511536,-0.16681307554244995,-0.3129159212112427,0.09818434715270996,-0.20985618233680725,-0.2587242126464844,-0.1990426480770111,0.09138736128807068,-0.048427335917949677,-0.012154102325439453,0.1154741644859314,0.29828089475631714,0.5102603435516357,0.3844306468963623,0.47987574338912964,0.048860788345336914,-0.9123542904853821,0.8279374241828918,1.7853827476501465,1.8526263236999512,1.4835829734802246,2.5511670112609863,2.919851064682007,6.560573577880859,5.556183815002441,8.165068626403809,1.6651060581207275
-0.031494140625,0.05178321525454521,-0.039398834109306335,-0.12836118042469025,-0.06507959216833115,-0.052705757319927216,-0.585618793964386,-0.7469285726547241,-0.41461145877838135,-0.2183711677789688,-0.40696924924850464,-0.030847735702991486,0.2524912655353546,0.21371054649353027,0.7883307933807373,0.8067922592163086,0.8253717422485352,1.9878830909729004,1.403166651725769,2.267014503479004,-0.2784872055053711,-2.564535140991211,-5.7968339920043945,-6.3307647705078125,-8.586639404296875,-4.4618425369262695,-7.667294025421143,-11.553238868713379,-3.580920696258545
-0.00112152099609375,-0.08389706164598465,-0.027707792818546295,-0.04051845520734787,0.20962324738502502,0.13088573515415192,0.08395876735448837,0.24080511927604675,0.3925720751285553,0.0195809006690979,0.16994759440422058,-0.7005155086517334,-0.4433062672615051,-0.20802921056747437,-0.22850051522254944,-0.1673658788204193,-0.36580508947372437,0.20977000892162323,0.03713744878768921,0.8101404309272766,0.21693170070648193,-1.2637052536010742,-4.897221088409424,-2.908918619155884,-1.6416771411895752,-0.8399757742881775,4.8961334228515625,9.444377899169922,2.208024263381958
0.02978515625,0.07732724398374557,0.06553678214550018,0.30375540256500244,0.18644660711288452,0.1736319661140442,0.3328621983528137,0.423147976398468,0.7942906022071838,0.17369571328163147,0.28215864300727844,0.26914191246032715,0.39118289947509766,-0.1468939483165741,-0.5104752779006958,-0.8456756472587585,0.04450178146362305,-0.8205897808074951,0.4695930778980255,0.9064225554466248,2.1429221630096436,2.5729947090148926,3.2827329635620117,0.5406680107116699,-0.6360377073287964,0.5396385192871094,1.6023011207580566,-1.4571731090545654,-1.119698166847229
-0.0228271484375,-0.29516538977622986,-0.05135904252529144,0.08233627676963806,-0.1626739501953125,-0.17984679341316223,0.3341805338859558,0.21918684244155884,0.4606279134750366,0.41616904735565186,0.027753636240959167,0.20590633153915405,0.36701828241348267,0.025243982672691345,1.106326937675476,1.0288439989089966,0.5045900344848633,2.29655385017395,3.5520901679992676,3.8052024841308594,5.816056728363037,4.825547218322754,4.665526866912842,5.467158317565918,6.068753719329834,4.116520881652832,5.560421943664551,5.312992572784424,1.267067313194275
0.029052734375,0.02904452383518219,0.05410672724246979,-0.03881720080971718,0.24301402270793915,0.21652863919734955,0.4036821722984314,0.40522122383117676,-0.004350125789642334,0.4033697545528412,0.5171767473220825,0.5455467700958252,0.7653839588165283,0.6742238402366638,0.6160175800323486,0.2260626256465912,0.34319910407066345,-0.09478002786636353,-0.5139726400375366,0.2607141137123108,0.09090495109558105,0.12593191862106323,-0.737599790096283,-1.2972753047943115,-4.9769721031188965,-7.294167518615723,-14.290548324584961,-16.106157302856445,-2.9640555381774902
0.0322265625,0.2470274567604065,0.09679372608661652,0.035033050924539566,0.07170213013887405,0.12707793712615967,-0.062119290232658386,0.40518495440483093,0.3618704676628113,0.31581437587738037,0.45980238914489746,1.0628751516342163,0.4446464776992798,0.4608065187931061,0.49735227227211,-0.06679698824882507,-0.2118835747241974,0.38624781370162964,-0.015638411045074463,-0.13074654340744019,0.9234590530395508,1.7367079257965088,2.0585062503814697,3.600123882293701,3.460885524749756,1.924560785293579,1.9831691980361938,2.4518380165100098,1.0993903875350952
-0.0498046875,0.26734432578086853,0.21618273854255676,0.05693991109728813,0.1468256413936615,0.16931501030921936,0.08041134476661682,0.11281417310237885,0.10373447835445404,0.01393834501504898,0.19399571418762207,0.6150702238082886,-0.11797711253166199,0.4939611554145813,0.5456013679504395,0.4509733319282532,0.4091159701347351,0.2882584035396576,0.860323429107666,1.4817076921463013,-1.7398409843444824,-2.474707841873169,0.5369279384613037,-1.2930183410644531,0.6483478546142578,-0.6202041506767273,2.3083395957946777,2.1349873542785645,1.469631314277649
-0.0194091796875,-0.26797744631767273,0.0046064406633377075,-0.17707955837249756,-0.4845823645591736,-0.13451829552650452,-0.33748114109039307,-0.3430877923965454,-0.2630650997161865,-0.23428089916706085,-0.9527521729469299,-1.0758578777313232,-1.2259269952774048,-1.1815135478973389,-1.2371214628219604,-1.5369517803192139,-1.2131798267364502,-0.5559283494949341,-1.3785710334777832,-1.8864424228668213,-1.6110485792160034,-1.9141134023666382,-1.0116186141967773,-0.3122354745864868,-1.3429713249206543,3.264183759689331,3.8908019065856934,1.3017258644104004,0.3726247251033783
-0.006317138671875,-0.0037416741251945496,0.1570369303226471,0.44083064794540405,0.6109511852264404,0.5209391117095947,0.6478075981140137,0.3439910113811493,0.11181312799453735,0.03526371717453003,0.008232437074184418,-0.16128510236740112,-0.47995525598526,0.28075677156448364,1.0198692083358765,0.7730468511581421,0.7182372808456421,0.9139182567596436,0.28992003202438354,-0.07731330394744873,-0.6756547689437866,-2.2628095149993896,-1.0937626361846924,-2.2059435844421387,-0.5395493507385254,-0.748558521270752,1.2970478534698486,1.4861595630645752,-0.17926025390625
-0.01519775390625,0.07523074001073837,-0.027050524950027466,0.004129171371459961,0.4625714123249054,0.10771059989929199,-0.21425437927246094,-0.48770177364349365,-0.309282124042511,-0.33457130193710327,-0.4593011736869812,-0.35143375396728516,0.05608221888542175,0.38968220353126526,0.7567127346992493,0.6482378244400024,0.9228047132492065,2.276705026626587,3.3618149757385254,1.5548498630523682,2.93668270111084,4.63969612121582,7.756315231323242,5.623147964477539,4.736776351928711,5.389059066772461,5.454412460327148,3.2218239307403564,1.5882296562194824
-0.0126953125,0.07021171599626541,0.009116947650909424,0.12986326217651367,-0.212809219956398,-0.22221451997756958,-0.033993691205978394,0.4173503816127777,0.41074928641319275,0.0534060001373291,-0.002031296491622925,-0.18149642646312714,0.16064143180847168,-0.5443943738937378,-0.8164205551147461,-1.3353173732757568,-0.7080250382423401,-1.2064166069030762,-2.2245001792907715,-3.412189483642578,-3.3329811096191406,-2.250555992126465,-4.158183574676514,-3.9938623905181885,-3.6715028285980225,-3.254516124725342,-2.99426007270813,-6.407411098480225,-0.8062545657157898
-0.043701171875,0.15023356676101685,0.22153612971305847,0.2875645160675049,0.3068508505821228,0.1468394696712494,-0.10515066981315613,-0.12889519333839417,0.03882336616516113,0.3083909749984741,-0.4605681896209717,-0.668613076210022,-0.9531668424606323,-0.8946327567100525,-0.28882724046707153,-0.6453696489334106,-0.45879799127578735,-0.43390601873397827,0.2118169069290161,1.5062063932418823,2.584928512573242,0.8584351539611816,4.784554958343506,0.7616174221038818,0.1246480941772461,-1.862635850906372,4.370901584625244,3.1559267044067383,0.7426362037658691
0.0086669921875,-0.19538366794586182,-0.10604609549045563,-0.25867801904678345,-0.08095529675483704,-0.050765469670295715,0.34776997566223145,0.32864052057266235,0.29383206367492676,0.6067347526550293,0.18852579593658447,0.23225557804107666,0.31566375494003296,-0.22764742374420166,-0.437448114156723,-0.7174477577209473,-1.081066370010376,-0.5782252550125122,-0.32644739747047424,-0.40717148780822754,-0.5342965126037598,-0.915535569190979,-3.777397871017456,-5.729925632476807,-3.067385196685791,0.6592872142791748,0.9368364214897156,-2.6736886501312256,0.7830146551132202
-0.04052734375,0.08748109638690948,-0.13955752551555634,0.010516166687011719,-0.09396591037511826,0.2166765034198761,-0.02205759286880493,-0.5523220896720886,-0.5020775198936462,-0.601464033126831,-0.1856425404548645,-0.19045349955558777,-0.6512182354927063,-0.8695124387741089,-1.1339998245239258,0.002457916736602783,-0.26223504543304443,0.6503713726997375,0.9664855003356934,0.5473772287368774,1.83730149269104,0.44532257318496704,3.380293369293213,0.9928977489471436,0.7470712661743164,-3.2349443435668945,-4.554862976074219,-4.50251579284668,-1.047584056854248
-0.03564453125,-0.03458783030509949,-0.06762969493865967,-0.17861518263816833,-0.07475604116916656,-0.02962350845336914,-0.496570885181427,-0.47203683853149414,-0.20977193117141724,-0.18442681431770325,-0.7660927772521973,-0.8825310468673706,-0.7295407056808472,-0.6719614267349243,0.37587231397628784,0.21163088083267212,-0.042376160621643066,0.45298075675964355,-0.3436216115951538,1.4562370777130127,1.19535231590271,0.4639618396759033,2.0824036598205566,-0.8257555961608887,-4.653468132019043,-5.449267387390137,-9.916296005249023,-12.444708824157715,-2.457721471786499
0.006134033203125,0.22734881937503815,0.11388467252254486,-0.0014045760035514832,-0.00013175606727600098,0.23262493312358856,-0.31363445520401,-0.22590652108192444,-0.5082241296768188,-0.2364514023065567,-0.1548551321029663,-1.761317253112793e-05,0.002585075795650482,0.7475013732910156,0.4828793406486511,0.26473885774612427,0.4604855179786682,-0.1958404779434204,0.06821292638778687,-0.7560893893241882,-0.40587496757507324,1.2395024299621582,-1.0045579671859741,0.7389661073684692,0.8185224533081055,3.8248138427734375,4.406707763671875,2.829843282699585,1.1783535480499268
-0.00579833984375,0.13443759083747864,0.1455317586660385,0.1938195377588272,0.5472114086151123,0.21737250685691833,0.5042225122451782,0.8629320859909058,0.4775082767009735,0.26134192943573,0.1404678225517273,-0.44502806663513184,-0.2765003442764282,-0.1005018949508667,0.09283514320850372,0.4665248990058899,-0.14915508031845093,0.09029418230056763,1.5674505233764648,4.008701324462891,3.7464303970336914,5.091169357299805,5.9910807609558105,7.452627182006836,9.549871444702148,7.131566524505615,8.855084419250488,11.891887664794922,3.8951451778411865
-0.0196533203125,-0.07986355572938919,0.03393620252609253,-0.007802590727806091,0.23799334466457367,-0.05875188112258911,-0.09581480920314789,0.2694098949432373,0.08774542808532715,0.10709025710821152,-0.3550998270511627,0.12085209786891937,0.24635185301303864,0.05538201332092285,-0.42719483375549316,0.3922171890735626,-0.4206984043121338,0.09241491556167603,-0.07004570960998535,2.3042855262756348,2.9670982360839844,1.5807491540908813,1.6828944683074951,2.6621623039245605,4.099488258361816,2.716933012008667,6.143023490905762,4.523192882537842,1.3344285488128662
-0.033203125,0.047459676861763,0.32838428020477295,0.28857389092445374,0.5658806562423706,0.5856151580810547,0.5320109128952026,0.06033879518508911,0.045127466320991516,0.3412299156188965,0.22548864781856537,1.0855648517608643,-0.27143460512161255,-0.33439773321151733,-0.26269447803497314,-0.8696043491363525,-0.7550262212753296,-1.245376467704773,-1.2925242185592651,-2.506929636001587,-1.620079517364502,-3.4184250831604004,-5.0799360275268555,-5.597952842712402,-3.302769184112549,-6.260878562927246,-3.1340718269348145,-4.153618335723877,-0.8357600569725037
0.00482177734375,-0.13389532268047333,-0.27148979902267456,-0.14988115429878235,-0.14489871263504028,-0.11647409200668335,0.31392279267311096,0.12163183093070984,0.394978404045105,0.69527268409729,0.6970827579498291,0.6752541065216064,0.42017555236816406,0.055390745401382446,0.13339447975158691,0.5459803342819214,0.23386017978191376,0.6036267280578613,1.6391780376434326,1.1544982194900513,4.447134971618652,6.468865871429443,8.758428573608398,8.278219223022461,11.059952735900879,9.52923583984375,9.448131561279297,10.947265625,1.5909576416015625
0.0003337860107421875,0.13389267027378082,-0.12811626493930817,0.1922454535961151,0.3182831406593323,0.2651538848876953,0.2877069413661957,-0.1824628710746765,-0.1698874980211258,0.1348598599433899,0.046241432428359985,-0.2038942277431488,-0.8194050192832947,-0.7770407795906067,-0.757688045501709,-0.238963782787323,-0.9729198813438416,-0.7310464978218079,-0.499014675617218,0.7285478115081787,0.29729270935058594,0.38613736629486084,-0.6539790630340576,0.3475005030632019,2.457160472869873,3.12203311920166,2.9275574684143066,5.526113510131836,2.0266010761260986
0.0201416015625,0.05677060782909393,-0.035271234810352325,-0.08817042410373688,-0.10299713909626007,0.2403612732887268,0.35268497467041016,0.41184109449386597,0.1687215268611908,0.20277678966522217,0.0855751484632492,-0.018180981278419495,-0.4444829821586609,-0.27420565485954285,-0.3195258378982544,-0.18389104306697845,-1.1442224979400635,-0.15574371814727783,-0.3026147782802582,-1.2775052785873413,-2.401075839996338,-3.4298665523529053,-5.598896503448486,-6.992321968078613,-7.840885162353516,-10.132181167602539,-14.919102668762207,-10.164937973022461,-2.9870352745056152
-0.0230712890625,-0.18833738565444946,-0.06207612156867981,0.08926352858543396,-0.24341672658920288,-0.25247722864151,-0.2582400143146515,-0.46618273854255676,-0.4438663125038147,-0.5116458535194397,-0.1732187569141388,-0.31244269013404846,-0.37792858481407166,-0.3816182613372803,-0.48294711112976074,-0.3850043714046478,-0.8784855604171753,-2.253779888153076,-2.2295074462890625,-2.0768074989318848,-5.049788475036621,-5.578178405761719,-4.8905720710754395,-6.3215107917785645,-6.1853556632995605,-5.666405200958252,-6.283738136291504,-7.945333957672119,-2.1407458782196045
-0.01318359375,0.1617496907711029,0.2947140038013458,0.03328467905521393,0.4111969470977783,0.3418988585472107,-0.1257004737854004,-0.2029196321964264,-0.3206411600112915,-0.06446918845176697,0.07901796698570251,-0.29972219467163086,0.1704358160495758,-0.1160089373588562,0.028543829917907715,0.5689868330955505,0.05139493942260742,-0.5398198962211609,-0.605780839920044,-0.5142952799797058,-0.6920623183250427,-3.973416805267334,-6.27744197845459,-4.988546371459961,-4.68218994140625,-6.610550880432129,-8.17634391784668,-12.52238941192627,-2.323845863342285
-0.0081787109375,-0.1338910162448883,-0.06088478863239288,0.044127922505140305,0.16946767270565033,-0.17422470450401306,-0.06823676824569702,0.20173531770706177,0.012058883905410767,0.04583890736103058,-0.2204279601573944,-0.5270802974700928,0.23368674516677856,0.05685211718082428,0.5635584592819214,-0.2040838897228241,-0.28813064098358154,-1.0718045234680176,-1.6666383743286133,-1.104454517364502,-3.465367317199707,-4.010883331298828,-6.0375165939331055,-6.564870834350586,-4.405492782592773,-1.1652607917785645,-2.76680850982666,-3.014490842819214,-0.056763455271720886
-0.039306640625,-0.17558211088180542,0.010707348585128784,0.09852734208106995,0.03068658709526062,-0.05320969969034195,-0.37877315282821655,-0.24647089838981628,-0.22735977172851562,-0.1782236397266388,-0.3194240629673004,-0.4431658983230591,-0.16164463758468628,-0.3729136288166046,-0.007771939039230347,-0.670961856842041,-1.3747608661651611,-0.7218625545501709,-2.4793241024017334,-1.7910902500152588,1.7462645769119263,0.7658331990242004,2.7676174640655518,2.9437501430511475,2.139326572418213,1.3233153820037842,0.5933306217193604,-0.8014240264892578,-0.5093895792961121
0.055908203125,0.0964534729719162,0.21100082993507385,0.27621233463287354,0.3228560984134674,0.3436738848686218,0.17540238797664642,0.6607591509819031,0.5532941818237305,0.2659013271331787,-0.42221349477767944,-0.17927491664886475,-0.02214270830154419,-0.8153589367866516,-0.6135616302490234,-0.9005575180053711,0.39990857243537903,-0.023840904235839844,1.1067991256713867,-1.1078425645828247,-1.1610125303268433,1.1287811994552612,1.548835277557373,5.025651931762695,6.621572494506836,7.359638214111328,3.4306788444519043,1.659141182899475,0.36865025758743286
0.01434326171875,0.089923195540905,-0.1658114492893219,-0.22607235610485077,-0.12908902764320374,-0.22175484895706177,0.05987520515918732,0.23057910799980164,0.3831569254398346,-0.32730257511138916,0.1495121419429779,-0.3557184934616089,-0.10411185026168823,0.17351490259170532,0.31962451338768005,0.3291366994380951,0.02706959843635559,0.14374800026416779,0.5313596725463867,0.2508695423603058,1.5781822204589844,1.6699678897857666,-0.046396732330322266,-1.0944706201553345,-2.2235922813415527,-3.9967854022979736,-5.500482082366943,-5.205984115600586,-0.6006749272346497
0.007080078125,0.296480655670166,0.16867220401763916,0.03225189447402954,0.3282163739204407,0.05912874639034271,-0.171600341796875,-0.08571571856737137,0.1177670881152153,-0.04790274053812027,0.3605688810348511,-0.12829935550689697,-0.09296153485774994,-0.4629577398300171,-0.310934454202652,0.1329142451286316,0.512304425239563,0.08951443433761597,1.3729994297027588,3.2317087650299072,6.165502548217773,5.4947404861450195,3.722980499267578,5.142443656921387,4.12012243270874,6.613711357116699,3.2405545711517334,1.7354707717895508,0.9595659375190735
0.000400543212890625,0.0372626930475235,0.07184109091758728,0.2087821066379547,0.6846992373466492,0.6001885533332825,0.6922122240066528,0.6950681209564209,0.490955114364624,0.9122205376625061,1.048556923866272,1.7216075658798218,1.4313511848449707,1.3832252025604248,1.5136622190475464,2.1232619285583496,2.681271553039551,2.315573215484619,2.973217487335205,3.3674585819244385,8.255622863769531,10.094209671020508,10.685196876525879,10.471210479736328,8.163949966430664,8.186554908752441,10.653149604797363,11.050933837890625,1.8360259532928467
-0.0267333984375,-0.06856365501880646,-0.13239870965480804,-0.2625420093536377,-0.4236752390861511,-0.31070995330810547,-0.21802644431591034,-0.0929424911737442,0.09990707039833069,-0.30472904443740845,0.22612690925598145,-0.2135775089263916,0.04042769968509674,0.2537553012371063,0.381062388420105,-0.2620622515678406,0.23646357655525208,0.7632355093955994,1.1559274196624756,2.0396833419799805,-0.8781201839447021,-2.689436435699463,-5.03713321685791,-5.844425201416016,-10.176259994506836,-7.058945655822754,-10.269759178161621,-10.58448600769043,-3.3437650203704834
0.0042724609375,0.023110590875148773,0.13567277789115906,-0.0010843724012374878,0.5790568590164185,0.6666474938392639,0.8936817049980164,0.8489717245101929,0.7284811735153198,0.5560342669487,0.20412752032279968,0.7444179058074951,1.013511061668396,-0.14816832542419434,-0.024865567684173584,0.5792363882064819,-0.1814652681350708,0.2159060388803482,-0.7625938057899475,-0.1251261830329895,0.7012941837310791,0.3589237928390503,2.3264598846435547,0.6647664308547974,3.976346969604492,5.561522483825684,4.905383110046387,1.9506406784057617,0.8906011581420898
0.0390625,0.07639983296394348,0.03122100979089737,-0.1692199409008026,-0.18647494912147522,-0.3064306080341339,-0.16864942014217377,-0.05836428701877594,0.09980529546737671,0.27531999349594116,-0.12435893714427948,-0.05259573459625244,-0.16405609250068665,-0.41580647230148315,-0.2487623393535614,0.14617183804512024,0.48407599329948425,-0.1747734248638153,-0.9185381531715393,-2.413811206817627,-0.8865973949432373,-2.401238441467285,-4.149496078491211,-5.792963027954102,-7.530228614807129,-10.004680633544922,-11.61474895477295,-8.728643417358398,-3.6073102951049805
-0.01226806640625,0.019028790295124054,0.05883532017469406,0.1391938030719757,-0.012531593441963196,-0.2322939932346344,0.18470758199691772,0.1594957560300827,-0.2574149966239929,-0.41109299659729004,-0.45020025968551636,-0.3938201069831848,-0.7437229156494141,-0.7263094186782837,-0.33186522126197815,-0.6437892913818359,0.20735037326812744,0.9976239800453186,2.804147481918335,2.1935970783233643,3.538956642150879,3.720646381378174,2.735142707824707,2.329190254211426,0.417003870010376,0.49932432174682617,1.8168275356292725,2.0527291297912598,1.345529556274414
0.027587890625,0.15182478725910187,0.23368534445762634,0.14834348857402802,0.2600882053375244,0.22463709115982056,0.4088577926158905,0.2279091477394104,0.3496512770652771,0.8142640590667725,0.43222576379776,0.34723275899887085,-0.17599701881408691,-0.3839121460914612,0.09923797845840454,0.147952139377594,0.1620507836341858,0.7272073030471802,0.8637280464172363,2.1133341789245605,1.4349136352539062,2.903982162475586,1.9945813417434692,3.2696452140808105,4.869779109954834,1.9652314186096191,2.966285228729248,1.9665896892547607,1.6522687673568726
0.0206298828125,-0.017475377768278122,-0.046359289437532425,-0.163205087184906,0.20017029345035553,0.2306458055973053,-0.5124806761741638,-0.10343575477600098,-0.3362911343574524,-0.3347991108894348,-0.35389095544815063,-0.24619102478027344,-0.5180209279060364,-0.17331567406654358,-0.7620165348052979,-1.2660472393035889,-1.349165678024292,-0.8819676041603088,-0.3619113564491272,-3.249241590499878,-5.167610168457031,-5.383468151092529,-1.517702579498291,-4.895443916320801,-4.629770278930664,-7.832636833190918,-9.729788780212402,-10.983137130737305,-3.072464942932129
0.021240234375,-0.12089122831821442,0.022975504398345947,0.1868150234222412,0.5582886934280396,0.3111400902271271,0.38488996028900146,0.16476185619831085,0.2885322570800781,0.2732429504394531,0.2347920536994934,0.7848265171051025,0.41176632046699524,-0.14725282788276672,0.15169236063957214,0.2989743947982788,0.47392070293426514,-0.5001453161239624,0.133603036403656,0.06551793217658997,-0.1507474184036255,1.8223917484283447,-1.6029958724975586,0.5538532733917236,5.945732593536377,8.210506439208984,6.743271827697754,4.96378231048584,1.0849915742874146
-0.03173828125,0.0707235336303711,0.20782244205474854,0.34941932559013367,0.06395959854125977,-0.16567671298980713,-0.09431113302707672,-0.12285028398036957,-0.4890100359916687,0.005028069019317627,-0.6577298045158386,-1.0310544967651367,-1.1117963790893555,-0.7561930418014526,-1.2997075319290161,-1.0036555528640747,-1.004699468612671,-1.3416475057601929,-2.2597837448120117,-4.228143215179443,-2.947246551513672,-3.003178596496582,-2.8717567920684814,-0.9098957777023315,-2.3193860054016113,0.9972583055496216,1.218475341796875,-4.6751203536987305,-2.733804225921631
-0.00408935546875,-0.001873428001999855,0.11642445623874664,0.13560202717781067,0.05570899695158005,-0.09467953443527222,0.1004369854927063,-0.01684129238128662,0.2598172426223755,-0.27356064319610596,-0.2078237682580948,-0.21103744208812714,-1.1832612752914429,-1.6605545282363892,-0.7335236072540283,-1.5156686305999756,-2.0783798694610596,-3.163640022277832,-2.8984737396240234,-3.62127685546875,-5.912944793701172,-5.903676509857178,-3.8786110877990723,-2.079747438430786,-3.388733386993408,-5.951375961303711,-1.71885347366333,-1.5002577304840088,-0.8398500084877014
-0.029541015625,-0.04358585923910141,0.014686033129692078,0.1416534185409546,0.14065754413604736,-0.17659872770309448,0.46666982769966125,0.4229317605495453,0.24189454317092896,0.28878331184387207,0.042006492614746094,-0.45585721731185913,-0.45019596815109253,0.11779248714447021,0.3422706425189972,-0.10682222247123718,0.30246400833129883,-0.3973131775856018,0.22618624567985535,0.925879955291748,-0.6001853942871094,-1.1658576726913452,-0.12910926342010498,-1.3418306112289429,-0.11557877063751221,-4.848092079162598,-3.584016799926758,-0.45346546173095703,0.838628888130188
-0.016357421875,0.0320899523794651,0.013454336673021317,0.07996634393930435,0.6081300377845764,0.3819088339805603,0.6084579229354858,0.6605846881866455,0.4472918212413788,0.49483340978622437,0.6110638380050659,0.3058518171310425,0.9009965658187866,0.8006495237350464,0.5848228335380554,0.31381750106811523,0.7249755859375,1.7378549575805664,0.577079176902771,-1.604965329170227,-1.5776431560516357,-2.7676823139190674,1.9133243560791016,-1.3777790069580078,0.5083049535751343,1.4734866619110107,3.671496868133545,1.456209659576416,1.4540373086929321
0.03857421875,-0.08681157231330872,-0.19736871123313904,-0.17914718389511108,-0.1962842345237732,-0.2698482871055603,-0.7069609761238098,-0.07018730044364929,-0.24108043313026428,-0.4044899344444275,-0.8498440980911255,-0.6962738037109375,-1.0760961771011353,-0.5960602164268494,-0.8001033067703247,-0.6751509308815002,-0.5267934203147888,-0.07357776165008545,0.02732902765274048,-0.6440616250038147,3.02105975151062,4.405344009399414,3.5666563510894775,5.5973029136657715,6.316075325012207,8.9435453414917,9.467342376708984,8.724113464355469,1.9428036212921143
0.0010986328125,0.1608932763338089,-0.049337491393089294,-0.0454607754945755,-0.05117425695061684,-0.004786834120750427,0.1466408520936966,-0.1318228542804718,-0.1545703113079071,0.09540438652038574,0.06438103318214417,0.4687141180038452,-0.13242536783218384,-0.07310788333415985,0.13873805105686188,0.2394651621580124,-0.049887895584106445,-0.9719893336296082,-2.345623016357422,1.197643756866455,-0.8021478652954102,2.5032849311828613,0.1050562858581543,-0.7250097990036011,-0.83283531665802,-1.0718199014663696,-2.419541835784912,-5.883809566497803,-0.9911800026893616
-0.017822265625,-0.1421128213405609,-0.23262277245521545,-0.08656607568264008,-0.06164799630641937,0.008385367691516876,0.17889469861984253,-0.3340614438056946,0.07216697931289673,-0.3251804709434509,-0.7363638281822205,0.19240468740463257,0.8293321132659912,1.122668981552124,1.3557215929031372,0.7994581460952759,1.4150700569152832,1.2562918663024902,1.5821952819824219,3.416621208190918,3.3514673709869385,3.344252586364746,5.575903415679932,7.469939231872559,8.654288291931152,6.213351249694824,6.87815523147583,4.495534420013428,1.38494873046875
0.05810546875,0.03701706975698471,0.004544474184513092,-0.015534806996583939,0.1469767987728119,-0.34372133016586304,-0.5533044338226318,-0.3394613564014435,-0.12266366928815842,0.07447808980941772,0.01967582106590271,0.40020954608917236,0.5663286447525024,0.3294607400894165,0.3081512451171875,0.3134080469608307,0.6644605398178101,0.943044900894165,-0.23358258605003357,-1.1392208337783813,-0.6246582269668579,1.2637454271316528,-2.386488914489746,-1.8721067905426025,-1.6869539022445679,0.5924177169799805,1.4012994766235352,3.0895841121673584,1.0150624513626099
0.01019287109375,-0.17833212018013,-0.3523100018501282,-0.27219903469085693,-0.38535141944885254,-0.30473217368125916,0.27096521854400635,0.2831348478794098,-0.05692178010940552,0.14310261607170105,-0.3856061100959778,-0.42336541414260864,0.39138180017471313,0.47800374031066895,-0.04728659987449646,0.1848587542772293,-0.34949642419815063,-0.37849804759025574,-0.8616746068000793,-1.0780446529388428,-1.4102816581726074,-2.5036277770996094,0.3065757751464844,-1.1736772060394287,-0.4636654257774353,-2.067047357559204,-5.539737701416016,-0.2226428985595703,-0.7950511574745178
-0.04541015625,-0.22072219848632812,-0.15135757625102997,-0.0897744670510292,0.10301300883293152,0.40619826316833496,0.12115478515625,0.031157352030277252,-0.22112871706485748,0.22178834676742554,-0.30590561032295227,0.23851919174194336,0.009894967079162598,0.2624082565307617,0.05095738172531128,-0.4117095470428467,0.4298429489135742,1.2116899490356445,0.8279356360435486,1.5742604732513428,3.187335252761841,2.299180269241333,1.861617088317871,3.352458953857422,3.929060935974121,3.6856160163879395,3.2109789848327637,4.165961265563965,1.3752081394195557
-0.00885009765625,0.009120315313339233,0.05760996788740158,-0.14943698048591614,0.11363209784030914,0.17443276941776276,0.22302794456481934,0.12672309577465057,0.12424847483634949,0.2801629602909088,0.3506743013858795,0.1286425143480301,0.621886134147644,0.2309044599533081,-0.24095824360847473,0.11260420083999634,0.27149641513824463,-0.8072940707206726,-0.1358262300491333,1.0972322225570679,1.2769336700439453,2.3883986473083496,0.7201762199401855,1.9379221200942993,1.8072515726089478,1.286129117012024,1.9585177898406982,-0.10837453603744507,-1.6244360208511353
0.016357421875,0.05375554412603378,0.22938834130764008,0.03235261142253876,0.005072161555290222,-0.22487668693065643,0.0026744529604911804,-0.07745423913002014,0.34873703122138977,-0.01380281150341034,-0.2755672037601471,0.406979501247406,0.2529367208480835,0.1863977611064911,0.10850794613361359,0.6655660271644592,-0.023982644081115723,1.0867677927017212,1.7429652214050293,0.9079586863517761,-2.8299882411956787,-2.8363587856292725,-0.3179738521575928,-4.546107292175293,-3.366746425628662,-8.499961853027344,-16.147640228271484,-12.3425931930542,-2.854384183883667
0.0439453125,0.014016829431056976,-0.14257584512233734,-0.3131434917449951,-0.2301611602306366,-0.2867169976234436,-0.6875211000442505,-0.2373192310333252,-0.5525538921356201,-0.48538070917129517,-0.2319377064704895,-0.2749202847480774,-0.43072885274887085,-0.670647919178009,-0.39232921600341797,0.06403093039989471,-0.5139567852020264,-0.5247266292572021,-2.4100465774536133,-1.8886626958847046,-2.4646308422088623,-1.5865923166275024,-5.054195404052734,-3.293593645095825,-4.449923515319824,0.7504501342773438,-5.687643527984619,-4.243811130523682,0.054439809173345566
0.047607421875,-0.07083004713058472,0.07103293389081955,-0.05744250863790512,-0.2941790223121643,0.11948591470718384,0.3400036692619324,0.1096196174621582,-0.09835733473300934,-0.2884005904197693,-0.22595299780368805,0.48168450593948364,0.6492795944213867,-0.052793264389038086,-0.24646013975143433,-0.32722944021224976,-0.7272205948829651,-0.7705866694450378,-0.316153347492218,-2.3022186756134033,0.15630602836608887,1.8437119722366333,2.59930419921875,2.447192430496216,2.9790666103363037,3.2669851779937744,7.743176460266113,7.803426265716553,1.333225965499878
-0.007354736328125,-0.06402332335710526,0.05912313610315323,0.05219319835305214,0.17767328023910522,0.29258742928504944,-0.025569453835487366,-0.4631608724594116,-0.20634782314300537,-0.29096880555152893,-0.28907617926597595,-0.10797455906867981,0.04674267768859863,0.6632055044174194,0.3791746199131012,0.7438783049583435,0.06471556425094604,0.032613590359687805,1.8471335172653198,2.406719207763672,1.5005805492401123,0.6864332556724548,0.8367525339126587,2.0686841011047363,0.028293967247009277,-1.1543631553649902,-2.044769763946533,-2.4793319702148438,-0.695665717124939
-0.025146484375,0.02081312984228134,-0.027394503355026245,-0.224575936794281,-0.2033761739730835,0.14718593657016754,0.4611736834049225,0.4923116862773895,0.4266318082809448,0.177787184715271,0.3359373211860657,0.5027832388877869,0.09566079080104828,-0.031188614666461945,-0.558157205581665,-0.3456326723098755,-0.12800472974777222,-0.8220733404159546,-1.5761889219284058,-2.0382871627807617,-2.428968906402588,-1.7389994859695435,-0.4374469518661499,0.4363059997558594,2.248533248901367,-0.9947414398193359,3.799649238586426,0.058718204498291016,-0.11925447732210159
0.043701171875,-0.04456909000873566,-0.11677924543619156,0.03167453408241272,-0.48519212007522583,-0.4382867217063904,-0.6302354335784912,-0.8200203776359558,-0.5885233283042908,-0.3500863313674927,-0.15676337480545044,0.10979998111724854,0.24485191702842712,-0.07701440155506134,0.9318920373916626,0.05541372299194336,-0.8005369305610657,-0.4783565104007721,-1.0153530836105347,-1.449738621711731,-1.8481147289276123,-2.174669027328491,0.8160586357116699,2.2110767364501953,1.901261568069458,3.435697555541992,4.846843719482422,4.6630167961120605,1.4277241230010986
0.024169921875,0.03290873020887375,0.14353352785110474,-0.044412076473236084,0.23444494605064392,0.32501789927482605,0.5486475825309753,0.2478601336479187,0.197500541806221,0.2009599357843399,0.5840058326721191,0.5462927222251892,0.5644799470901489,0.6134141683578491,1.0502915382385254,0.5139938592910767,0.2103714942932129,0.27208927273750305,-0.6978693008422852,-0.8619888424873352,-1.771758794784546,-5.200605392456055,-6.1999897956848145,-7.660143852233887,-5.9117326736450195,-3.1848134994506836,-3.8547818660736084,-6.528232574462891,-2.3332316875457764
-0.00616455078125,-0.43586266040802,-0.21411171555519104,-0.1352163851261139,0.1728641390800476,-0.15054060518741608,-0.04080042243003845,-0.11452019959688187,-0.46117183566093445,-0.2448732703924179,-0.6566802263259888,-0.8155404925346375,-0.2607726454734802,-0.3097948431968689,-0.12906384468078613,0.5783575773239136,0.4007697105407715,0.2047959566116333,-0.6968533992767334,-1.2586411237716675,-2.168375015258789,-0.6408838033676147,1.869338035583496,2.6846115589141846,2.8995518684387207,0.8493983745574951,1.0365270376205444,2.772831916809082,0.7732477188110352
0.0380859375,-0.10588008165359497,0.0014491826295852661,-0.16801755130290985,0.0752829909324646,-0.06407685577869415,0.0698898583650589,0.34510838985443115,-0.05509039759635925,0.01449596881866455,-0.2999674379825592,-0.1279233992099762,0.8342281579971313,1.0568896532058716,1.0436725616455078,0.6884759664535522,1.1947498321533203,2.9116382598876953,2.5230019092559814,3.2480554580688477,3.0126075744628906,0.721167802810669,3.2269206047058105,5.880334854125977,5.390702247619629,5.23042106628418,3.2122459411621094,0.2084026336669922,0.21332761645317078
-0.0228271484375,0.05332876741886139,0.04334503039717674,0.13631674647331238,-0.018831521272659302,0.05091653764247894,0.1300407350063324,-0.22557000815868378,-0.17494076490402222,-0.5736799836158752,-0.42594069242477417,-0.6831188201904297,-0.6041749119758606,-0.5570012927055359,-0.321979284286499,-0.6490012407302856,-0.4134862720966339,-0.5183022022247314,-0.26031678915023804,-0.4034340977668762,2.397538185119629,-0.7206838130950928,-3.9168543815612793,-3.33048677444458,-4.687511920928955,-2.4492669105529785,-0.8648979663848877,-2.356579303741455,-0.6633108258247375
0.0167236328125,-0.0358428955078125,-0.26239508390426636,-0.39103496074676514,-0.4038894474506378,-0.1922791302204132,-0.2555774450302124,0.11234733462333679,0.3455016613006592,0.44282668828964233,0.49954497814178467,0.4003022611141205,0.5035426616668701,-0.5261972546577454,-0.33736392855644226,0.5977421998977661,1.19370698928833,0.9658383131027222,1.140376329421997,-0.10297536849975586,-2.531161308288574,-3.978372097015381,-4.942327976226807,-6.611296653747559,-7.37127685546875,-7.621073246002197,-13.166967391967773,-14.576581001281738,-3.0319275856018066
0.0203857421875,0.28288331627845764,0.25064972043037415,0.22109362483024597,0.6019363403320312,0.5488110184669495,0.18352627754211426,0.029945313930511475,0.07072238624095917,0.1511017382144928,0.05969959497451782,0.5261883735656738,-0.4945905804634094,-0.4552639126777649,-0.9268215894699097,-0.688935399055481,-1.0545402765274048,-1.5452468395233154,-0.40724867582321167,2.279322385787964,1.6712915897369385,2.056074380874634,1.1813527345657349,5.546696662902832,4.907876014709473,7.917705535888672,5.6608734130859375,12.048042297363281,2.5040578842163086
0.00787353515625,0.11022396385669708,0.12709683179855347,0.08495774865150452,-0.1881643533706665,-0.2883184850215912,-0.14518456161022186,-0.5646973848342896,-0.5059158802032471,-0.05223211646080017,0.2413257658481598,0.5312314629554749,0.06344844400882721,0.10768230259418488,0.24326768517494202,0.056574270129203796,0.9961375594139099,-0.09176462888717651,0.1880149394273758,-1.3649871349334717,0.9337433576583862,2.3372957706451416,3.489393711090088,2.762587308883667,1.3386434316635132,4.196683883666992,7.543530464172363,5.321377754211426,2.1351022720336914
-0.034912109375,0.03129568696022034,0.12122611701488495,-0.018342800438404083,0.13914096355438232,0.24462738633155823,-0.1860223412513733,0.37369516491889954,0.20846742391586304,0.7836392521858215,0.7744247317314148,1.104173183441162,0.5900602340698242,0.7540204524993896,1.0790669918060303,1.4208508729934692,1.2892184257507324,1.2189230918884277,0.44214963912963867,1.511017084121704,0.2872777581214905,2.02872633934021,-1.5352076292037964,0.3897041082382202,-0.9836792349815369,-3.082526206970215,-2.43822979927063,1.8074383735656738,0.8326016068458557
-0.05029296875,0.11415378749370575,0.01239338144659996,-0.10186538100242615,0.40307164192199707,0.09290079772472382,0.2304508239030838,0.24935810267925262,0.03261694312095642,0.5826934576034546,0.9162193536758423,0.8230117559432983,0.8618513941764832,0.23254770040512085,0.35611075162887573,0.4726881682872772,0.860821545124054,0.5545440912246704,0.9496495723724365,1.0731333494186401,-1.3749339580535889,-3.08689546585083,2.5270652770996094,3.6610653400421143,0.8373949527740479,1.8618407249450684,5.207758903503418,4.560824871063232,1.9889309406280518
-0.06982421875,-0.14874133467674255,-0.13910521566867828,-0.1485641598701477,0.11696992069482803,-0.18409523367881775,-0.10802450031042099,-0.35604971647262573,0.124686598777771,0.3188703954219818,0.4627845287322998,0.7420827150344849,-0.04776778817176819,-0.02781534194946289,0.1905580461025238,-0.47619885206222534,0.2547374367713928,0.08007171750068665,-0.3662358522415161,-0.111361563205719,-0.3939339816570282,-2.425131320953369,-3.3114657402038574,-5.9520673751831055,-3.8550198078155518,-0.7991049289703369,2.691714286804199,9.027225494384766,1.2367156744003296
0.05224609375,-0.15036144852638245,-0.0523969866335392,-0.05394074693322182,-0.35764455795288086,0.064881831407547,0.47953271865844727,0.19017209112644196,0.1831577718257904,-0.0442754328250885,-0.12307600677013397,-0.010268345475196838,-0.4331190586090088,-0.4138229489326477,-0.327475368976593,-0.08886408805847168,0.14640891551971436,0.6941770911216736,0.3624466061592102,1.780942678451538,0.6941906213760376,-0.35530710220336914,-1.8952679634094238,-1.9429806470870972,-3.2051615715026855,-2.1010186672210693,-0.33715367317199707,0.8530745506286621,0.9120789766311646
0.02978515625,-0.10613800585269928,-0.18939444422721863,-0.05753631144762039,-0.09767292439937592,0.14443719387054443,-0.34477847814559937,-0.3242238461971283,-0.6862795948982239,-0.6378056406974792,-0.2652696967124939,-0.33276599645614624,0.029754310846328735,-0.49565589427948,-0.7015256881713867,-0.41166794300079346,-0.3681725263595581,0.44697505235671997,1.4450149536132812,2.877293348312378,2.759718179702759,-0.8623385429382324,-3.7683422565460205,-3.923907995223999,-4.699371814727783,-5.667093276977539,-2.2006828784942627,0.5441865921020508,0.3326375186443329
-0.03271484375,-0.18712173402309418,-0.34693005681037903,-0.31393200159072876,-0.3752232789993286,-0.2951982617378235,-0.19234910607337952,-0.5447263121604919,-0.15943306684494019,-0.39246243238449097,-0.395825058221817,-0.3207792043685913,0.07044076919555664,0.393966943025589,-0.1322859823703766,0.30374282598495483,-0.4893187880516052,-0.9423645734786987,-0.6639262437820435,-1.0745441913604736,-1.1772186756134033,-6.873387336730957,-8.344030380249023,-9.635929107666016,-10.852215766906738,-12.707855224609375,-12.692541122436523,-14.457977294921875,-3.3698432445526123
0.0201416015625,-0.12326005101203918,-0.14668750762939453,0.04092393070459366,-0.32180503010749817,-0.45473867654800415,-0.26393669843673706,-0.03186926245689392,-0.47183167934417725,-0.500956118106842,-0.5826784372329712,-0.07127189636230469,0.7720245122909546,0.8643712997436523,0.7095664143562317,-0.21686208248138428,-0.6620579957962036,-0.5774373412132263,-1.447120189666748,0.17741942405700684,0.7013041377067566,1.7580227851867676,-0.18601763248443604,0.702096700668335,4.790315628051758,3.24515700340271,-0.04348278045654297,-1.2867674827575684,-0.14332036674022675
0.006256103515625,0.024130821228027344,0.13849417865276337,0.19174279272556305,0.06602872908115387,-0.037100374698638916,-0.1288118213415146,0.06057138741016388,0.1463664472103119,0.49751704931259155,0.22203800082206726,0.4113546311855316,0.3003385066986084,0.538414478302002,-0.16130349040031433,0.05207429826259613,0.19460611045360565,-0.056245818734169006,-0.28691962361335754,-0.14233580231666565,1.381223440170288,1.322609543800354,6.499373435974121,6.598004341125488,3.323028802871704,7.256043434143066,9.14750862121582,8.516749382019043,2.31966495513916
-0.0024566650390625,0.08048607409000397,-0.12906821072101593,0.22257135808467865,0.16375601291656494,-0.02242213487625122,-0.08392255753278732,-0.5528964996337891,-0.26669591665267944,-0.3967735469341278,-0.059976667165756226,-0.3169853091239929,-0.059701353311538696,-0.15666069090366364,-0.19809181988239288,-0.4251624345779419,-0.6883853673934937,-0.15849721431732178,-0.08755654096603394,-0.7612766027450562,0.0059375762939453125,-2.4865734577178955,-0.5887913107872009,-2.6282753944396973,-3.4497017860412598,-0.556784987449646,-8.388315200805664,-7.881880283355713,-2.4553518295288086
0.0003814697265625,-0.047771159559488297,-0.04936997592449188,-0.04023345559835434,-0.23176604509353638,-0.25815191864967346,-0.6438751220703125,-0.56251460313797,-0.456657350063324,-0.45922017097473145,-0.26211756467819214,-0.05296206474304199,0.20314162969589233,0.5527103543281555,0.7833428382873535,0.8373454809188843,0.5888773798942566,1.3526298999786377,1.772571325302124,-0.0464896559715271,-1.3140045404434204,-2.0175836086273193,-1.6268696784973145,-1.5772266387939453,-2.9948997497558594,-7.1953349113464355,-6.176331520080566,-8.207063674926758,-1.3255138397216797
-0.039306640625,-0.058372944593429565,0.007860049605369568,0.14312843978405,0.21860861778259277,0.2810479402542114,0.6469008922576904,0.23723658919334412,-0.009962141513824463,-0.022946491837501526,-0.22245219349861145,-0.8000743389129639,-0.5312763452529907,-0.1981256604194641,-0.041951969265937805,0.1672290861606598,0.2588874101638794,0.4834233522415161,-0.07839441299438477,-0.44954580068588257,-0.10479265451431274,-2.3990273475646973,0.9076511859893799,2.247711658477783,4.418986797332764,6.536889553070068,8.855337142944336,8.567112922668457,1.858549952507019
-0.0135498046875,-0.27487295866012573,-0.15854978561401367,-0.14684699475765228,-0.6034550666809082,-0.5791797637939453,-0.38873180747032166,-0.4075582027435303,-0.13018164038658142,-0.2004760056734085,-0.33309441804885864,-0.11501087993383408,-0.2237536907196045,0.16022518277168274,-0.3602094054222107,-0.7984049916267395,-0.3282266855239868,-0.4442938566207886,0.8390252590179443,-0.9434996843338013,-1.3386728763580322,-4.61592435836792,-4.845090866088867,0.3680739402770996,0.299623966217041,-2.4956812858581543,-2.257528305053711,0.4168567657470703,-0.049141451716423035
0.003692626953125,0.18843048810958862,0.0715281069278717,-0.1881878823041916,0.1771114468574524,0.06865722686052322,-0.09718256443738937,0.03074818104505539,0.08840357512235641,-0.0023150667548179626,0.7659540176391602,0.8294786214828491,0.7984127998352051,0.5108538269996643,0.3577744960784912,0.6981177926063538,0.6301601529121399,0.04847726225852966,0.5963324308395386,0.6921926140785217,1.535569429397583,2.417214870452881,-0.22376465797424316,-2.882650136947632,-2.6394259929656982,-3.7543694972991943,-6.875383377075195,-3.351419448852539,-1.4198412895202637
-0.018310546875,0.2410154640674591,0.32496505975723267,0.014158308506011963,-0.14105089008808136,-0.19704705476760864,0.022615879774093628,-0.03496432304382324,0.0473201721906662,0.3715985119342804,-0.12803739309310913,0.1419333815574646,0.07069019973278046,-0.3768874406814575,-0.2817190885543823,-0.6711400747299194,-0.08743354678153992,-0.818779706954956,0.08821547031402588,-1.613709807395935,-0.0571138858795166,-1.6013550758361816,-3.5436925888061523,-5.085963249206543,-2.071038246154785,-5.998287200927734,-6.523979187011719,-4.471854209899902,-1.900877833366394
0.004608154296875,-0.16011826694011688,-0.04744254797697067,-0.06572272628545761,0.2115311324596405,-0.3128228783607483,0.061358481645584106,0.21427741646766663,-0.5209460258483887,-0.4720280170440674,-0.19632655382156372,0.13109946250915527,-0.09032155573368073,-0.15529319643974304,-0.38392317295074463,-0.10245820879936218,-0.7465527057647705,-1.1543501615524292,-1.7062022686004639,-2.9147379398345947,-3.6807360649108887,-4.080338478088379,-5.282881259918213,-7.232635974884033,-5.163641929626465,-1.7174506187438965,0.7350368499755859,-0.7178112268447876,-0.19913484156131744
-0.0303955078125,-0.12314975261688232,-0.272670716047287,-0.13280901312828064,-0.09231838583946228,0.13044707477092743,0.33248627185821533,0.12246556580066681,0.6789350509643555,0.5483967065811157,0.7936244010925293,0.4628605544567108,1.0613915920257568,0.676567018032074,0.8398948311805725,1.0797783136367798,1.5067639350891113,1.4152796268463135,1.5963457822799683,1.3546022176742554,3.2434329986572266,1.1805038452148438,4.388322353363037,3.405512809753418,6.447406768798828,3.9615471363067627,10.342974662780762,8.317465782165527,1.3804413080215454
0.01361083984375,0.20035602152347565,0.1068313866853714,-0.06340640783309937,0.19358816742897034,-0.08250036835670471,0.03731510043144226,0.5249307751655579,0.21264410018920898,0.2007657289505005,-0.30494362115859985,0.06697885692119598,-0.19196979701519012,-0.4526470899581909,-0.6247930526733398,-0.6486184597015381,0.09308260679244995,0.9954376816749573,-0.0640750527381897,1.7072203159332275,2.1210384368896484,1.547999620437622,6.100417137145996,5.238224983215332,7.595499038696289,7.314823627471924,6.249935626983643,4.041140556335449,0.9906429052352905
0.03515625,-0.04176568612456322,-0.01799716055393219,-0.24434804916381836,-0.41152244806289673,-0.1980116367340088,-0.1425023078918457,-0.1590249240398407,-0.2683570086956024,-0.8160873651504517,-0.31677860021591187,0.17063584923744202,0.521470844745636,0.38265347480773926,0.08210042119026184,0.5531686544418335,0.8335817456245422,1.7859559059143066,1.9750473499298096,2.269803047180176,2.412703037261963,1.7788407802581787,5.232265949249268,6.934804916381836,5.12371826171875,6.731293678283691,11.247847557067871,13.279141426086426,2.7879607677459717
-0.01397705078125,-0.02306974306702614,-0.008229263126850128,-0.18532440066337585,0.08656403422355652,-0.03457408398389816,0.09638717025518417,-0.26171088218688965,-0.04349644109606743,-0.5847551822662354,-0.6918327212333679,-1.0749775171279907,-0.41402116417884827,-0.3343978822231293,0.46318867802619934,0.16604283452033997,0.23633167147636414,-0.5781058073043823,-1.0666677951812744,-0.1158902645111084,0.048620983958244324,-2.409334421157837,-5.491170883178711,-6.561802864074707,-6.0479655265808105,-8.68946647644043,-10.361833572387695,-8.400574684143066,-1.110917091369629
0.0081787109375,-0.2208147943019867,-0.026029109954833984,0.04759673774242401,-0.04573225975036621,0.054553307592868805,0.1483747512102127,0.21101847290992737,0.2626070976257324,0.40041035413742065,0.33459562063217163,0.45311734080314636,0.8500077724456787,0.26917773485183716,0.7629741430282593,1.196190595626831,0.5326380729675293,1.469022274017334,2.83187198638916,1.5637154579162598,3.0325398445129395,3.784752130508423,7.7900261878967285,8.985416412353516,11.736477851867676,13.496376037597656,13.427995681762695,15.253055572509766,4.047818183898926
-0.013916015625,-0.038423553109169006,-0.11872655153274536,-0.0566299706697464,-0.10469252616167068,-0.23649509251117706,-0.09778979420661926,-0.2559871971607208,-0.47042471170425415,-0.473497599363327,-0.323973149061203,-0.24344898760318756,0.33503079414367676,0.588363766670227,0.44150280952453613,0.6433124542236328,0.17069289088249207,1.8029592037200928,1.455741286277771,2.130239248275757,-1.180487871170044,-0.7954065203666687,-7.125436782836914,-10.601188659667969,-9.695624351501465,-11.488632202148438,-12.570027351379395,-13.440807342529297,-3.7943098545074463
0.04296875,-0.23723390698432922,-0.02768462896347046,-0.1834535002708435,0.09598328173160553,0.08338789641857147,-0.36014166474342346,-0.43374693393707275,0.03928333520889282,0.2502608895301819,0.20425932109355927,-0.17081864178180695,-0.4455360770225525,0.03665947914123535,-0.006319224834442139,-0.2160470336675644,0.21029597520828247,0.5898999571800232,0.7992266416549683,3.748325824737549,2.752324342727661,5.598838806152344,3.1416804790496826,2.2098326683044434,1.2888178825378418,2.378920793533325,0.64002925157547,2.0656609535217285,0.08677726984024048
-0.01904296875,0.09997657686471939,-0.024197474122047424,-0.26792019605636597,-0.37930071353912354,-0.23712536692619324,-0.06294557452201843,0.2159971296787262,0.5100024342536926,0.39831286668777466,0.11682268977165222,0.8105798959732056,0.12358793616294861,-0.02040991187095642,0.1351921409368515,-0.12103305757045746,-0.21213826537132263,0.012424111366271973,-0.04833561182022095,-1.0183265209197998,0.6203274726867676,0.5524752736091614,1.368964672088623,-0.05013608932495117,0.21037322282791138,-1.7621427774429321,0.5623985528945923,1.5858993530273438,-0.3595910668373108
0.036376953125,0.38597118854522705,0.35922276973724365,0.45465752482414246,0.6083964109420776,0.6765775084495544,1.0696067810058594,0.7726630568504333,0.5362672805786133,0.46369996666908264,-0.02788090705871582,0.8692724704742432,0.9896728992462158,0.83498215675354,0.5952915549278259,0.5232840776443481,1.19064199924469,0.9078881740570068,0.8206835985183716,1.3474931716918945,3.0603203773498535,2.645962715148926,4.097985744476318,3.00085186958313,6.412240982055664,9.702802658081055,10.134698867797852,9.870659828186035,1.1882238388061523
0.03515625,0.036480337381362915,0.20210465788841248,-0.04740937054157257,0.36699381470680237,0.24385488033294678,0.4752958118915558,0.5832935571670532,0.8176960349082947,0.5542490482330322,0.7667549252510071,1.2066398859024048,1.246328592300415,0.5724095106124878,0.6079686880111694,0.04057350754737854,0.40754634141921997,1.0040128231048584,2.1250176429748535,3.1777493953704834,2.0297858715057373,4.452061176300049,8.921426773071289,11.14834213256836,12.514545440673828,12.424886703491211,11.435945510864258,8.415887832641602,2.8898708820343018
-0.03369140625,0.05492660403251648,0.1633952409029007,0.10158449411392212,0.10338196158409119,0.2082299143075943,0.12701568007469177,0.5400046110153198,0.08221626281738281,-0.29167699813842773,-0.5482454299926758,0.038334667682647705,-0.396954208612442,-0.769742488861084,-0.8622925281524658,-0.5374319553375244,0.1180756688117981,0.390177458524704,-0.9440348148345947,2.3241448402404785,-0.8199030160903931,-2.747774600982666,-1.8275729417800903,1.7606632709503174,-1.8555762767791748,-2.645047903060913,-1.3676512241363525,-1.133277416229248,-1.1201181411743164
-0.0177001953125,-0.4038843512535095,-0.4103272557258606,-0.3223610520362854,-0.2141019105911255,0.06719805300235748,-0.2660585045814514,-0.14620469510555267,-0.06460706889629364,-0.39467722177505493,0.025469645857810974,0.2215300053358078,1.020275354385376,0.47829335927963257,0.42840686440467834,0.1495242416858673,0.5675809383392334,0.22411119937896729,1.601279616355896,3.190972328186035,4.8274688720703125,6.771786689758301,5.365001201629639,4.263631820678711,4.433605670928955,5.779139041900635,4.463130474090576,3.1807894706726074,0.33737388253211975
-0.01007080078125,-0.10355669260025024,-0.04456993192434311,-0.05620909482240677,-0.29241180419921875,-0.500124454498291,-0.04926353693008423,-0.0677315890789032,0.26672691106796265,-0.31163233518600464,-0.2858768105506897,-0.3855908215045929,-0.2603251338005066,0.03576093912124634,0.3372628688812256,0.05549214780330658,-0.44632911682128906,-0.46586310863494873,-1.1678543090820312,-2.0233259201049805,0.04587197303771973,-0.3366272449493408,3.3078503608703613,1.8473073244094849,1.9084135293960571,3.1637661457061768,5.6248979568481445,7.199249267578125,1.5969798564910889
-0.01251220703125,0.04539966583251953,-0.03681416064500809,0.11616875231266022,0.1732083559036255,0.10091045498847961,-0.16494709253311157,0.15364950895309448,0.0371636301279068,-0.279580295085907,0.2606911361217499,0.6904993057250977,0.4023095965385437,0.33553415536880493,1.2884159088134766,0.8638244271278381,1.0379127264022827,0.9907059669494629,2.221318244934082,1.1879922151565552,3.486638069152832,1.6992201805114746,2.320089817047119,2.309791326522827,3.648890495300293,7.5464253425598145,6.154513359069824,7.8918232917785645,0.23300984501838684
-0.035400390625,0.10703366994857788,-0.0742744505405426,0.03625485673546791,0.0765981674194336,0.3161967992782593,0.7794243693351746,0.6056075096130371,0.37822869420051575,0.2627967894077301,0.7170838713645935,0.658577561378479,0.9585747122764587,0.28272169828414917,1.042814016342163,0.6539489030838013,1.62479567527771,1.8997342586517334,3.830573558807373,3.482349395751953,2.75471568107605,1.2789278030395508,-0.8433717489242554,-1.1514017581939697,-1.3078545331954956,-0.6385087966918945,1.292548656463623,3.153223752975464,0.6071695685386658
-0.02685546875,0.16774874925613403,-0.007371276617050171,-0.19253705441951752,-0.17204798758029938,0.04982593655586243,0.007285177707672119,-0.11086353659629822,0.04011698067188263,-0.3592837452888489,-0.3174346089363098,-0.4812736511230469,-0.6501460075378418,-1.0136839151382446,-1.1534734964370728,-0.7553562521934509,-1.33888840675354,-1.0957763195037842,0.03052002191543579,-0.7035152912139893,-2.9602749347686768,-1.77357816696167,-1.682358980178833,-0.7446401119232178,1.821424961090088,2.8197274208068848,5.155727386474609,2.852238655090332,1.4627057313919067
-0.004791259765625,0.13041189312934875,0.10965469479560852,0.2567402422428131,0.00042076408863067627,-0.030374735593795776,0.14593744277954102,0.35983359813690186,-0.09704247117042542,-0.4126802086830139,-0.47310858964920044,-0.6074718236923218,0.3894265294075012,0.19646218419075012,0.12991252541542053,0.02693796157836914,-0.5774005651473999,-0.3899114727973938,-2.320652484893799,-1.4520137310028076,-2.69417142868042,-3.406996726989746,-3.9355626106262207,-5.485147953033447,-6.746077537536621,-8.129749298095703,-6.137022972106934,-3.1842875480651855,-0.3181409239768982
0.00909423828125,-0.009978488087654114,0.20769616961479187,0.3840762972831726,-0.0750984251499176,0.012794554233551025,-0.1829744577407837,-0.1266912817955017,-0.35391443967819214,-0.16594965755939484,-0.778160035610199,-0.4168599843978882,0.7091691493988037,0.5630621314048767,0.43328744173049927,-0.373690128326416,0.18288350105285645,0.27201882004737854,0.998569130897522,-1.3641376495361328,-1.866400957107544,-3.564342975616455,-8.053384780883789,-11.656973838806152,-11.81558609008789,-14.310995101928711,-15.881651878356934,-20.940174102783203,-4.827314853668213
0.0208740234375,-0.000714719295501709,-0.14560985565185547,-0.025631919503211975,0.06340014934539795,0.2334766387939453,0.11466372013092041,0.1731497347354889,-0.12005139887332916,0.011044621467590332,0.1789500117301941,0.044292449951171875,-0.1392017900943756,0.2902527451515198,0.5525832176208496,0.5762173533439636,0.9017857313156128,-0.0883057713508606,-0.29169929027557373,-3.8787851333618164,-1.0660545825958252,0.6412250995635986,2.6573097705841064,0.09976530075073242,2.7253267765045166,1.4409759044647217,-2.2428183555603027,-4.610593318939209,-0.48739197850227356
-0.055908203125,-0.05644397437572479,-0.04512625187635422,0.03457746282219887,0.004512876272201538,-0.1702011525630951,0.05800195783376694,-0.10475995391607285,0.196417897939682,-0.20614846050739288,-0.3757793605327606,-0.42675137519836426,-0.6177547574043274,-0.05769455432891846,-0.48493093252182007,-0.45477819442749023,-0.49451732635498047,0.031170368194580078,-0.3471639156341553,-0.9853982925415039,0.15121322870254517,2.2306900024414062,0.9786070585250854,-1.8992215394973755,-1.8402310609817505,-1.2431079149246216,-2.37058687210083,-2.727552890777588,-1.947614312171936
-0.0140380859375,0.01719963550567627,-0.046141669154167175,0.1058107316493988,-0.09806554764509201,-0.014036208391189575,0.002448059618473053,-0.27503231167793274,0.17162087559700012,0.05212391912937164,-0.1359543800354004,0.08463233709335327,1.149781346321106,0.8078509569168091,0.3808637261390686,0.526435375213623,0.4269953966140747,0.20523738861083984,0.8619641065597534,0.904038667678833,1.8837921619415283,0.14886927604675293,0.9748619794845581,-0.45306408405303955,1.9969792366027832,-0.9055719375610352,-2.9248085021972656,-3.0401272773742676,-1.0408389568328857
-0.01361083984375,-0.15321561694145203,-0.285887748003006,-0.06142011284828186,0.10600723326206207,-0.07631242275238037,0.08684781193733215,-0.29421859979629517,0.029276281595230103,-0.007134526968002319,-0.6556955575942993,0.360057532787323,-0.32820942997932434,-0.4427355229854584,0.1299283504486084,0.3708098232746124,-0.5393305420875549,-1.0458996295928955,-1.420501470565796,-1.8593099117279053,-4.249331474304199,-3.5899386405944824,-4.144820690155029,-4.5022406578063965,-3.7144246101379395,-6.147295951843262,-6.688411712646484,-5.092016696929932,-1.3685215711593628
0.024658203125,-0.13551822304725647,-0.19616276025772095,0.030626893043518066,-0.28651535511016846,-0.14582788944244385,-0.4684804081916809,-0.40830427408218384,-0.3118003010749817,-0.2614632546901703,0.19132542610168457,0.12500324845314026,-0.3861045837402344,-0.2038644254207611,-0.4240541160106659,0.535092830657959,0.4048915505409241,0.9362666010856628,2.0909507274627686,0.09171104431152344,1.726395845413208,6.294523239135742,7.335424900054932,7.993379592895508,8.004203796386719,7.57269287109375,7.370542049407959,8.4699068069458,1.3533434867858887
0.0137939453125,0.1140088140964508,0.15701362490653992,0.2120177447795868,0.6340100765228271,0.14692676067352295,0.1901395469903946,0.00017651915550231934,-0.17170991003513336,-0.07147623598575592,-0.07334037125110626,0.5756514072418213,0.0745854377746582,0.3341960608959198,0.3603225648403168,-0.11701342463493347,-0.5981128215789795,-0.11327934265136719,0.24776020646095276,1.5328738689422607,4.41017484664917,3.6106419563293457,4.563056945800781,7.113173484802246,7.984499931335449,10.297113418579102,10.252080917358398,9.624202728271484,2.963027238845825
-0.0233154296875,0.32379209995269775,0.32564806938171387,0.1205652505159378,-0.1381503939628601,0.20849297940731049,0.2154042273759842,0.12672565877437592,0.4401426315307617,0.2720385789871216,0.4313824772834778,0.36064568161964417,1.1951932907104492,1.0896660089492798,0.9261072874069214,1.2144887447357178,0.8885093927383423,1.3689064979553223,2.4958269596099854,5.458956718444824,4.445007801055908,6.193080902099609,1.8227615356445312,-1.4917184114456177,-2.0042078495025635,-6.889665603637695,-9.267175674438477,-7.639626502990723,-2.823669910430908
-0.0234375,-0.0911870002746582,0.21050213277339935,0.02061152458190918,0.2385035902261734,0.14474964141845703,0.11200402677059174,-0.2768480181694031,-0.39809709787368774,-0.5352026224136353,-0.39689871668815613,-0.6114751100540161,-0.6857555508613586,-0.2587887942790985,0.016662508249282837,-0.01727139577269554,-0.6337863206863403,-0.977551281452179,-1.8707823753356934,-1.8392465114593506,-1.9918925762176514,0.3405489921569824,-2.7176733016967773,-1.7459471225738525,-4.534548759460449,-7.734170913696289,-0.5079622268676758,-3.5913753509521484,-0.1474493443965912
0.01190185546875,0.2295709252357483,0.1453501582145691,0.10870765149593353,-0.18455198407173157,0.07804223895072937,-0.15150102972984314,-0.4202900230884552,-0.38938748836517334,-0.10705122351646423,-0.11514975875616074,0.10596320033073425,0.4275391101837158,0.6268367767333984,-0.36231404542922974,-0.48102444410324097,0.2734209895133972,0.5354675650596619,-1.0917141437530518,-0.5811561942100525,-1.0178533792495728,-0.6134963035583496,-2.505999803543091,-2.472984552383423,-0.803516149520874,-1.8157418966293335,0.9201960563659668,2.92692494392395,0.9964448809623718
0.0308837890625,-0.06088084727525711,-0.1298525184392929,0.016283847391605377,-0.155721515417099,0.11896276473999023,0.028624102473258972,0.14585614204406738,0.5143826007843018,0.25915640592575073,0.3644236922264099,0.19783490896224976,-0.23531495034694672,0.07581591606140137,0.1439441442489624,-0.1698026806116104,-0.4362925887107849,-0.4125245213508606,0.9527156949043274,2.811180591583252,4.410131454467773,7.914318084716797,8.766000747680664,9.227972030639648,10.933720588684082,13.510226249694824,10.652337074279785,16.746610641479492,3.8366124629974365
0.0245361328125,0.1852797567844391,0.1788211464881897,0.08467967808246613,0.18118315935134888,-0.21833966672420502,-0.2357497215270996,-0.233888179063797,0.1281297206878662,-0.16941207647323608,-0.3137590289115906,0.05522376298904419,-0.3005480170249939,-0.06989121437072754,0.04280894994735718,-0.4447330832481384,-0.3732924461364746,-0.7734794020652771,-0.48443126678466797,-0.9135371446609497,-2.725550651550293,-2.673088312149048,-1.736452579498291,-0.3288397789001465,-0.02198934555053711,-2.9359798431396484,-6.082790374755859,-10.756503105163574,-7.284827709197998
-0.02294921875,0.12220795452594757,0.12434523552656174,0.050818294286727905,0.4710160791873932,-0.03279012441635132,0.21427346765995026,0.15138132870197296,0.3767629563808441,0.7034533023834229,0.32067304849624634,0.26632869243621826,-0.15311375260353088,-0.048880696296691895,0.3590855002403259,-0.2678348422050476,-0.3196929693222046,-0.9381806254386902,-0.5401207804679871,-1.1972458362579346,-0.0685834288597107,1.145084023475647,0.755690336227417,0.2727019786834717,-1.7737605571746826,-0.25711488723754883,0.5551742315292358,3.176910400390625,1.21306574344635
0.0177001953125,-0.10543493181467056,-0.14024843275547028,-0.1301083266735077,-0.2226410061120987,-0.07358498871326447,0.11184261739253998,0.5064319372177124,0.8243175148963928,0.49565160274505615,0.5272805094718933,0.4906761646270752,0.02385568618774414,-0.28348419070243835,-0.4067472815513611,-1.1696370840072632,-0.6793808341026306,-0.8861027359962463,-0.5853631496429443,-0.3069145679473877,-2.340855836868286,-3.2090554237365723,-5.767092704772949,-6.197195053100586,-4.959414005279541,-10.908748626708984,-9.9712553024292,-8.509437561035156,-1.8436963558197021
0.0146484375,0.22192132472991943,0.20914694666862488,0.054515913128852844,0.12490663677453995,-0.11767812073230743,0.7056257724761963,0.12563323974609375,-0.18575289845466614,0.08955264091491699,-0.2711337208747864,-0.4130251109600067,-0.392579585313797,-0.8204309940338135,-0.9309425354003906,-1.1913397312164307,-1.0959314107894897,-0.8441935777664185,-0.6124147176742554,-1.010988712310791,-0.6667153835296631,1.1396336555480957,0.3433586359024048,0.6874976754188538,2.201725959777832,2.716495990753174,3.63480544090271,3.531424045562744,-0.8639026284217834
-0.0015106201171875,-0.19085532426834106,-0.34976333379745483,0.0444343239068985,-0.22920851409435272,-0.19175414741039276,0.3526131808757782,-0.17951847612857819,0.24343562126159668,0.13847558200359344,-0.06265681982040405,-0.5575500726699829,0.24400752782821655,-0.05093297362327576,0.19432730972766876,-0.29562363028526306,0.5559701919555664,1.1168404817581177,0.43152570724487305,0.8564451336860657,1.2595854997634888,1.2341705560684204,0.22762417793273926,0.4224088788032532,-1.8714473247528076,-3.5793514251708984,-2.99463152885437,-4.368549346923828,-1.8857593536376953
-0.055419921875,-0.011012919247150421,0.13572408258914948,0.16669723391532898,-0.1395864635705948,0.19855248928070068,0.1217028796672821,-0.018747907131910324,-0.13231045007705688,-0.24409407377243042,0.050952568650245667,0.33645766973495483,-0.018512874841690063,-0.22899189591407776,0.58665931224823,0.5785002708435059,0.8184641003608704,1.0629127025604248,2.986823558807373,2.7204885482788086,-0.24769258499145508,3.0734481811523438,-0.9323763847351074,-1.122173547744751,-2.6809914112091064,-1.445444107055664,-0.023035049438476562,2.8141446113586426,-0.482545405626297
0.01123046875,-0.10442554950714111,-0.09648160636425018,-0.07550358772277832,-0.16827493906021118,-0.18963392078876495,-0.2818584144115448,-0.4380691647529602,-1.0264757871627808,-0.7730450630187988,-0.15032339096069336,0.36567339301109314,-0.1717447191476822,0.23838576674461365,0.07051098346710205,0.39946478605270386,-0.1789512038230896,0.8210851550102234,1.4759601354599,1.420127034187317,1.059330701828003,-0.2077106237411499,0.8090395331382751,0.9435501098632812,2.6451334953308105,0.4788966178894043,-2.9145240783691406,-3.4996371269226074,-0.39338183403015137
-0.0205078125,-0.10860226303339005,0.05816331505775452,0.19584868848323822,0.4371477961540222,0.39132025837898254,0.3022269010543823,0.5618504285812378,0.7250633835792542,0.4152490198612213,0.25399667024612427,-0.3789921998977661,-0.6847246289253235,-0.20345258712768555,-0.17303043603897095,0.21457195281982422,-0.5866440534591675,0.9649447202682495,2.027623176574707,1.555450677871704,2.7183117866516113,3.8387255668640137,5.136357307434082,5.927626609802246,4.638244152069092,5.86267614364624,9.49246883392334,8.360161781311035,2.923401117324829
0.0032501220703125,0.0800461396574974,0.008508105762302876,0.25552070140838623,0.31794828176498413,0.18143165111541748,0.18979068100452423,-0.22837649285793304,-0.028576433658599854,0.29136091470718384,-0.07544465363025665,-0.3257881700992584,-0.017853423953056335,0.28232601284980774,0.5926518440246582,0.15479698777198792,0.28345561027526855,0.7323073148727417,-0.31521517038345337,2.254657745361328,1.7648496627807617,-1.6709725856781006,-2.2150871753692627,-1.6402531862258911,0.6479701995849609,1.4251735210418701,3.514817476272583,5.81366491317749,2.8934009075164795
-0.017822265625,-0.1943638026714325,-0.06177586689591408,-0.03562364727258682,-0.4050601124763489,-0.5531465411186218,-0.503442645072937,-0.46892791986465454,0.0777333676815033,-0.1210184097290039,-0.001378178596496582,0.05230022966861725,0.3604852557182312,-0.018481701612472534,0.15276849269866943,0.5767477750778198,0.023073554039001465,-0.41739940643310547,-2.3054535388946533,-0.3804657459259033,-0.8081821203231812,-1.802318811416626,-2.0268640518188477,-4.387260437011719,-5.439004421234131,-6.489569664001465,-8.953913688659668,-10.427783012390137,-2.719259262084961
-0.0025787353515625,0.08918165415525436,0.13613635301589966,0.14837299287319183,-0.1319529265165329,0.003558419644832611,-0.09372581541538239,-0.364529013633728,-0.7734322547912598,-0.30859676003456116,-0.05921086668968201,0.21925656497478485,-0.46040621399879456,-0.8574860692024231,-0.4927487373352051,-1.0958729982376099,-0.7478127479553223,-0.22832798957824707,0.5016236305236816,1.9307388067245483,1.612553596496582,3.4918012619018555,3.0320582389831543,3.321126699447632,4.6052141189575195,5.628081321716309,8.916909217834473,7.1262922286987305,2.383997917175293
0.01177978515625,-0.1790495365858078,-0.12048980593681335,-0.03424585983157158,0.40240925550460815,0.15839406847953796,-0.1629694402217865,-0.3456946611404419,-0.4106721580028534,-0.047351568937301636,-0.08710438758134842,0.4119153916835785,0.558918833732605,0.26424604654312134,-0.23634672164916992,-0.4819962978363037,0.07901084423065186,-0.14985716342926025,-0.7672460079193115,-1.9698612689971924,0.2428724765777588,-0.5634263753890991,2.7254910469055176,1.1068305969238281,0.3075380325317383,3.462759256362915,3.7834267616271973,7.45097017288208,2.428095579147339
0.0303955078125,0.01909004896879196,0.12394030392169952,0.12327005714178085,0.3870471715927124,0.4583440124988556,0.15499502420425415,0.012600630521774292,0.24882757663726807,0.12159822881221771,0.4254378080368042,0.2499350756406784,0.24423150718212128,0.8357830047607422,0.6800637245178223,0.49549558758735657,0.4287409484386444,0.35450279712677,1.1164289712905884,0.8986762762069702,2.189218044281006,4.3828630447387695,4.461165428161621,4.6910400390625,4.704658508300781,6.688541889190674,6.734408378601074,13.528609275817871,2.5379276275634766
0.03125,0.19217272102832794,0.10539442300796509,0.1379515528678894,-0.18121545016765594,-0.4920575022697449,-0.31994935870170593,-0.6499796509742737,-0.7701922059059143,-0.3051483929157257,-0.6668781042098999,0.17287275195121765,0.10017818212509155,-0.14825519919395447,-0.6293712854385376,-0.46642404794692993,-0.44317877292633057,0.5449315905570984,-0.0160580575466156,-0.9646929502487183,0.4470808506011963,-0.47802239656448364,-5.119571208953857,-3.2610273361206055,-1.2727984189987183,-3.80277156829834,-0.1391162872314453,-0.5489780306816101,0.01811956614255905
-0.01116943359375,0.16030344367027283,0.05778968334197998,0.2037314623594284,0.3054466247558594,0.10011258721351624,0.19947434961795807,0.3128822445869446,-0.23868274688720703,-0.4092906713485718,-0.3426186442375183,-0.2478097379207611,0.038783520460128784,-0.22318530082702637,-0.6282390356063843,-0.2179422378540039,0.4558470845222473,1.2559915781021118,0.4495500922203064,-0.7586014270782471,-2.232499599456787,-2.960407257080078,-4.661574363708496,-1.4356498718261719,-2.806142568588257,-1.5651048421859741,-0.029491186141967773,0.08153796195983887,0.9872879981994629
0.006866455078125,-0.025876715779304504,0.13003648817539215,0.18362286686897278,-0.0470522940158844,-0.18794327974319458,-0.9701981544494629,-0.4525161385536194,-0.4959148168563843,-0.34748727083206177,-0.45798027515411377,-0.6628091931343079,-0.6509494185447693,-0.5883121490478516,-0.39951205253601074,-0.22852873802185059,-0.45830610394477844,-1.2011137008666992,0.09844315052032471,-0.016422569751739502,-1.7014878988265991,-4.362171173095703,-5.665838241577148,-4.03795051574707,-3.681643486022949,-4.420146942138672,-10.212778091430664,-10.316659927368164,-2.0268356800079346
0.01165771484375,0.06909237802028656,-0.0047644078731536865,-0.27833378314971924,-0.06465628743171692,-0.2317286729812622,-0.5294097661972046,-0.3810936212539673,-0.4518285095691681,-0.4642642140388489,-0.438323438167572,-0.6505551338195801,-0.4638515114784241,-0.42460519075393677,-0.27150899171829224,0.16141369938850403,0.7435141205787659,0.13614043593406677,-0.03518187999725342,0.715944766998291,0.17177549004554749,-1.0659034252166748,-2.9960665702819824,-5.517959117889404,-5.96193265914917,-6.9941725730896,-7.404941558837891,-3.03122615814209,-0.571962833404541
0.000705718994140625,-0.19067473709583282,-0.24158206582069397,-0.10536350309848785,-0.23055043816566467,-0.08716161549091339,-0.3567802309989929,-0.3308875858783722,-0.046422719955444336,-0.23902475833892822,-0.6269892454147339,-1.0413659811019897,-0.41954678297042847,-0.037904053926467896,0.15582634508609772,0.21091589331626892,-0.5639792680740356,-0.4773874282836914,0.036261796951293945,-0.36624428629875183,1.0982592105865479,1.4030697345733643,-0.2344975471496582,-0.9915533065795898,0.9868562817573547,2.9001317024230957,3.1814653873443604,-0.25379323959350586,-0.07498717308044434
-0.0162353515625,-0.30360108613967896,-0.1810130774974823,-0.43264487385749817,-0.42290395498275757,-0.14293694496154785,-0.3184414207935333,-0.6171723008155823,-0.14392822980880737,-0.4721895456314087,-0.6207913756370544,-1.3781802654266357,-1.3831464052200317,-0.6580367684364319,-0.8403339385986328,-0.6937273740768433,-1.5154027938842773,-2.682506561279297,-3.1467173099517822,-3.9095234870910645,-4.680958271026611,-4.14922571182251,-2.764191150665283,-1.4878100156784058,-1.8431075811386108,-3.4121813774108887,-1.962050199508667,-1.7719374895095825,0.9096317887306213
-0.052978515625,0.06771036982536316,0.13287393748760223,0.03129890561103821,0.11734753847122192,0.26896247267723083,0.39363622665405273,0.007863849401473999,0.27362582087516785,-0.2076408863067627,0.16025106608867645,-0.058494389057159424,-0.4293733835220337,-0.12710334360599518,-0.13198912143707275,0.030471257865428925,-0.2893444001674652,-0.26018404960632324,0.3264201879501343,-1.7294470071792603,-0.46579885482788086,-1.5365509986877441,-0.736142635345459,1.2754409313201904,-1.0806381702423096,1.4986416101455688,3.7625961303710938,7.153242111206055,2.381967067718506
-0.0137939453125,-0.02683926746249199,0.2101205289363861,0.11378142237663269,0.28997117280960083,0.47898930311203003,0.6072852611541748,0.586510419845581,0.33987462520599365,0.5974611639976501,0.5914616584777832,1.1151139736175537,0.6673458814620972,0.44699835777282715,0.5212010145187378,0.5501242876052856,1.2871983051300049,0.9109094142913818,1.0093283653259277,2.4967117309570312,3.9122724533081055,2.29372239112854,0.8757455348968506,2.0995852947235107,-0.4826164245605469,1.7219208478927612,2.233417510986328,-0.6451514959335327,0.6099863052368164
0.0074462890625,0.12500354647636414,0.03989047929644585,0.2056303173303604,0.11383504420518875,0.09805551916360855,-0.018116917461156845,0.3539018929004669,0.35723620653152466,0.2887837886810303,0.10430768132209778,-0.1680091917514801,0.4541822373867035,0.2516518831253052,0.15721064805984497,-0.673352837562561,-1.2942121028900146,-1.8915653228759766,-1.9430185556411743,-1.17099130153656,-0.6182349920272827,-1.8492326736450195,-0.216447114944458,-0.23545002937316895,-3.363443374633789,-2.125900983810425,0.019273757934570312,-2.829113006591797,-0.8180305361747742
0.035888671875,0.2858731746673584,0.2250957190990448,0.2431216537952423,0.6864394545555115,0.477027952671051,0.2696878910064697,0.1529620885848999,0.2129577398300171,0.267253577709198,0.46542003750801086,0.30476105213165283,0.5441970825195312,0.3143409192562103,-0.14840364456176758,-0.47703924775123596,-0.5610038638114929,-1.2052125930786133,-1.8991190195083618,-1.991849422454834,-0.9469506144523621,-1.2992510795593262,-4.709980010986328,-8.026620864868164,-7.797975540161133,-6.585434913635254,-8.06674575805664,-7.181637763977051,-2.709955930709839
-0.0263671875,0.038762062788009644,-0.0384947694838047,-0.04957781732082367,-0.09236335754394531,-0.2190515547990799,0.07331620156764984,0.26787811517715454,0.21328571438789368,-0.01667192578315735,-0.24197006225585938,-0.26446759700775146,-0.2973528802394867,-0.4648164212703705,-0.8061281442642212,-0.578498125076294,-0.11865842342376709,-0.5699666142463684,-1.8397212028503418,-1.178706169128418,0.9296064376831055,3.3110499382019043,6.505685806274414,8.831853866577148,10.619629859924316,15.593070030212402,19.896963119506836,15.996541976928711,3.1254775524139404
-0.0247802734375,-0.0012661069631576538,0.1788829118013382,-0.14244802296161652,0.04294777661561966,0.14677780866622925,0.038145601749420166,0.24904948472976685,0.463219553232193,0.34960615634918213,0.2647155523300171,-0.10305710136890411,-0.3614811301231384,-0.24575011432170868,-0.29810234904289246,-0.23941285908222198,-1.0848041772842407,-0.5770028233528137,-0.4197997748851776,0.7354323863983154,-0.9949593544006348,-3.7392003536224365,-6.115355491638184,-6.171086311340332,-8.44493293762207,-12.575042724609375,-12.82953929901123,-11.861261367797852,-2.033015012741089
-0.002655029296875,-0.03702352195978165,-0.13727876543998718,-0.24622787535190582,-0.5422137975692749,-0.24223321676254272,-0.027744919061660767,0.37807393074035645,0.7415692806243896,0.07009738683700562,0.04028162360191345,0.47487005591392517,0.8221055269241333,0.794503927230835,0.8722873330116272,1.0896683931350708,1.1227748394012451,-0.011465966701507568,1.1052186489105225,2.7455246448516846,2.199728012084961,2.3226191997528076,4.3992767333984375,3.241319179534912,2.5974864959716797,1.6714048385620117,1.3116050958633423,0.6384304761886597,0.4246395528316498
0.0113525390625,0.13283796608448029,0.05883096158504486,-0.10177305340766907,-0.0434398278594017,0.21367105841636658,0.015313021838665009,0.534278929233551,0.4438193440437317,0.6860342025756836,0.5447911024093628,1.5082632303237915,0.5757771730422974,0.8505249619483948,0.3931897282600403,0.31729942560195923,0.04849505424499512,-0.19714055955410004,0.5862061977386475,2.8633334636688232,3.284693479537964,-1.0953350067138672,-1.8087491989135742,-1.9079725742340088,-3.472874402999878,-5.79427433013916,-8.118431091308594,-5.532027721405029,-0.5800161957740784
-0.00341796875,0.08083824813365936,-0.10126625746488571,0.17892231047153473,-0.05503273010253906,-0.2428567260503769,-0.5216257572174072,-0.27914732694625854,-0.42395830154418945,-0.7021276950836182,-0.3579302728176117,-0.46469488739967346,0.06887073069810867,0.252510130405426,-0.1511806845664978,-0.004393830895423889,-0.4759604036808014,0.14152532815933228,0.9722689390182495,3.3090639114379883,4.5070037841796875,7.060986518859863,7.330574989318848,6.798432350158691,5.816635608673096,8.904894828796387,6.61778450012207,8.651110649108887,1.9886651039123535
-0.01904296875,-0.023828834295272827,-0.06666450202465057,0.22314226627349854,0.1517583429813385,-0.15860801935195923,-0.8841628432273865,-0.7296532392501831,0.10189765691757202,0.59197598695755,0.645148754119873,-0.46539121866226196,-0.6278793811798096,-0.7383012771606445,-1.2904253005981445,-0.7549065947532654,-0.36881935596466064,-1.253593921661377,-1.420221209526062,-2.1085853576660156,-4.575526714324951,-1.190627098083496,-0.35998523235321045,-2.6088881492614746,-2.824481964111328,-5.639898300170898,-5.542806625366211,-6.457647323608398,-2.3386943340301514
-0.018310546875,0.000714622437953949,0.11979278922080994,-0.0280722975730896,0.18832939863204956,0.20086488127708435,0.5519999265670776,0.1341927945613861,0.4956786632537842,0.061665505170822144,0.4766033887863159,0.18207412958145142,-0.04592892527580261,-0.3338512182235718,-0.40142717957496643,-0.41911980509757996,0.03551375865936279,-1.2980577945709229,-1.3122769594192505,-4.189022541046143,-4.322900772094727,-8.30412483215332,-5.302493095397949,-2.462982416152954,-5.354403018951416,-4.855367660522461,-1.2676596641540527,-2.256213426589966,-0.8973389267921448
-0.049560546875,-0.04343961179256439,0.051804132759571075,0.20668533444404602,-0.03149676322937012,0.17760910093784332,0.2407742142677307,0.0458211749792099,-0.11093559116125107,-0.1140696331858635,0.2942921221256256,0.21084727346897125,1.0057474374771118,0.3174036741256714,0.623186469078064,0.32243746519088745,-0.23338517546653748,0.7668540477752686,1.5390323400497437,2.3093552589416504,-0.36507952213287354,-1.519897699356079,-2.804994821548462,-5.796355247497559,-7.817218780517578,-9.148815155029297,-8.608491897583008,-7.385971546173096,-1.1420211791992188
0.01129150390625,-0.012581445276737213,-0.1099989116191864,-0.08601105213165283,-0.5353041291236877,-0.49418002367019653,-0.46864640712738037,-0.22866597771644592,-0.31164857745170593,-0.011165082454681396,0.05967968702316284,-0.0742368996143341,0.5016323924064636,0.6712072491645813,-0.429373562335968,-0.4885181486606598,-0.931748628616333,-0.6733785271644592,1.2267723083496094,0.8043690323829651,1.5612821578979492,3.5301928520202637,0.12801074981689453,0.01616513729095459,3.350442409515381,3.4241943359375,6.653419494628906,5.2614336013793945,0.7549499869346619
-0.01214599609375,-0.061256472021341324,0.012631168588995934,-0.09799186885356903,-0.3429220914840698,-0.17886152863502502,-0.35233694314956665,0.0288839191198349,-0.15816302597522736,-0.06277334690093994,0.20471537113189697,0.4117538332939148,0.42446643114089966,0.4233720600605011,0.8473911285400391,1.3896485567092896,1.2684575319290161,1.724488615989685,2.5142459869384766,1.363640546798706,0.6928924918174744,3.0380735397338867,1.8871506452560425,-1.758914589881897,-2.849353790283203,-4.935672760009766,-3.2968478202819824,-6.240638732910156,-1.9853415489196777
0.0634765625,0.0215444415807724,-0.10998684167861938,-0.22961919009685516,0.07307600975036621,-0.28935420513153076,-0.2749306857585907,-0.15865781903266907,-0.005797594785690308,0.366686075925827,0.18574348092079163,-0.050549641251564026,-0.42376983165740967,-0.3863374590873718,-0.4224490523338318,0.23564988374710083,-0.1111183762550354,1.0346240997314453,1.5231431722640991,1.164072871208191,3.308232307434082,2.501176118850708,4.148270606994629,5.668806076049805,7.979973793029785,5.506628036499023,8.84280014038086,7.136422157287598,0.9413435459136963
-0.013916015625,-0.17453549802303314,0.01864638924598694,-0.4424610137939453,-0.24757660925388336,-0.3123404085636139,-0.3870998024940491,-0.3766263723373413,-0.27702414989471436,-0.22252382338047028,-0.044056981801986694,-0.20489372313022614,0.12784266471862793,-0.20228217542171478,0.3285602331161499,0.3196687698364258,0.011903882026672363,-0.2722124755382538,-1.625819206237793,1.2806236743927002,0.5473332405090332,-0.5981056690216064,0.33418941497802734,1.874184012413025,-0.7762569189071655,-1.9797382354736328,-4.319061279296875,-6.183272361755371,-1.5557748079299927
-0.0159912109375,-0.17998069524765015,-0.060111790895462036,-0.07732771337032318,-0.19860349595546722,-0.36077526211738586,-0.45537295937538147,-0.2792467176914215,0.376786470413208,0.23482270538806915,0.3762340545654297,-0.10417011380195618,0.10148346424102783,-0.4407421052455902,-0.24423086643218994,-0.41443270444869995,0.2538936734199524,0.7222501635551453,1.8203699588775635,2.9094533920288086,4.371529579162598,5.072737216949463,4.220527648925781,3.0650622844696045,1.542516827583313,1.956580400466919,3.4537699222564697,5.478696346282959,2.040210723876953
-0.0012969970703125,0.18220780789852142,0.14829757809638977,0.3200371563434601,-0.007013171911239624,0.3008892238140106,0.05772066116333008,-0.28358766436576843,-0.07128140330314636,-0.00013763457536697388,0.3393254280090332,0.4936620891094208,-0.003170520067214966,0.006684154272079468,-0.6301350593566895,-1.0129473209381104,-0.772936224937439,-0.8655745983123779,-1.971604585647583,-2.457392454147339,-1.65838623046875,-0.3779900074005127,2.5528347492218018,2.987816572189331,1.3264918327331543,-0.6950883865356445,-2.173118829727173,1.4424660205841064,0.501098096370697
0.0162353515625,0.019774213433265686,-0.016006458550691605,-0.036658212542533875,0.01974084973335266,-0.13230350613594055,0.22709490358829498,0.03266270458698273,0.32802295684814453,-0.0548633337020874,0.5355281829833984,0.3180767297744751,0.9214044809341431,0.7396458387374878,0.3981765806674957,0.13608920574188232,0.34287697076797485,0.13020485639572144,-0.29800450801849365,0.21453815698623657,1.8106284141540527,1.2929333448410034,-3.600872039794922,-2.196566581726074,0.3031036853790283,0.6804986596107483,-1.3765032291412354,-5.7135910987854,-1.241230845451355
0.01458740234375,-0.08795575797557831,0.09773896634578705,0.07934806495904922,-0.15151271224021912,-0.16064238548278809,-0.23026125133037567,-0.26080745458602905,-0.26692652702331543,-0.2166803926229477,0.3499213457107544,-0.007285565137863159,0.5067991614341736,0.5104460120201111,0.20172129571437836,-0.4136177897453308,0.010263442993164062,-0.14250662922859192,1.246206521987915,2.5108728408813477,1.7588446140289307,0.9534263610839844,-3.621885299682617,-3.811396598815918,-1.6615030765533447,-4.67966365814209,-0.9882802963256836,-1.116196870803833,0.10249104350805283
0.052978515625,0.22539997100830078,-0.0664869099855423,-0.1818215698003769,0.40696853399276733,0.40461602807044983,0.23679517209529877,0.01628991961479187,-0.12840408086776733,-0.07574157416820526,0.34960877895355225,1.0349440574645996,0.8493132591247559,0.6099869012832642,0.04656663537025452,0.27010709047317505,0.3465956151485443,1.4747527837753296,1.9454325437545776,1.5949612855911255,-0.5356823801994324,-1.1295315027236938,-2.0616469383239746,-3.7359702587127686,-4.755012512207031,-5.827859878540039,-7.3086652755737305,-6.400662422180176,-1.2187275886535645
-0.0164794921875,0.025033321231603622,0.11426283419132233,-0.07636366784572601,0.22473406791687012,0.6085156798362732,0.271765798330307,0.02469414472579956,-0.03768277168273926,0.27621355652809143,0.10539689660072327,0.7257018089294434,0.7179102897644043,-0.00625377893447876,0.1476687788963318,0.7470897436141968,1.442994236946106,0.9434835910797119,2.202728748321533,1.5626968145370483,5.444284439086914,5.647669792175293,5.920742988586426,6.528720855712891,6.696398735046387,4.251569747924805,3.8022468090057373,0.9887930154800415,-0.8247381448745728
-0.05517578125,0.0013187676668167114,-0.029698587954044342,-0.06599633395671844,-0.1509091854095459,-0.3371293842792511,-0.3828325867652893,0.4481660723686218,-0.1336875557899475,-0.08363093435764313,0.12900954484939575,-0.024919912219047546,-0.2706924080848694,0.29240837693214417,0.1055547297000885,-0.94954913854599,-0.6460074782371521,-1.1960222721099854,-2.3115124702453613,-2.6478936672210693,-5.181571006774902,-4.730647087097168,-8.583959579467773,-9.428522109985352,-12.364212989807129,-10.219532012939453,-6.866218566894531,-7.489903450012207,-2.7108051776885986
0.022216796875,-0.008477449417114258,-0.08119259029626846,0.014946378767490387,0.27745768427848816,0.09788914024829865,0.2199178785085678,0.14363133907318115,-0.13778984546661377,-0.09393994510173798,-0.08464822173118591,0.09767195582389832,-0.022896304726600647,0.23625686764717102,0.0581820085644722,0.49718955159187317,-0.03621000051498413,-0.4318310022354126,-1.5693446397781372,0.013807892799377441,-3.3625636100769043,-2.369340419769287,-1.4922441244125366,-5.2835693359375,-7.287631034851074,-5.791017532348633,-1.7226347923278809,-3.357619285583496,-0.35906264185905457
-0.01953125,0.16488343477249146,0.050061799585819244,-0.033698469400405884,0.27928441762924194,0.045510172843933105,0.3905303478240967,0.5618669390678406,0.6281326413154602,0.5342432260513306,0.33380937576293945,0.1913270652294159,0.10982933640480042,0.41072094440460205,0.6132479906082153,0.023248493671417236,0.4641849100589752,-0.1928185522556305,-0.5668728351593018,-1.880035638809204,-2.13492488861084,-2.695328712463379,-4.028514862060547,-2.01113224029541,1.5857288837432861,3.0725507736206055,4.580624580383301,6.9926276206970215,1.19138765335083
0.00118255615234375,-0.1548275202512741,0.00533873587846756,0.010231941938400269,-0.16911077499389648,0.3063228130340576,0.14028482139110565,0.20886147022247314,0.7122957706451416,1.0501971244812012,1.0557361841201782,0.9021017551422119,0.28666621446609497,0.5444542169570923,0.3586229681968689,-0.6710003614425659,-0.3475268483161926,-0.8616253137588501,-1.1618572473526,2.750930070877075,3.87162184715271,3.7457783222198486,2.660447120666504,4.831638813018799,4.368221759796143,6.556479454040527,6.0168375968933105,6.470077991485596,1.0806928873062134
0.004364013671875,-0.07828167080879211,0.025520101189613342,0.004552848637104034,0.18042823672294617,0.08126657456159592,-0.32083842158317566,-0.1324225515127182,-0.2147890329360962,-0.5892879962921143,-0.7941015958786011,-1.1217910051345825,0.04362305998802185,-0.22823607921600342,-0.7650174498558044,0.06489412486553192,0.7357243299484253,0.608608603477478,0.028690680861473083,-0.6136233806610107,-1.659129023551941,-0.9429438710212708,1.2177538871765137,-0.2751157283782959,-0.7051317095756531,-1.6407673358917236,-3.8899168968200684,-6.103704929351807,-1.489013433456421
-0.0361328125,-0.12332141399383545,-0.17978164553642273,0.1291566789150238,0.297776997089386,0.2321976125240326,0.2840970754623413,-0.2154613733291626,-0.7206169366836548,-0.7191784381866455,-0.928492546081543,-0.7677184343338013,-0.6427645087242126,-0.6948476433753967,-0.17744362354278564,-0.49698224663734436,-0.05247586965560913,-0.8146604895591736,1.2584168910980225,3.0634913444519043,4.006692409515381,3.2501158714294434,6.053847789764404,8.011917114257812,7.380062103271484,8.363887786865234,8.942428588867188,7.851691246032715,1.674828052520752
0.0322265625,0.07133586704730988,-0.120530866086483,0.023112639784812927,-0.11232538521289825,-0.043659619987010956,0.31610018014907837,0.46110376715660095,0.2704698145389557,0.19439442455768585,0.15586543083190918,-0.9612348675727844,-0.019960641860961914,-0.4644445776939392,-0.8397458791732788,-0.960303783416748,-0.06391212344169617,0.9429534673690796,1.1571507453918457,1.5947189331054688,3.794945240020752,5.361527442932129,7.4621124267578125,9.100457191467285,9.636367797851562,8.719497680664062,10.924722671508789,8.904448509216309,1.2132341861724854
-0.00921630859375,-0.11217841506004333,-0.10838235914707184,-0.22260470688343048,-0.23815497756004333,-0.036899134516716,-0.05502093955874443,4.622712731361389e-05,0.14449536800384521,0.18088382482528687,0.13007588684558868,-0.24904146790504456,-0.23778939247131348,-0.47772839665412903,-0.34221121668815613,0.10683459043502808,-0.18024671077728271,0.2597130239009857,0.8673028945922852,-0.07562392950057983,-0.6888644695281982,-0.7578796148300171,-2.7466282844543457,-2.4649555683135986,-4.178560256958008,-0.748450517654419,-0.4946749210357666,-0.708703875541687,1.1584501266479492
0.0189208984375,0.03707154095172882,0.09505610167980194,-0.0028930306434631348,0.13701339066028595,0.29689550399780273,0.012512534856796265,-0.4966193437576294,-0.2857534885406494,0.2829821705818176,-0.1824108511209488,0.1370723694562912,0.12675513327121735,-0.08490617573261261,0.0892886221408844,0.07902419567108154,0.356320321559906,0.2522995173931122,0.028042316436767578,-1.0392565727233887,-0.3674702048301697,-2.6603753566741943,-0.2060072422027588,-0.12774139642715454,0.1109423041343689,-1.5329434871673584,-4.320004463195801,-3.441361665725708,-1.2612370252609253
0.0020751953125,-0.007488589733839035,-0.02000465989112854,-0.06463971734046936,0.0753973200917244,0.24708491563796997,0.24417905509471893,0.009351015090942383,-0.05069109797477722,-0.01221400499343872,0.45842766761779785,0.6671711802482605,0.37817248702049255,0.7109712362289429,0.8293622732162476,0.8445913791656494,1.607598900794983,0.6458393335342407,-0.1699455976486206,-0.13955354690551758,3.1476221084594727,1.869748592376709,4.145825386047363,4.694108486175537,4.2016096115112305,6.582225799560547,4.515427112579346,4.367068290710449,1.366784691810608
0.037109375,-0.17780549824237823,-0.1390542984008789,-0.18321463465690613,-0.2863505482673645,-0.2106599658727646,-0.2511026859283447,-0.3614933490753174,0.22420930862426758,0.2637297213077545,-0.15232521295547485,0.25801563262939453,0.04922223091125488,-0.024963177740573883,-0.6591110229492188,-0.31444334983825684,-0.5374611616134644,-1.123378872871399,-0.3509044647216797,-1.7629597187042236,-1.4915990829467773,1.6274914741516113,2.16275954246521,1.1028956174850464,0.2725245952606201,-3.75019907951355,-8.434231758117676,-6.778554916381836,-1.5576343536376953
-0.0233154296875,0.15473002195358276,-0.22401979565620422,-0.21697655320167542,0.05329972505569458,-0.0581277459859848,0.28608569502830505,0.0311642587184906,0.38648778200149536,0.2286093831062317,0.46078526973724365,0.27011093497276306,0.11810809373855591,0.34033191204071045,0.9425890445709229,0.2703275680541992,0.2058955729007721,0.22939375042915344,-0.35776323080062866,-0.08948034048080444,0.3538878560066223,0.6535532474517822,0.5240088701248169,0.6416900753974915,2.5622477531433105,5.6101274490356445,7.048764228820801,7.557474613189697,2.675631046295166
-0.00775146484375,0.09654660522937775,0.0983726978302002,0.03982754051685333,0.25211086869239807,0.04624262452125549,-0.23077301681041718,-0.14683964848518372,-0.1190398633480072,-0.17442867159843445,0.16269265115261078,-0.20465406775474548,-0.49596965312957764,-0.30777400732040405,0.21468287706375122,0.4940227270126343,0.47594010829925537,0.5266882181167603,1.403748631477356,1.7000274658203125,1.9785587787628174,2.4721457958221436,2.3721601963043213,3.511101722717285,4.8355913162231445,6.306423187255859,6.223110675811768,7.596002578735352,0.976054847240448
-0.00823974609375,0.1818985939025879,-0.027910172939300537,-0.19261416792869568,0.10954165458679199,0.08665350079536438,0.06075306236743927,-0.09682180732488632,0.3259918689727783,-0.06595060229301453,-0.08638861030340195,0.45684218406677246,0.360439658164978,0.8123371005058289,0.8302005529403687,0.7236111164093018,0.8689022660255432,0.12242385745048523,-0.6923959255218506,0.6850800514221191,0.4713411033153534,2.7653965950012207,-0.35092902183532715,0.9852664470672607,-1.2675070762634277,-2.824636697769165,-2.7668285369873047,0.35158538818359375,-0.7491876482963562
0.0281982421875,0.17095398902893066,-0.1050904244184494,0.023297235369682312,0.16024944186210632,0.03492733836174011,-0.21809540688991547,-0.0907709002494812,-0.18856588006019592,-0.3030872941017151,-0.02354539930820465,0.1768747717142105,-0.18828223645687103,-0.7328850030899048,-0.6135895848274231,-1.1178568601608276,-1.7730457782745361,-2.0086512565612793,-1.2013949155807495,-2.5461056232452393,-3.625922679901123,-2.759556770324707,-0.859053373336792,-3.0958168506622314,-3.573168992996216,-5.483562469482422,-5.554967403411865,-4.621594429016113,-0.6754329800605774
-0.029541015625,-0.11330851167440414,-0.18379858136177063,-0.1122424453496933,-0.22842127084732056,-0.48477011919021606,-0.8428269624710083,-0.9595392942428589,-1.3797481060028076,-0.9560601115226746,-0.7478141188621521,-1.1295804977416992,-1.038021445274353,-1.0723536014556885,-1.8931856155395508,-1.5361820459365845,-1.6983622312545776,-2.334308624267578,-1.048418402671814,-1.6072404384613037,-3.1126561164855957,-7.181795120239258,-8.412819862365723,-11.45344352722168,-13.459820747375488,-18.110309600830078,-19.513202667236328,-17.166669845581055,-3.6631245613098145
-0.024169921875,-0.07354581356048584,-0.21542060375213623,-0.30083754658699036,-0.49331754446029663,-0.408325731754303,-0.7282518148422241,-0.2919716238975525,-0.027878642082214355,0.06913231313228607,0.17083775997161865,0.4372648000717163,0.0371587872505188,0.35974738001823425,0.14583659172058105,0.19447539746761322,-0.9021079540252686,-0.5511777400970459,-2.0759024620056152,-2.3892035484313965,-0.6154482364654541,-3.0786256790161133,-2.3764431476593018,0.06468677520751953,2.691800355911255,4.654854774475098,8.895956039428711,6.410239219665527,1.3658957481384277
-0.02880859375,0.032623689621686935,0.01709894835948944,0.37577468156814575,0.4047504663467407,0.29813826084136963,0.5976303219795227,0.3769949972629547,0.17478203773498535,0.09421217441558838,-0.6168839931488037,-0.28496676683425903,0.7318905591964722,0.13832199573516846,0.7689783573150635,1.644054651260376,0.5928434133529663,0.16992051899433136,-1.0814796686172485,-1.826542854309082,-1.1758034229278564,-1.0468940734863281,0.4468564987182617,4.514011383056641,5.034425735473633,6.649406433105469,5.176977634429932,6.685122489929199,0.4353417754173279
0.00726318359375,0.05952948331832886,0.015605226159095764,-0.1567297726869583,0.1070939302444458,0.18750759959220886,0.4427485466003418,0.19887813925743103,-0.22892160713672638,-0.0699368566274643,0.09945905208587646,0.196625217795372,-0.9760749340057373,-1.1198619604110718,-0.6858984231948853,-0.39548277854919434,-0.7436736226081848,0.5619205236434937,1.7693649530410767,2.3191492557525635,2.6123948097229004,2.8197402954101562,-0.4273848533630371,0.3807915449142456,1.3447892665863037,0.08211076259613037,-1.1368439197540283,0.34674954414367676,1.1072381734848022
0.01446533203125,-0.12787023186683655,0.032705843448638916,0.17032933235168457,0.4281495213508606,0.5841519832611084,0.5458376407623291,0.24033840000629425,0.2120247185230255,0.5276573896408081,0.40360766649246216,-0.17454653978347778,-0.682860791683197,-0.3843061923980713,-0.3598068356513977,0.03094393014907837,0.3796624541282654,1.107797622680664,1.108618140220642,0.7221230268478394,1.9817324876785278,1.5586353540420532,2.168221950531006,0.019073486328125,-2.3306381702423096,-1.6933612823486328,-0.7070906162261963,-0.5008271932601929,-0.6400087475776672
0.00537109375,0.08529068529605865,0.005316324532032013,-0.11597283184528351,-0.1460648477077484,-0.1062472015619278,-0.01532028615474701,0.3293565511703491,0.22755296528339386,0.09589245915412903,0.03976637125015259,-0.029894113540649414,1.3783681392669678,0.7521247863769531,0.8924432992935181,0.269387423992157,0.06435757875442505,-0.36642220616340637,0.20860515534877777,-0.7559047341346741,-2.4567346572875977,-2.1340725421905518,-1.5850794315338135,-3.1864049434661865,-6.220078468322754,-9.097360610961914,-13.138609886169434,-14.946512222290039,-4.007139682769775
0.0184326171875,0.14276175200939178,0.3062441349029541,0.03620532155036926,0.3714553117752075,0.30380550026893616,0.025130808353424072,0.032707393169403076,-0.3901607096195221,-0.05819718539714813,-0.1531955897808075,-0.9194387197494507,-0.7541853189468384,-0.5425186157226562,0.1742013692855835,0.6042207479476929,0.40118104219436646,0.1011524498462677,0.8413957953453064,1.5113670825958252,2.9048550128936768,4.448416709899902,4.149354457855225,3.050424098968506,6.0561723709106445,3.9688096046447754,2.267545461654663,1.3547236919403076,0.33389174938201904
0.00994873046875,0.2690345048904419,0.28565776348114014,0.3036141097545624,-0.20097610354423523,-0.29035332798957825,0.1584922969341278,0.1771557778120041,0.47063660621643066,-0.13051307201385498,0.031952545046806335,0.5190216302871704,-0.01414661854505539,-0.26108938455581665,-0.563099205493927,-0.21291428804397583,0.47340279817581177,1.121636152267456,-1.2774404287338257,-1.711632251739502,-4.396539688110352,-4.380290508270264,-4.4065656661987305,-3.0595970153808594,-5.286423683166504,-6.058917999267578,-8.537580490112305,-8.864524841308594,-0.3516627252101898
-0.047119140625,0.14750629663467407,0.09165939688682556,0.21631181240081787,0.2537999451160431,0.13062046468257904,0.1672132909297943,-0.3505406379699707,-0.2531716227531433,-0.2587573826313019,0.03251534700393677,0.18304112553596497,-0.5194188356399536,-0.3837146759033203,0.22629308700561523,-0.11006990075111389,-0.3004179298877716,0.021064653992652893,0.36625444889068604,0.10567402839660645,1.9922916889190674,-0.026253223419189453,-1.1814837455749512,-7.352743625640869,-11.300334930419922,-12.097469329833984,-16.629268646240234,-15.052641868591309,-3.094970226287842
-0.002197265625,0.03820771723985672,0.03565508872270584,-0.040718257427215576,-0.014524031430482864,0.049299709498882294,-0.23992691934108734,-0.05393610894680023,-0.2890274226665497,-0.05165399610996246,-0.038932666182518005,-0.4798911511898041,-0.5663130283355713,-0.5626884698867798,0.040708720684051514,0.09670574963092804,0.0031693577766418457,0.7837854027748108,-0.5792979598045349,1.0664304494857788,3.358518362045288,4.104682922363281,3.035175323486328,2.684779644012451,4.211528778076172,6.898618698120117,8.384669303894043,6.601068019866943,1.3812687397003174
0.0126953125,0.17330330610275269,0.180721253156662,0.15534716844558716,0.3603785037994385,0.4228094816207886,0.37731096148490906,0.06722748279571533,0.45163494348526,0.24047937989234924,0.371972918510437,0.28397130966186523,0.5060503482818604,0.3261258900165558,-0.3284856379032135,0.19675101339817047,0.25778651237487793,0.7942146062850952,1.2839195728302002,0.8779224157333374,1.7408576011657715,0.8027543425559998,-1.5842957496643066,-3.1190104484558105,-3.336101770401001,-3.443913459777832,-3.1019771099090576,-4.1558051109313965,-0.6415000557899475
0.036376953125,-0.011842228472232819,0.1715620756149292,-0.027584046125411987,-0.18598048388957977,0.2999904751777649,0.3655022978782654,-0.06585955619812012,-0.14827333390712738,0.060683295130729675,-0.42342936992645264,-0.31734055280685425,-0.21939930319786072,0.12825442850589752,0.04847493767738342,-0.3309635818004608,0.06711983680725098,0.5937200784683228,-0.21565520763397217,-0.47331297397613525,-0.997995138168335,1.1004936695098877,0.9262838363647461,1.3476008176803589,1.8855100870132446,0.8792717456817627,7.333571910858154,6.517710208892822,0.9769912362098694
0.0263671875,-0.14581042528152466,-0.2846837043762207,-0.28520697355270386,-0.2413071095943451,0.00309126079082489,-0.20850235223770142,0.31054797768592834,0.26313453912734985,0.370386004447937,0.5605084896087646,0.3205292522907257,-0.2338726669549942,-0.3067130446434021,0.01907181739807129,0.2782462537288666,0.3263644576072693,-1.381010890007019,-0.9030055999755859,-3.436882495880127,-4.954051971435547,-6.272540092468262,-9.033746719360352,-8.201433181762695,-9.437641143798828,-7.7469987869262695,-7.8626251220703125,-8.682596206665039,-1.5575218200683594
-0.0294189453125,0.16114944219589233,0.08743274211883545,0.118785060942173,0.5129420161247253,0.2568739652633667,0.5086801052093506,-0.13753610849380493,-0.05726444721221924,-0.03483029454946518,-0.12195616215467453,0.10704554617404938,-0.8786268830299377,-0.6654506921768188,-0.5363143086433411,-1.1557762622833252,-0.3586541712284088,-0.3483204245567322,0.4794950485229492,-2.5446858406066895,-2.780392646789551,-0.8237028121948242,-3.079240322113037,-1.122444748878479,0.34007585048675537,-2.8099470138549805,-1.0381054878234863,-1.7937995195388794,-0.48116329312324524
-0.026611328125,-0.0153493732213974,0.22478877007961273,0.12082880735397339,-0.047712549567222595,-0.048595309257507324,0.12251682579517365,-0.27659279108047485,-0.3764278292655945,-0.314270555973053,0.2730858325958252,1.0363231897354126,0.8744792342185974,0.8870440721511841,1.2726491689682007,0.8008484840393066,0.14790421724319458,0.5054895877838135,0.4861394166946411,0.820593535900116,-1.051055908203125,-2.8122215270996094,2.4586100578308105,1.0564634799957275,1.3287787437438965,1.7572417259216309,2.420905113220215,11.227737426757812,3.5062203407287598
-0.02734375,0.004570856690406799,-0.11649574339389801,-0.032737523317337036,0.20008008182048798,0.14582587778568268,0.15622475743293762,-0.11953245103359222,-0.09838931262493134,0.33999937772750854,0.345197856426239,-0.1287195384502411,0.3299785256385803,0.5217269659042358,0.5506187677383423,0.8633506298065186,1.4681965112686157,1.6787748336791992,1.5054950714111328,0.4888676404953003,2.048732042312622,3.1302459239959717,0.8395862579345703,1.1513779163360596,1.10894775390625,-3.1443662643432617,-3.781085968017578,-8.322315216064453,-1.9060418605804443
-0.00457763671875,0.001230856403708458,-0.0213465616106987,0.2380421757698059,0.39951640367507935,0.29757800698280334,0.03685472905635834,-0.3898386061191559,-0.2761399745941162,0.4230257272720337,0.15622438490390778,0.39273208379745483,-0.024284645915031433,-0.030528143048286438,-0.7742738723754883,-0.5349640250205994,-0.6580420732498169,-0.7807972431182861,-0.10686349868774414,0.5326249003410339,-0.0713910460472107,-2.782991886138916,-0.6501650810241699,3.443110466003418,1.9991567134857178,2.9037046432495117,5.2072272300720215,6.262720584869385,2.051082134246826
-0.0093994140625,0.010416343808174133,0.05312814563512802,-0.002314522862434387,0.08926659822463989,-0.11319883167743683,-0.5784865021705627,-0.19338196516036987,0.015203922986984253,0.08881479501724243,-0.16143637895584106,-0.1716850996017456,-0.31187716126441956,0.20030170679092407,0.13918668031692505,0.791797935962677,1.221863031387329,0.434279203414917,-0.6703985929489136,-1.6077067852020264,-2.1625585556030273,-3.048771381378174,-1.9754704236984253,-1.4112133979797363,2.288435459136963,4.816257953643799,3.930953025817871,3.0335988998413086,-0.05733095481991768
-0.0458984375,-0.025572076439857483,0.0055859386920928955,-0.18354284763336182,-0.05660717934370041,0.160075843334198,-0.18023675680160522,-0.363984614610672,-0.773120641708374,-0.520865797996521,-0.4925386905670166,-0.5597280263900757,-0.29750293493270874,-0.38784706592559814,-0.20376630127429962,-0.34622281789779663,-0.039949655532836914,-0.3965108394622803,0.07977427542209625,-0.3139335513114929,2.391970157623291,4.019171237945557,-0.33585166931152344,-2.55859112739563,-5.125012397766113,-5.662997245788574,-0.9001650810241699,2.768251895904541,0.9178824424743652
-0.01434326171875,-0.10349509119987488,-0.01870018057525158,-0.06515435874462128,-0.008741803467273712,-0.1235181987285614,-0.37149369716644287,0.18122878670692444,0.07320968806743622,0.26340556144714355,0.06551554799079895,-0.09822933375835419,0.17536431550979614,-0.17346806824207306,0.2833881974220276,-0.23756462335586548,-0.15493786334991455,-0.40862053632736206,-0.7209941744804382,-1.886683702468872,-3.8116841316223145,-6.95347785949707,-6.9584641456604,-8.353041648864746,-8.045062065124512,-9.949305534362793,-13.081498146057129,-11.90771770477295,-2.7346975803375244
-0.0301513671875,-0.16308771073818207,-0.07586181163787842,-0.03291372209787369,-0.07538745552301407,-0.34599876403808594,-0.2685878276824951,-0.0033148229122161865,0.34152546525001526,0.5115869045257568,0.1278618574142456,0.3312464952468872,0.1778058111667633,0.18732501566410065,0.5010096430778503,0.10116977989673615,0.9268354773521423,-0.286660760641098,-2.3055639266967773,0.1989039182662964,2.2892684936523438,0.8334918022155762,0.05001860857009888,2.071075916290283,3.258427858352661,4.633740425109863,1.3925297260284424,-1.0192697048187256,-0.6569543480873108
-0.0052490234375,-0.30206534266471863,-0.12928706407546997,-0.19041851162910461,-0.20043766498565674,-0.20075827836990356,-0.2170712798833847,-0.2809184491634369,0.11230146884918213,-0.12170404940843582,-0.0881909728050232,-0.06780874729156494,-0.195007786154747,0.4302119314670563,-0.03513610363006592,0.4977821707725525,1.2785966396331787,1.701246976852417,3.2954492568969727,4.0253095626831055,3.959620237350464,5.694401741027832,2.2144107818603516,2.7581357955932617,2.8915281295776367,4.296098709106445,7.7956695556640625,5.9351911544799805,1.2011985778808594
0.009765625,0.0559963621199131,0.25791287422180176,0.03768014907836914,0.41550713777542114,0.19342505931854248,0.16824808716773987,0.16205474734306335,0.003325551748275757,0.1449775993824005,0.06343945860862732,-0.19444790482521057,-0.8064449429512024,-0.24022692441940308,0.13960328698158264,0.009795665740966797,-0.22104978561401367,-0.03544896841049194,-0.3109893798828125,-0.6826508045196533,0.9221273064613342,0.4888644814491272,-0.349428653717041,-0.5173393487930298,0.8457556366920471,0.8107464909553528,1.0257514715194702,2.6167988777160645,0.9102263450622559
-0.06396484375,0.07366273552179337,0.060906026512384415,-0.05728548765182495,0.5039520859718323,0.6376713514328003,0.2953754961490631,0.2583030164241791,0.25967177748680115,0.5698304176330566,0.3464287221431732,0.32478591799736023,0.16231778264045715,-0.0894993245601654,-0.4015622138977051,-0.768480658531189,-0.713350236415863,-1.397653579711914,-1.8584644794464111,-4.814417839050293,-5.948798179626465,-5.33537483215332,-8.207137107849121,-10.913163185119629,-12.406820297241211,-16.669979095458984,-18.086166381835938,-15.672843933105469,-2.6711056232452393
-0.00885009765625,-0.02692825347185135,-0.06398098170757294,0.1161230206489563,-0.130227193236351,-0.03675460070371628,-0.1366083025932312,0.049106888473033905,-0.13885241746902466,-0.1448487788438797,0.4699046015739441,0.3628178834915161,0.22218520939350128,0.19320204854011536,0.1787969172000885,0.2530159652233124,-0.03299121558666229,0.7727262377738953,-0.8989380598068237,1.2319259643554688,0.6844261288642883,3.7616846561431885,-0.3506960868835449,-4.350142002105713,-3.2179925441741943,-5.683110237121582,-7.012847900390625,-10.905923843383789,-1.964042067527771
0.0084228515625,-0.17062810063362122,-0.38396313786506653,-0.2135511040687561,-0.29106196761131287,-0.1907431036233902,0.020146414637565613,0.053901344537734985,-0.11150406301021576,-0.5879087448120117,-1.045898199081421,-0.8986413478851318,-0.5822681784629822,-0.16221368312835693,0.004175931215286255,-0.39481669664382935,-0.11337587237358093,-1.0219711065292358,-1.0282227993011475,-1.709804654121399,-3.047943115234375,-3.279937744140625,-7.477555751800537,-8.57642650604248,-9.479657173156738,-8.250556945800781,-11.524261474609375,-10.047505378723145,-1.5967607498168945
-0.019775390625,-0.029166607186198235,0.25190553069114685,0.13515904545783997,-0.35921818017959595,-0.19851231575012207,-0.22199708223342896,0.2295830398797989,-0.19683837890625,0.038727134466171265,-0.018669217824935913,0.12920218706130981,-0.5606594085693359,-0.05023670196533203,-0.5713282823562622,-0.3457053303718567,0.3576318025588989,-0.2175409197807312,-0.4312443137168884,-0.969240665435791,0.658859133720398,-1.5282130241394043,-3.7864508628845215,-6.890727519989014,-6.353684902191162,-9.726707458496094,-7.793774604797363,-7.116247177124023,-1.3044427633285522
0.054931640625,0.10257770121097565,0.08216021955013275,0.10950173437595367,-0.26307398080825806,-0.14522750675678253,-0.2993716597557068,-0.4579867422580719,-0.5403306484222412,-0.4246782660484314,-0.23050300776958466,0.35756170749664307,-0.3674689829349518,0.1497499793767929,-0.20856770873069763,-0.4767615795135498,-0.10143232345581055,-0.2407386302947998,-0.05035713315010071,-0.2506054639816284,1.2810344696044922,-0.0802452564239502,2.6002163887023926,-0.0387958288192749,-1.053680419921875,1.3843872547149658,-2.976430892944336,-2.5572457313537598,0.07372211664915085
0.0206298828125,0.15216687321662903,0.17555853724479675,0.08605258166790009,-0.1974773108959198,0.010363012552261353,-0.2130712866783142,0.010673828423023224,-0.11405220627784729,-0.5982338190078735,-0.2469552755355835,0.6233787536621094,0.8512632846832275,-0.03730428218841553,0.3207020163536072,0.5306340456008911,0.3308534324169159,0.10571840405464172,0.4797855317592621,0.4202069640159607,-0.2790040075778961,0.0998462438583374,-0.2853640019893646,-1.7947067022323608,-0.8907747268676758,-0.19106793403625488,0.48778724670410156,3.633460521697998,1.523335337638855
0.0185546875,-0.1150766909122467,-0.1898994892835617,-0.31309986114501953,-0.724679172039032,-0.4966951310634613,-1.07951819896698,-0.8174712657928467,-0.9900026321411133,-0.9165147542953491,-0.687636137008667,-0.7489014267921448,-0.12397176027297974,-0.42181146144866943,-0.7936872243881226,-0.903852105140686,-0.7839718461036682,-0.5852033495903015,-0.28851592540740967,-0.3333038091659546,-1.0886138677597046,2.4851698875427246,3.417224407196045,6.092982292175293,9.907081604003906,12.320403099060059,16.0556640625,16.53464698791504,3.727778911590576
0.01483154296875,0.15586140751838684,-0.10916440188884735,0.2577745318412781,0.09625798463821411,-0.10196897387504578,0.1538194715976715,0.4476391673088074,0.4631202518939972,0.24169111251831055,0.6281597018241882,0.6016395092010498,0.41727837920188904,-0.3854905962944031,-0.6648273468017578,0.021256014704704285,-0.02261953055858612,-0.4338201880455017,-0.774101972579956,-2.1874592304229736,-2.866412401199341,-3.992978096008301,-3.365309238433838,-3.898298740386963,-3.513392686843872,-7.388147354125977,-9.516887664794922,-9.184776306152344,-2.4434962272644043
-0.0263671875,-0.18538714945316315,-0.253086119890213,-0.1868438422679901,-0.4194260835647583,-0.05558520555496216,-0.3485244810581207,0.02172805368900299,0.006771102547645569,-0.2945076525211334,-0.15104416012763977,-0.0017087608575820923,-0.23857812583446503,-0.36227238178253174,-1.077364444732666,-0.9031147956848145,-1.2084521055221558,-0.8754538297653198,0.41067367792129517,-2.898972749710083,-4.240617752075195,-3.85910701751709,-0.7855589389801025,-1.9491028785705566,-4.753537178039551,-4.930804252624512,-8.222677230834961,-10.16245174407959,-2.4927287101745605
-0.034912109375,-0.087051622569561,-0.1007697582244873,-0.09011121094226837,-0.0654325783252716,0.04495921730995178,0.2913166284561157,0.08262206614017487,0.22084370255470276,0.2533004879951477,-0.039247721433639526,0.2548670768737793,0.5904520153999329,0.04627805948257446,0.4852063059806824,0.4085542857646942,-0.1158331036567688,0.24224531650543213,1.145598292350769,0.9704536199569702,1.5300440788269043,-0.31807267665863037,1.0691027641296387,-1.813218593597412,-0.4549053907394409,-2.2590413093566895,-6.931155681610107,-4.9423136711120605,0.07923673093318939
-0.026611328125,-0.09796134382486343,-0.3049381971359253,-0.04506850242614746,-0.24890826642513275,0.26679062843322754,0.10605868697166443,0.07844328880310059,0.40338224172592163,0.666832447052002,0.6440792679786682,0.3977743685245514,0.5437076091766357,0.43519023060798645,0.2555530369281769,0.6424238681793213,0.6529316902160645,0.4289393126964569,-0.318400114774704,-0.6789487600326538,-0.16599732637405396,-0.5344250202178955,0.5984920263290405,1.1286261081695557,1.4537907838821411,-0.9772602319717407,-2.976437568664551,-4.60892915725708,0.1273864507675171
0.010498046875,0.07965794205665588,0.07022051513195038,0.15123383700847626,0.12964461743831635,0.28804993629455566,0.5105361342430115,0.4253070056438446,0.2466241419315338,0.24492153525352478,0.4386877715587616,0.14375779032707214,0.9195306301116943,0.7833465337753296,0.6186193227767944,0.7641869187355042,1.2310154438018799,0.5903999209403992,-0.4532184302806854,0.904130220413208,3.148904323577881,7.253206253051758,10.107550621032715,9.598342895507812,9.073983192443848,6.618721961975098,9.446380615234375,9.827637672424316,2.086669445037842
-0.0140380859375,-0.20173236727714539,-0.03870847076177597,-0.07239436358213425,-0.12367726862430573,-0.06551940739154816,-0.003596857190132141,0.5259243249893188,-0.3083593547344208,-1.06834876537323,-0.6030935645103455,-0.22630679607391357,0.1977693736553192,0.3357051610946655,-0.4527387022972107,-0.21057458221912384,-0.6674010157585144,-0.42331236600875854,-1.1129074096679688,-2.661761522293091,-6.7884016036987305,-6.4641828536987305,-4.193442344665527,1.382430076599121,-0.11428320407867432,-0.12759613990783691,2.7750165462493896,3.4496469497680664,0.4355958104133606
0.000946044921875,0.15427221357822418,0.02202320098876953,-0.03886886313557625,0.0825141966342926,-0.08164346218109131,-0.34621554613113403,-0.2679120898246765,0.08198697865009308,-0.2803865075111389,0.08557133376598358,0.06352241337299347,0.3887088894844055,0.05480551719665527,-0.26713109016418457,-0.749392032623291,-0.6458163261413574,-1.4535627365112305,-1.1416971683502197,-1.3763638734817505,-0.6888836622238159,-2.420189619064331,-3.7597484588623047,-2.7039899826049805,-4.532382011413574,-3.0253419876098633,0.18335938453674316,0.966825008392334,1.7056835889816284
0.002532958984375,-0.08694944530725479,-0.1836739182472229,0.1131630539894104,0.00042335689067840576,-0.007395781576633453,0.40401116013526917,0.35172033309936523,-0.16101834177970886,0.17556175589561462,0.2793104946613312,0.23875924944877625,-0.04982689023017883,-0.3055418133735657,-0.5361787676811218,-0.09459125995635986,-0.8548893928527832,-1.0044777393341064,-1.2006371021270752,-2.0891497135162354,-2.3795676231384277,-0.5496071577072144,0.6690362095832825,-0.5203365087509155,2.3662962913513184,3.3449959754943848,4.501599311828613,7.343680381774902,1.6405900716781616
0.00015163421630859375,0.12327288091182709,0.06646008789539337,0.2688567042350769,-0.009983062744140625,0.03096376359462738,0.15378132462501526,0.037853941321372986,0.31533345580101013,0.30896294116973877,0.39672642946243286,0.11273329704999924,0.4082850217819214,0.1976715326309204,0.5540957450866699,-0.26041314005851746,0.8586087226867676,0.6862455606460571,3.0567007064819336,1.6495263576507568,1.6312463283538818,1.581537127494812,-1.3792511224746704,0.7018699645996094,1.7011687755584717,3.2182741165161133,5.450461387634277,8.088248252868652,2.7989532947540283
0.0186767578125,0.07512525469064713,0.033130861818790436,-0.09815552085638046,-0.25359290838241577,-0.3118993043899536,0.18695752322673798,0.09584103524684906,0.23846638202667236,-0.370761513710022,0.2200610339641571,0.1324218511581421,0.3420802056789398,0.36162853240966797,0.2534874379634857,0.17977279424667358,0.21510323882102966,0.5560169219970703,-0.9949674010276794,-4.145596504211426,-3.055223226547241,-2.3626136779785156,-1.812207579612732,-2.7345094680786133,-0.7272553443908691,-0.9887740612030029,2.3139805793762207,3.46382999420166,0.7917889356613159
-0.0255126953125,0.023402780294418335,0.09962363541126251,-0.2008340209722519,-0.4167407155036926,-0.21308916807174683,-0.35950762033462524,-0.8748419880867004,-1.1707245111465454,-0.671083927154541,-0.83111572265625,-1.3174482583999634,-0.29340648651123047,-0.17210520803928375,0.43531179428100586,-0.27312278747558594,0.2043420374393463,0.5415711402893066,0.633556067943573,3.0378708839416504,0.9632272720336914,2.1941306591033936,-1.0382895469665527,-0.5817525386810303,-1.8174445629119873,-2.046748161315918,1.6703369617462158,-2.7277629375457764,-1.0530349016189575
0.0040283203125,-0.02057136595249176,-0.16533514857292175,-0.41935640573501587,-0.11846405267715454,-0.054028913378715515,0.06615793704986572,0.12364709377288818,0.10762940347194672,0.2597920000553131,-0.25709912180900574,-0.15896788239479065,-0.8365734815597534,-1.129044771194458,-0.8854776620864868,-0.9905121326446533,-0.6589069962501526,-1.2479051351547241,-1.2269811630249023,-1.7905395030975342,-3.293804168701172,-3.586513042449951,-1.1611406803131104,1.6375436782836914,-1.2882529497146606,-1.5036718845367432,2.5951039791107178,1.472386121749878,0.33610349893569946
0.001190185546875,0.17655524611473083,0.0911516398191452,0.25256651639938354,-0.09960363805294037,0.1356358528137207,-0.05367812514305115,-0.3411317467689514,0.15895092487335205,-0.19154325127601624,0.32219380140304565,0.4264463782310486,0.009260360151529312,0.2397741824388504,0.16667693853378296,-0.11855334043502808,-0.8171166181564331,-0.9082531929016113,-0.8226625919342041,0.8853073120117188,-0.027488410472869873,0.43465322256088257,-1.3642690181732178,-1.0208172798156738,1.734492301940918,-0.7812668085098267,-0.5636283755302429,0.6190094351768494,-0.34673961997032166
-0.031494140625,0.08093087375164032,0.2533183693885803,0.23341140151023865,0.3809261918067932,0.5297343730926514,0.18260347843170166,0.2441590130329132,-0.09610387682914734,0.2171233594417572,0.571047842502594,0.646612286567688,1.3112374544143677,0.8539358973503113,0.8969757556915283,0.8564029932022095,0.003336608409881592,1.6111055612564087,0.039995789527893066,0.0985364317893982,2.417839527130127,4.636406421661377,4.210727214813232,3.2929511070251465,4.454978942871094,2.745419979095459,3.4374399185180664,5.896032333374023,2.505100727081299
0.0133056640625,-0.11882319301366806,-0.23865969479084015,-0.11844611167907715,-0.18598856031894684,0.19641131162643433,-0.06668290495872498,0.2823069095611572,0.37876632809638977,0.42370933294296265,0.08462607860565186,0.7096273899078369,1.4760866165161133,1.6157585382461548,1.4932339191436768,1.5770196914672852,1.9911060333251953,1.8649479150772095,3.1215784549713135,2.851231575012207,0.7304363250732422,0.47649770975112915,-0.6053872108459473,-2.739199638366699,-1.1076961755752563,1.2740132808685303,1.260828971862793,-2.9657998085021973,1.0600569248199463
0.052001953125,-0.05425278842449188,0.043895695358514786,-0.3600733280181885,-0.2643747329711914,-0.3909553289413452,-0.5388650894165039,-0.39490753412246704,-1.1140148639678955,-0.7011301517486572,-0.9836106300354004,-0.8139253258705139,-0.17399205267429352,-0.4658204913139343,-0.3478795886039734,0.2894742488861084,-0.207977756857872,-1.1868809461593628,-1.330397367477417,-1.3024322986602783,1.0244905948638916,-1.3358750343322754,0.7327275276184082,-1.1725482940673828,-1.6600673198699951,-3.190063238143921,-6.320166110992432,-6.178040027618408,-3.084536075592041
0.0181884765625,0.18212175369262695,0.19148902595043182,0.1830926090478897,0.3238351047039032,0.002248242497444153,-0.12226946651935577,-0.03907023370265961,0.04567469656467438,0.08996574580669403,0.6121323108673096,0.2725364565849304,-0.20978055894374847,0.004925578832626343,0.22793757915496826,0.6817751526832581,0.035384535789489746,-0.09733760356903076,-2.543133020401001,-0.1345611810684204,-2.395123243331909,-4.505893707275391,-10.579999923706055,-7.899927139282227,-6.174671173095703,-5.140941619873047,-2.76552677154541,-5.795187950134277,-0.2744812071323395
0.0078125,-0.048055633902549744,-0.20065505802631378,-0.37334221601486206,-0.5381099581718445,-0.2740524411201477,-0.08550478518009186,-0.08387987315654755,0.2364402860403061,0.21415047347545624,0.5621588826179504,0.7706551551818848,0.8497375845909119,0.24035167694091797,-0.3160814046859741,-0.2072005271911621,-0.6368472576141357,-1.0651099681854248,-1.6493961811065674,-4.1613054275512695,-1.4668569564819336,-4.067800521850586,-4.841624736785889,-5.604718208312988,-7.491983413696289,-7.622207164764404,-11.676490783691406,-14.529435157775879,-3.180617570877075
-0.0191650390625,-0.044176630675792694,0.05889320746064186,-0.0658264309167862,0.3642394542694092,-0.15936896204948425,-0.22580179572105408,0.14988964796066284,0.5384858846664429,0.608686089515686,0.26851874589920044,0.05170375108718872,0.058310434222221375,-0.32760077714920044,0.03165203332901001,-0.03523522615432739,-0.513098955154419,-0.5105516314506531,-0.793965756893158,-0.023910492658615112,2.777114152908325,2.4588093757629395,-1.6140339374542236,-2.0898547172546387,-6.7751145362854,-10.882984161376953,-13.706501960754395,-12.291473388671875,-3.736269474029541
0.01318359375,-0.07044361531734467,-0.09589594602584839,0.09365770220756531,-0.020187504589557648,-0.10606943070888519,-0.08747667074203491,0.0635823905467987,-0.4074572026729584,-1.0612893104553223,-0.6177480816841125,-0.2899427115917206,-0.4014146625995636,-0.7451738119125366,-0.8686034679412842,-1.2086782455444336,-0.6177173852920532,-1.0799963474273682,-0.5971308350563049,0.30420246720314026,1.5765753984451294,-0.9008018970489502,-7.299323081970215,-7.627928733825684,-10.258516311645508,-13.938675880432129,-13.313813209533691,-12.972334861755371,-2.631505012512207
0.02001953125,0.03013654053211212,0.11889289319515228,0.08118318021297455,0.17072793841362,0.119418203830719,0.017243478447198868,0.10264455527067184,-0.04148397594690323,-0.15283802151679993,0.12994182109832764,-0.39502787590026855,0.6035358905792236,0.2405182123184204,0.32273709774017334,-0.05205392837524414,-0.32779139280319214,-0.23674261569976807,-1.4179586172103882,-3.609041213989258,-2.4072673320770264,-7.185539245605469,-6.950601577758789,-7.729024410247803,-7.263576984405518,-8.344550132751465,-9.813270568847656,-6.494097709655762,-1.9289937019348145
-0.0019989013671875,0.21992233395576477,0.35038459300994873,0.31305548548698425,0.46476835012435913,0.38547027111053467,0.5673955082893372,0.21751946210861206,-0.3207663893699646,-0.33083510398864746,-0.3529073894023895,-0.7137812376022339,-0.15403813123703003,0.0437065064907074,-0.4596889913082123,-0.5343021154403687,-0.4062613248825073,0.07252061367034912,0.09966045618057251,-3.4753549098968506,-0.01021265983581543,3.2725038528442383,3.6326515674591064,6.770703315734863,6.442333221435547,8.947453498840332,7.679095268249512,6.56252384185791,1.0113590955734253
-0.001678466796875,0.009990818798542023,0.16019156575202942,-0.27066469192504883,-0.282382071018219,-0.021827667951583862,0.3143503665924072,-0.39175722002983093,-0.14045539498329163,0.16889198124408722,-0.11730092018842697,0.19045498967170715,0.08235286176204681,0.12418900430202484,0.6847046613693237,0.7206636071205139,1.0666996240615845,1.514836311340332,1.5403162240982056,-0.14201489090919495,1.2821053266525269,3.301551580429077,6.88076114654541,6.608656883239746,7.148677825927734,4.591274261474609,3.486574649810791,2.4620187282562256,0.48574337363243103
0.016357421875,-0.1781410574913025,-0.16578391194343567,0.18404445052146912,0.0280415341258049,-0.23067207634449005,-0.22169600427150726,-0.5970090627670288,-0.6491248607635498,-0.6223723292350769,-0.5263820290565491,-0.3880730867385864,-0.5108492970466614,-0.24516542255878448,0.4695245027542114,1.0335237979888916,1.3119758367538452,1.4891420602798462,0.5257842540740967,-1.178999423980713,0.7084999084472656,2.306133270263672,1.8965814113616943,1.4014086723327637,3.2407169342041016,3.7741403579711914,4.946690082550049,6.9846649169921875,1.6976065635681152
-0.01556396484375,-0.15568988025188446,-0.2796073853969574,-0.2280639410018921,-0.19833770394325256,-0.28424471616744995,-0.19781477749347687,-0.5852293968200684,-0.6533721685409546,-0.668738842010498,-0.730265736579895,-0.2264990210533142,-0.4317881464958191,-0.31189626455307007,-0.5219594240188599,-0.1592831015586853,-0.6187068223953247,0.3613663911819458,1.249485731124878,1.234951376914978,1.5126538276672363,0.9966205358505249,3.8446381092071533,5.696850776672363,5.934252738952637,7.586708068847656,7.806000709533691,9.42676067352295,2.3826534748077393
-0.014892578125,-0.07911407947540283,-0.12202657759189606,0.004408016800880432,-0.1678120642900467,-0.3069138526916504,-0.1997632086277008,-0.052803754806518555,0.34869489073753357,0.11104708909988403,-0.44736889004707336,-0.25732842087745667,0.20705777406692505,0.6460031867027283,0.43745070695877075,0.9141459465026855,1.4108330011367798,1.7385859489440918,1.994165301322937,0.9224941730499268,2.123692512512207,1.9432849884033203,0.38741540908813477,-0.7648481130599976,-3.9430723190307617,-2.032682418823242,-3.8284969329833984,-9.915252685546875,-1.2054005861282349
-0.04931640625,-0.0167594812810421,0.03426997363567352,0.15628482401371002,-0.07508204877376556,-0.3227860927581787,-0.4114953279495239,0.24052810668945312,0.3032599687576294,0.16826754808425903,0.16580386459827423,0.07570198178291321,0.11582968384027481,-0.04563969373703003,-0.46707069873809814,0.24747395515441895,-0.4968148469924927,0.02140676975250244,1.2380681037902832,1.6929346323013306,3.2987594604492188,0.2763328552246094,-1.0855339765548706,-2.3133087158203125,-5.179795742034912,-6.619420051574707,-3.2443509101867676,-4.604128837585449,-1.5524413585662842
-0.0029449462890625,0.04981847107410431,-0.06173667311668396,0.06432724744081497,-0.43009382486343384,0.11479632556438446,0.18660354614257812,0.05061263591051102,0.08866159617900848,-0.23399369418621063,0.16859030723571777,0.5639851093292236,0.018650725483894348,-0.10324756801128387,-0.04950949549674988,-0.4451710283756256,0.13223117589950562,0.24353626370429993,1.1566741466522217,1.9935407638549805,3.6903820037841797,5.17399263381958,3.422260284423828,3.4103949069976807,2.1987547874450684,2.552953004837036,1.7808374166488647,1.3169448375701904,0.2359219342470169
-0.0380859375,-0.09710977971553802,-0.23286031186580658,-0.31101101636886597,-0.11409494280815125,-0.4814267158508301,-0.7534216046333313,-0.40556445717811584,-1.0491987466812134,-0.688567042350769,-0.7249758243560791,-0.08618879318237305,-0.9406390190124512,-0.39396005868911743,-0.3228767514228821,-0.11276715993881226,-0.3669165074825287,-0.2956331968307495,-0.9636937975883484,-0.8336138725280762,1.3185791969299316,3.303711414337158,0.2896556854248047,-0.5065903067588806,-2.725778579711914,-5.445837497711182,-4.985520362854004,-4.547886371612549,-0.07657568156719208
0.015869140625,0.1800387054681778,0.20624980330467224,0.056335099041461945,-0.20126405358314514,-0.0641714334487915,-0.0871758833527565,0.24223217368125916,0.5434178709983826,0.288319855928421,0.08099585771560669,0.10702373087406158,0.46866440773010254,0.032646775245666504,0.8934829831123352,0.7668248414993286,0.8665704727172852,0.00807499885559082,-0.6302613019943237,-1.1627798080444336,-1.174668550491333,-0.07741546630859375,-1.5394408702850342,0.4490543007850647,0.8457264304161072,-1.9420360326766968,0.4646627902984619,-0.5858293771743774,0.5830864906311035
-0.0306396484375,-0.004262592643499374,0.0228350181132555,-0.08094394952058792,-0.17139193415641785,-0.20017197728157043,0.06972374022006989,0.3140561580657959,0.3573203980922699,0.3459712862968445,0.7377450466156006,0.31413164734840393,0.2647589147090912,0.4575181007385254,0.8609384298324585,0.6274757981300354,0.9039133787155151,0.08956968784332275,0.5513415336608887,-1.0370392799377441,-0.5318810939788818,0.36394646763801575,1.9958899021148682,-0.9148219227790833,-0.9143007397651672,-2.38102388381958,-0.4001772403717041,-1.2579185962677002,-0.4040955901145935
0.045654296875,-0.2793307900428772,-0.06253264844417572,0.3527388572692871,0.492347776889801,0.22796249389648438,0.25874823331832886,-0.25992298126220703,-0.19389459490776062,-0.2701861262321472,0.30792906880378723,-0.03164792060852051,0.3197953999042511,0.11656638979911804,0.23366619646549225,-0.16705481708049774,-0.4256526827812195,-0.11804847419261932,-2.4636995792388916,-2.752817153930664,-3.232865571975708,-5.031301498413086,-6.2085981369018555,-5.371920585632324,-3.657104253768921,-3.2265844345092773,-1.6657676696777344,2.73349666595459,1.4285202026367188
-0.0238037109375,0.05739350616931915,0.2751373052597046,0.2817523777484894,0.028690844774246216,-0.04804380238056183,0.1162811666727066,0.2842866778373718,0.21710246801376343,0.6765188574790955,0.31155186891555786,1.0073330402374268,1.171278715133667,0.8960515260696411,0.5348097085952759,0.7608360052108765,1.356840968132019,1.7371041774749756,1.2600069046020508,0.8650211095809937,0.837211549282074,-1.3119087219238281,-3.3247222900390625,-2.145866632461548,-0.6375479698181152,-0.38009679317474365,2.1915125846862793,2.3575174808502197,1.5554603338241577
0.01318359375,0.05594887584447861,0.0712110847234726,-0.09561585634946823,-0.1718350499868393,-0.35311588644981384,0.2616671919822693,-0.0272655189037323,0.3128639757633209,0.40075230598449707,0.3155781626701355,0.11022675037384033,-0.49689531326293945,-0.4912921190261841,-0.46736669540405273,-0.1569463014602661,0.13300222158432007,0.5697823762893677,1.0502907037734985,1.0654032230377197,0.8169597387313843,3.547957420349121,1.5407600402832031,3.7783923149108887,5.086431980133057,8.696783065795898,6.116912841796875,3.673581123352051,-0.41482654213905334
-0.040771484375,0.13795290887355804,-0.02425827831029892,0.05306091904640198,-0.18887045979499817,-0.2406609058380127,-0.009629487991333008,-0.09631097316741943,-0.2199968695640564,-0.10196717083454132,-0.12883082032203674,0.5516020059585571,-0.30390113592147827,-0.0961993932723999,-0.07691136002540588,-0.2993019223213196,-0.43810051679611206,-1.4500224590301514,-0.385063111782074,-3.224639892578125,-1.601747751235962,-3.5724611282348633,0.6777975559234619,-0.20160573720932007,-3.0242178440093994,-1.7828341722488403,-2.9689435958862305,-2.297931671142578,-0.9191997051239014
0.007110595703125,0.1703631728887558,0.10674909502267838,0.19283026456832886,0.16859161853790283,0.22139228880405426,0.013357192277908325,-0.42208248376846313,-0.14613419771194458,0.24318768084049225,0.3958982229232788,0.006469696760177612,-0.03557196259498596,0.22731748223304749,0.5134831666946411,-0.46995240449905396,-0.5393624901771545,-1.394646406173706,-2.689141273498535,-3.623699903488159,-2.743149757385254,-3.0578501224517822,2.699770450592041,-2.7573766708374023,0.6777358055114746,-2.3153350353240967,-0.5142538547515869,0.15661346912384033,-0.24323590099811554
-0.0155029296875,-0.25328168272972107,-0.12244914472103119,0.004068091511726379,-0.03265564143657684,-0.0480140745639801,-0.2097269594669342,-0.23304538428783417,-0.12230649590492249,-0.11160554736852646,-0.06443294882774353,0.1376798152923584,0.4686551094055176,1.1334223747253418,0.730219841003418,0.33268502354621887,0.588100790977478,0.5877675414085388,1.1479296684265137,1.5340490341186523,2.318347930908203,2.9157140254974365,3.916184425354004,2.2259960174560547,1.2086987495422363,0.21099209785461426,0.9455981254577637,1.1569627523422241,0.6942789554595947
-0.006378173828125,-0.2071601003408432,-0.11746656894683838,-0.1209651455283165,-0.3691326081752777,0.11224965751171112,-0.02284436672925949,-0.10558095574378967,0.13784649968147278,-0.23768335580825806,0.182183176279068,-0.030084550380706787,0.025015652179718018,-0.19849039614200592,-0.07043914496898651,0.08962392807006836,0.6276102066040039,0.23083645105361938,0.22275269031524658,0.9089046716690063,2.6991500854492188,4.150595664978027,5.54287052154541,6.971785545349121,5.506003379821777,9.693330764770508,7.83784818649292,10.77639389038086,2.4415805339813232
0.044677734375,-0.0004908237606287003,0.160650372505188,0.19028086960315704,0.2684400677680969,-0.012368801981210709,0.12392578274011612,0.0652703046798706,0.38823360204696655,0.8305662274360657,0.5278187394142151,0.5933237671852112,0.6921703219413757,0.5723361372947693,0.5006365776062012,0.08492952585220337,0.20168708264827728,0.7118369936943054,-0.2155408263206482,1.3323721885681152,3.0677871704101562,5.049919128417969,3.530182361602783,5.457626819610596,5.830114364624023,5.193129062652588,9.121068000793457,10.295939445495605,1.8786768913269043
0.04638671875,0.04060587286949158,0.016840025782585144,0.001236163079738617,0.010236255824565887,-0.004447251558303833,-0.2394576072692871,-0.4263074994087219,-0.24186035990715027,-0.019640743732452393,0.02317051589488983,0.14637130498886108,-0.20859695971012115,0.1396227478981018,0.1802544742822647,0.1865234673023224,0.4330992102622986,0.220389723777771,1.6084827184677124,3.2957396507263184,2.491783618927002,1.9334725141525269,0.23333144187927246,1.3020005226135254,2.4782276153564453,5.201305389404297,4.293490409851074,4.973475456237793,0.2588411271572113
0.039306640625,0.011935271322727203,-0.08842486143112183,-0.13106143474578857,0.14835378527641296,0.06607852131128311,0.3672904670238495,0.3576800227165222,0.594251275062561,0.27962374687194824,0.2528798580169678,0.6030446290969849,0.15047362446784973,0.3241826891899109,0.7044620513916016,-0.23715746402740479,0.8668903112411499,0.29540467262268066,1.2994072437286377,1.118282675743103,1.3463305234909058,3.319258689880371,5.440275192260742,7.284000396728516,11.275985717773438,9.905278205871582,10.96104621887207,14.330343246459961,2.6732609272003174
-0.01055908203125,-0.08700871467590332,0.20453041791915894,0.24586884677410126,0.15952196717262268,0.14036545157432556,-0.06478241086006165,-0.026315979659557343,-0.013350024819374084,-0.339813232421875,-0.5631313323974609,-0.18726187944412231,-0.1758068948984146,0.08636601269245148,0.41271406412124634,0.13743293285369873,-0.16495677828788757,-1.198784589767456,-0.42411768436431885,-1.512917160987854,-3.8200902938842773,-0.5968716144561768,-3.966641902923584,1.2576613426208496,1.9529629945755005,1.3279674053192139,2.3625881671905518,1.0921251773834229,-0.6487083435058594
0.013916015625,-0.31223762035369873,-0.21479532122612,0.016354650259017944,0.05752362683415413,0.007893409579992294,-0.0031574107706546783,-0.03601925075054169,-0.04379800707101822,0.04259885847568512,-0.6918273568153381,-0.6135914325714111,0.020504839718341827,-0.13022349774837494,-0.049641743302345276,-0.07093244791030884,-0.07045012712478638,1.0343151092529297,-0.3842419981956482,-0.35376405715942383,1.1272896528244019,0.34359800815582275,-0.6483397483825684,2.502667188644409,3.816819190979004,3.39768123626709,2.5168020725250244,2.181307315826416,0.222036674618721
0.002777099609375,0.030660118907690048,0.1194756031036377,0.027037039399147034,0.019238732755184174,-0.16072165966033936,-0.13141420483589172,-0.5167170763015747,-0.13746272027492523,-0.31663641333580017,-0.3507024049758911,-0.45217955112457275,-0.6142385601997375,-0.7188650369644165,-0.44934600591659546,0.006930291652679443,0.1455533504486084,0.5070288181304932,1.6053786277770996,1.1955785751342773,-0.8777111768722534,-1.2084829807281494,-4.669322967529297,-5.695094108581543,-4.991724014282227,-7.888467311859131,-11.390689849853516,-13.575103759765625,-3.5516326427459717
